word_id,hanzi,language,english,localized,score,eligible,reasons
823,一致,fr,consistent; unanimous; in agreement; together; in unison,unanime,0,1,"[""low_sense_coverage"", ""low_length_coverage"", ""placeholder""]"
1077,七夕,fr,"double seven festival, evening of seventh of lunar seventh month; girls' festival; Chinese Valentine's day, when Cowherd and Weaving maid 牛郎織女|牛郎织女 are allowed their annual meeting",Tanabata,0,1,"[""low_sense_coverage"", ""low_length_coverage"", ""placeholder""]"
2315,不同凡响,fr,lit. not a common chord (idiom); outstanding; brilliant; out of the common run,extraordinaire,0,1,"[""low_sense_coverage"", ""low_length_coverage"", ""placeholder""]"
2625,不测,fr,unexpected; measureless; unexpected circumstance; contingency; mishap,inattendu,0,1,"[""low_sense_coverage"", ""low_length_coverage"", ""placeholder""]"
2746,不约而同,fr,"(idiom) (of two or more people) to take the same action without prior consultation; (usu. used adverbially) all (or both) of them, independently; as if by prior agreement",A l'unanimité,0,1,"[""low_sense_coverage"", ""low_length_coverage"", ""placeholder""]"
2805,不虞,fr,unexpected; eventuality; contingency; not worry about,inattendu,0,1,"[""low_sense_coverage"", ""low_length_coverage"", ""placeholder""]"
2907,不通,fr,to be obstructed; to be blocked up; to be impassable; to make no sense; to be illogical,déraisonnable,0,1,"[""low_sense_coverage"", ""low_length_coverage"", ""placeholder""]"
3391,中国联合航空,fr,China United Airlines,China United Airlines,0,1,"[""untranslated_copy"", ""placeholder""]"
3405,中国证券报,fr,China Securities Journal,China Securities Journal,0,1,"[""untranslated_copy"", ""placeholder""]"
5192,亚利桑那,fr,Arizona,Arizona,0,0,"[""untranslated_copy"", ""placeholder""]"
5193,亚利桑那州,fr,Arizona,Arizona,0,0,"[""untranslated_copy"", ""placeholder""]"
5705,人品,fr,character; moral strength; integrity; (coll.) looks; appearance; bearing,personnage,0,1,"[""low_sense_coverage"", ""low_length_coverage"", ""placeholder""]"
5940,人迹罕至,fr,lit. men's footprints are rare (idiom); fig. off the beaten track; lonely; deserted,inaccessible,0,1,"[""low_sense_coverage"", ""low_length_coverage"", ""placeholder""]"
6093,今,fr,"now; the present time; current; contemporary; this (day, year etc)",maintenant,0,1,"[""low_sense_coverage"", ""low_length_coverage"", ""placeholder""]"
6378,代销,fr,to sell as agent; to sell on commission (e.g. insurance policies); proxy sale (of stocks),consignation,0,1,"[""low_sense_coverage"", ""low_length_coverage"", ""placeholder""]"
7246,住户,fr,household; inhabitant; householder,Ménage,0,1,"[""low_sense_coverage"", ""low_length_coverage"", ""placeholder""]"
7661,来劲,fr,(dialect) to be full of zeal; high-spirited; exhilarating; to stir sb up,passionnant,0,1,"[""low_sense_coverage"", ""low_length_coverage"", ""placeholder""]"
7770,侏儒,fr,dwarf; pygmy; small person; midget,nain,0,1,"[""low_sense_coverage"", ""low_length_coverage"", ""placeholder""]"
8359,信号,fr,signal,Signal,0,0,"[""untranslated_copy"", ""placeholder""]"
9122,偏角,fr,angle of drift (navigation); deflection (from course); angle of divergence,déclinaison,0,1,"[""low_sense_coverage"", ""low_length_coverage"", ""placeholder""]"
9369,侦察,fr,to investigate a crime; to scout; to reconnoiter; reconnaissance; detection; a scout,reconnaissance,0,1,"[""low_sense_coverage"", ""low_length_coverage"", ""placeholder""]"
9635,催生,fr,to pressure a younger relative to hurry up and have a baby; (obstetrics) to induce labor; to expedite childbirth; (fig.) to be a driving force in bringing sth into existence,donner naissance,0,1,"[""low_sense_coverage"", ""low_length_coverage"", ""placeholder""]"
9946,倾斜度,fr,inclination (from the horizontal or vertical); slope; obliquity,inclination,0,1,"[""low_sense_coverage"", ""low_length_coverage"", ""placeholder""]"
9964,倾角,fr,dip; angle of dip (inclination of a geological plane down from horizontal); tilt (inclination of ship from vertical),inclination,0,1,"[""low_sense_coverage"", ""low_length_coverage"", ""placeholder""]"
10207,优胜,fr,(of a contestant) winning; superior; excellent,gagnant,0,1,"[""low_sense_coverage"", ""low_length_coverage"", ""placeholder""]"
10366,元老院,fr,upper house; senate; senior statesmen's assembly,sénat,0,1,"[""low_sense_coverage"", ""low_length_coverage"", ""placeholder""]"
11216,内观,fr,to introspect; to examine oneself; (Buddhism) vipassana meditation (seeking insight into the true nature of reality),Vipassana,0,1,"[""low_sense_coverage"", ""low_length_coverage"", ""placeholder""]"
11279,全国性,fr,national,national,0,0,"[""untranslated_copy"", ""placeholder""]"
11923,公称,fr,nominal,Nominal,0,0,"[""untranslated_copy"", ""placeholder""]"
12021,六方,fr,hexagonal,hexagonal,0,0,"[""untranslated_copy"", ""placeholder""]"
12151,共鸣,fr,(physics) to resonate; resonance; sympathetic response,résonance,0,1,"[""low_sense_coverage"", ""low_length_coverage"", ""placeholder""]"
12574,冬蛰,fr,hibernation,hibernation,0,0,"[""untranslated_copy"", ""placeholder""]"
12936,凡俗,fr,lay (as opposed to clergy); ordinary; commonplace,banal,0,1,"[""low_sense_coverage"", ""low_length_coverage"", ""placeholder""]"
13644,分页,fr,(computing) to insert a page break; to paginate; pagination; memory paging; tab (GUI element),pagination,0,1,"[""low_sense_coverage"", ""low_length_coverage"", ""placeholder""]"
13913,初露头角,fr,lit. to first show one's horns (idiom); fig. a first show of emerging talent; first sign of emerging talent; budding genius,bourgeonnant,0,1,"[""low_sense_coverage"", ""low_length_coverage"", ""placeholder""]"
15238,加拿大,fr,Canada,Canada,0,0,"[""untranslated_copy"", ""placeholder""]"
15293,加纳,fr,Ghana,Ghana,0,0,"[""untranslated_copy"", ""placeholder""]"
15299,加航,fr,Air Canada,Air Canada,0,0,"[""untranslated_copy"", ""placeholder""]"
15582,动感,fr,sense of movement (often in a static work of art); dynamic; vivid; lifelike,Dynamique,0,1,"[""low_sense_coverage"", ""low_length_coverage"", ""placeholder""]"
15583,动感单车,fr,spin class; indoor cycling class (a type of group fitness class); exercise bike used in such a class; spin bike,cyclonage dynamique,0,1,"[""low_sense_coverage"", ""low_length_coverage"", ""placeholder""]"
15584,动态,fr,movement; motion; development; trend; dynamic (science),dynamique,0,1,"[""low_sense_coverage"", ""low_length_coverage"", ""placeholder""]"
16552,十六字诀,fr,"16-character formula, esp. Mao Zedong's mantra on guerrilla warfare: 敵進我退，敵駐我擾，敵疲我打，敵退我追|敌进我退，敌驻我扰，敌疲我打，敌退我追[di2 jin4 wo3 tui4 , di2 zhu4 wo3 rao3 , di2 pi2 wo3 da3 , di2 tui4 wo3 zhui1] when the enemy advances we retreat; when the enemy makes camp we harass; when the enemy is exhausted we fight; and when the enemy retreats we pursue",Seize personnages,0,1,"[""low_sense_coverage"", ""low_length_coverage"", ""placeholder""]"
16747,升调,fr,to promote to a higher post; (linguistics) rising intonation; (Chinese linguistics) rising tone,Tonalité montante,0,1,"[""low_sense_coverage"", ""low_length_coverage"", ""placeholder""]"
16999,协调,fr,to coordinate; to harmonize; to fit together; to match (colors etc); harmonious; concerted,coordination,0,1,"[""low_sense_coverage"", ""low_length_coverage"", ""placeholder""]"
17085,南希,fr,Nancy,Nancy,0,0,"[""untranslated_copy"", ""placeholder""]"
17197,南航,fr,China Southern Airlines,China Southern Airlines,0,1,"[""untranslated_copy"", ""placeholder""]"
17368,卜筮,fr,divination,divination,0,0,"[""untranslated_copy"", ""placeholder""]"
17874,原,fr,former; original; primary; raw; level; cause; source,Original,0,1,"[""low_sense_coverage"", ""low_length_coverage"", ""placeholder""]"
17880,原作,fr,original works; original text; original author,original,0,1,"[""low_sense_coverage"", ""low_length_coverage"", ""placeholder""]"
17899,原味,fr,authentic taste; plain cooked; natural flavor (without spices and seasonings),Original,0,1,"[""low_sense_coverage"", ""low_length_coverage"", ""placeholder""]"
17907,原始,fr,first; original; primitive; original (document etc),original,0,1,"[""low_sense_coverage"", ""low_length_coverage"", ""placeholder""]"
17944,原本,fr,originally; the original; original copy; original version,original,0,1,"[""low_sense_coverage"", ""low_length_coverage"", ""placeholder""]"
19740,合成代谢,fr,anabolism (biology); constructive metabolism (using energy to make proteins etc); assimilation,anabolisant,0,1,"[""low_sense_coverage"", ""low_length_coverage"", ""placeholder""]"
21523,品格,fr,(of a person) moral character; integrity; (of a work of art or literature) style; character; quality; (music) fret (on a stringed instrument),personnage,0,1,"[""low_sense_coverage"", ""low_length_coverage"", ""placeholder""]"
23051,唢呐,fr,"suona, Chinese shawm (oboe), used in festivals and processions or for military purposes; also written 鎖吶|锁呐; also called 喇叭[la3 ba5]",suona,0,1,"[""low_sense_coverage"", ""low_length_coverage"", ""placeholder""]"
23218,唠叨,fr,to prattle; to chatter away; to nag; garrulous; nagging,tenace,0,1,"[""low_sense_coverage"", ""low_length_coverage"", ""placeholder""]"
23476,吨位,fr,tonnage,tonnage,0,0,"[""untranslated_copy"", ""placeholder""]"
24319,国手,fr,"(sports) member of the national team; national representative; (medicine, chess etc) one of the most highly skilled practitioners in one's country",champion national,0,1,"[""low_sense_coverage"", ""low_length_coverage"", ""placeholder""]"
24337,国服,fr,national dress; traditional attire; (Internet gaming) domestic gaming server; (esp.) Chinese server (abbr. for 國內服務器|国内服务器[guo2 nei4 fu2 wu4 qi4]),service national,0,1,"[""low_sense_coverage"", ""low_length_coverage"", ""placeholder""]"
24514,国际体操联合会,fr,Fédération Internationale de Gymnastique,Fédération internationale de gymnastique,0,1,"[""untranslated_copy"", ""placeholder""]"
25254,坊间,fr,(originally) (in) the bookshops; (in modern usage) among the public; in public circulation; on the market,banal,0,1,"[""low_sense_coverage"", ""low_length_coverage"", ""placeholder""]"
26159,报纸,fr,"newspaper; newsprint; CL:份[fen4],期[qi1],張|张[zhang1]",journal,0,1,"[""low_sense_coverage"", ""low_length_coverage"", ""placeholder""]"
26169,报道,fr,"to report (news); report; CL:篇[pian1],份[fen4]",signaler,0,1,"[""low_sense_coverage"", ""low_length_coverage"", ""placeholder""]"
27318,多国,fr,multinational,Multinational,0,0,"[""untranslated_copy"", ""placeholder""]"
27440,多端,fr,multifarious; multifold; many and varied; multiport; multistation; multiterminal,multi-terminal,0,1,"[""low_sense_coverage"", ""low_length_coverage"", ""placeholder""]"
27627,伙,fr,companion; partner; group; classifier for groups of people; to combine; together,Partenaire,0,1,"[""low_sense_coverage"", ""low_length_coverage"", ""placeholder""]"
27656,大乘,fr,"Mahayana, the Great Vehicle; Buddhism based on the Mayahana sutras, as spread to Central Asia, China and beyond; also pr. [Da4 cheng2]",Mahayana,0,1,"[""low_sense_coverage"", ""low_length_coverage"", ""placeholder""]"
27992,大拿,fr,(coll.) man in power; boss; authority; expert,Dana,0,1,"[""low_sense_coverage"", ""low_length_coverage"", ""placeholder""]"
28082,大模大样,fr,boldly; ostentatiously; poised; self-assured; Taiwan pr. [da4 mo2 da4 yang4],fanfaronnade,0,1,"[""low_sense_coverage"", ""low_length_coverage"", ""placeholder""]"
30442,始料未及,fr,not expected at the outset (idiom); unforeseen; to be surprised by the turn of events,inattendu,0,1,"[""low_sense_coverage"", ""low_length_coverage"", ""placeholder""]"
31335,字,fr,letter; symbol; character; word; CL:個|个[ge4]; courtesy or style name traditionally given to males aged 20 in dynastic China,Personnage,0,1,"[""low_sense_coverage"", ""low_length_coverage"", ""placeholder""]"
31339,字典,fr,"Chinese character dictionary (containing entries for single characters, contrasted with a 詞典|词典[ci2 dian3], which has entries for words of one or more characters); (coll.) dictionary; CL:本[ben3]",dictionnaire,0,1,"[""low_sense_coverage"", ""low_length_coverage"", ""placeholder""]"
31688,学问,fr,"learning; knowledge; scholarship; a body of specialized knowledge (CL:門|门[men2]); (fig.) any activity that demands expertise, skill or experience (e.g. gathering forensic evidence, selecting clothing, managing relationships)",connaissance,0,1,"[""low_sense_coverage"", ""low_length_coverage"", ""placeholder""]"
31929,安南,fr,"Annam (Tang Dynasty protectorate located in what is now northern Vietnam); Annam (autonomous kingdom located in what is now northern Vietnam, 10th-15th century); Annam (central part of Vietnam during the French colonial period); old name for Vietnam; Annan District in Tainan 臺南|台南[Tai2 nan2], Taiwan; Kofi Annan (1938-2018), UN secretary-general 1997-2006",Annan,0,1,"[""low_sense_coverage"", ""low_length_coverage"", ""placeholder""]"
32814,家居,fr,home; residence; to stay at home (unemployed),ménage,0,1,"[""low_sense_coverage"", ""low_length_coverage"", ""placeholder""]"
32855,家用,fr,home-use; domestic; family expenses; housekeeping money,ménage,0,1,"[""low_sense_coverage"", ""low_length_coverage"", ""placeholder""]"
33269,寒酸,fr,"wretched; poverty-stricken; unpresentable (for clothing, gifts etc)",minable,0,1,"[""low_sense_coverage"", ""low_length_coverage"", ""placeholder""]"
33409,实物,fr,material object; concrete object; original object; in kind; object for practical use; definite thing; reality; matter (physics),en nature,0,1,"[""low_sense_coverage"", ""low_length_coverage"", ""placeholder""]"
34396,小区,fr,housing estate; community; neighborhood; (telecommunications) cell,communauté,0,1,"[""low_sense_coverage"", ""low_length_coverage"", ""placeholder""]"
34793,小额融资,fr,microfinance,microfinance,0,0,"[""untranslated_copy"", ""placeholder""]"
35040,就职典礼,fr,inauguration,Inauguration,0,0,"[""untranslated_copy"", ""placeholder""]"
35172,尾随,fr,to tail behind; to tag along; to follow on the heels of,traînant,0,1,"[""low_sense_coverage"", ""low_length_coverage"", ""placeholder""]"
36815,巴拿马,fr,Panama,Panama,0,0,"[""untranslated_copy"", ""placeholder""]"
37042,布基纳法索,fr,Burkina Faso,Burkina Faso,0,0,"[""untranslated_copy"", ""placeholder""]"
37547,幕府,fr,"(orig.) tents forming the offices of a commanding officer; administration of a military government; (medieval Japan) ""bakufu"", administration of the shogun",shogunat,0,1,"[""low_sense_coverage"", ""low_length_coverage"", ""placeholder""]"
39061,引流,fr,to draw off (liquid); (medicine) to perform a drainage procedure; to attract traffic online,drainage,0,1,"[""low_sense_coverage"", ""low_length_coverage"", ""placeholder""]"
41593,性格,fr,nature; disposition; temperament; character; CL:個|个[ge4],personnage,0,1,"[""low_sense_coverage"", ""low_length_coverage"", ""placeholder""]"
41620,性质,fr,nature; characteristic; CL:個|个[ge4],nature,0,1,"[""low_sense_coverage"", ""low_length_coverage"", ""placeholder""]"
42394,恶心,fr,nausea; to feel sick; disgust; nauseating; to embarrass (deliberately),nausée,0,1,"[""low_sense_coverage"", ""low_length_coverage"", ""placeholder""]"
42472,想不到,fr,unexpected; hard to imagine; it had not occurred to me; who could have thought that,inattendu,0,1,"[""low_sense_coverage"", ""low_length_coverage"", ""placeholder""]"
42499,想象力,fr,imagination,imagination,0,0,"[""untranslated_copy"", ""placeholder""]"
44465,手雷,fr,grenade,grenade,0,0,"[""untranslated_copy"", ""placeholder""]"
46728,拿大,fr,to put on airs; self-important; high and mighty,Canada,0,1,"[""low_sense_coverage"", ""low_length_coverage"", ""placeholder""]"
46849,指正,fr,to point out mistakes or weak points for correction; to comment; criticism,signaler,0,1,"[""low_sense_coverage"", ""low_length_coverage"", ""placeholder""]"
47541,排档,fr,(coll.) row of vendor stalls; street stall area; (Tw) gear shift; gear selector; transmission control (in cars or motorcycles),engrenage,0,1,"[""low_sense_coverage"", ""low_length_coverage"", ""placeholder""]"
47553,排水渠,fr,drainage,Drainage,0,0,"[""untranslated_copy"", ""placeholder""]"
47598,排错,fr,troubleshooting; debugging; to debug; erratum; to arrange in incorrect sequence,Dépannage,0,1,"[""low_sense_coverage"", ""low_length_coverage"", ""placeholder""]"
47604,排雷,fr,(military) to clear landmines; (fig.) (slang) to give people a heads-up; to warn others about bad experiences,déminage,0,1,"[""low_sense_coverage"", ""low_length_coverage"", ""placeholder""]"
47635,挂名,fr,to attach sb's name to (a role); to go by the title of; nominal; in name only,nominal,0,1,"[""low_sense_coverage"", ""low_length_coverage"", ""placeholder""]"
48202,提炼,fr,"to extract (ore, minerals etc); to refine; to purify; to process",raffinage,0,1,"[""low_sense_coverage"", ""low_length_coverage"", ""placeholder""]"
48330,扬言,fr,"to put about (a story, plan, threat etc); to let it be known (esp. of threat or malicious story); to threaten",menacé,0,1,"[""low_sense_coverage"", ""low_length_coverage"", ""placeholder""]"
48436,揭牌,fr,"to unveil the plaque for (a school, shop, stadium etc); to inaugurate; to officially open",inauguration,0,1,"[""low_sense_coverage"", ""low_length_coverage"", ""placeholder""]"
48924,摩纳哥,fr,Monaco,Monaco,0,0,"[""untranslated_copy"", ""placeholder""]"
50092,收方,fr,"receiving party; recipient; debit side (of balance sheet), as opposed to credit side 付方[fu4 fang1]",Destinataire,0,1,"[""low_sense_coverage"", ""low_length_coverage"", ""placeholder""]"
50207,改装,fr,to change one's costume; to repackage; to remodel; to refit; to modify; to convert,réaménager,0,1,"[""low_sense_coverage"", ""low_length_coverage"", ""placeholder""]"
50959,敲定,fr,to come to a decision; to fix on (a date etc); to determine; to finalize; to nail down (a deal etc),finaliser,0,1,"[""low_sense_coverage"", ""low_length_coverage"", ""placeholder""]"
51525,斗转星移,fr,lit. the Big Dipper 北斗星[Bei3 dou3 xing1] has turned and the stars have moved; time flies; also written 星移斗轉|星移斗转[xing1 yi2 Dou3 zhuan3],Étoiles tournantes,0,1,"[""low_sense_coverage"", ""low_length_coverage"", ""placeholder""]"
51963,新罗王朝,fr,"Silla, Korean kingdom 57 BC-935 AD; one of the Korean Three Kingdoms from 1st century AD, defeating its rivals Paikche 百濟|百济[Bai3 ji4] and Koguryo 高句麗|高句丽[Gao1 gou1 li2] around 660 in alliance with Tang China; unified Silla 658-935",Dynastie Silla,0,1,"[""low_sense_coverage"", ""low_length_coverage"", ""placeholder""]"
52807,昂首阔步,fr,striding forward with head high (idiom); to walk with spirited and vigorous step; to strut,fanfaronnade,0,1,"[""low_sense_coverage"", ""low_length_coverage"", ""placeholder""]"
52967,明理,fr,"sensible; reasonable; an obvious reason, truth or fact; to understand the reason or reasoning",raisonnable,0,1,"[""low_sense_coverage"", ""low_length_coverage"", ""placeholder""]"
54011,暗号,fr,secret signal; password; countersign,signal,0,1,"[""low_sense_coverage"", ""low_length_coverage"", ""placeholder""]"
55220,朗朗上口,fr,to flow right off the tongue (of lyrics or poetry); to recite with ease; catchy (of a song),entraînant,0,1,"[""low_sense_coverage"", ""low_length_coverage"", ""placeholder""]"
55320,朝觐,fr,to give audience (of emperor); retainers' duty to pay respect to sovereign; hajj (Islam),pèlerinage,0,1,"[""low_sense_coverage"", ""low_length_coverage"", ""placeholder""]"
55506,未了,fr,unfinished; outstanding (business); unfulfilled,inachevé,0,1,"[""low_sense_coverage"", ""low_length_coverage"", ""placeholder""]"
55547,未料,fr,to not anticipate; to not expect; unanticipated; unexpected,inattendu,0,1,"[""low_sense_coverage"", ""low_length_coverage"", ""placeholder""]"
55605,末篇,fr,final installment; last phase; end,final,0,1,"[""low_sense_coverage"", ""low_length_coverage"", ""placeholder""]"
55676,本性,fr,natural instincts; nature; inherent quality,nature,0,1,"[""low_sense_coverage"", ""low_length_coverage"", ""placeholder""]"
55729,本质,fr,essence; nature; innate character; intrinsic quality,Nature,0,1,"[""low_sense_coverage"", ""low_length_coverage"", ""placeholder""]"
55776,朱砂,fr,cinnabar; mercuric sulfide HgS; also written 硃砂|朱砂[zhu1 sha1],Cinabre,0,1,"[""low_sense_coverage"", ""low_length_coverage"", ""placeholder""]"
56772,枝节,fr,branches and knots; fig. side issue; minor peripheral problem,Banal,0,1,"[""low_sense_coverage"", ""low_length_coverage"", ""placeholder""]"
57929,梭子,fr,(textiles) shuttle; cartridge clip; classifier for bullet clips and bursts of gunfire,Navette,0,1,"[""low_sense_coverage"", ""low_length_coverage"", ""placeholder""]"
58475,楠,fr,Machilus nanmu; Chinese cedar; Chinese giant redwood,Nan,0,1,"[""low_sense_coverage"", ""low_length_coverage"", ""placeholder""]"
59052,标定,fr,to stake out (the boundaries of a property etc); to demarcate; (engineering etc) to calibrate,étalonnage,0,1,"[""low_sense_coverage"", ""low_length_coverage"", ""placeholder""]"
59295,橁,fr,Fraxinus bungeana,Fraxinus bungeana,0,1,"[""untranslated_copy"", ""placeholder""]"
59603,横行,fr,to go on the rampage; to riot; to run amuck,carnage,0,1,"[""low_sense_coverage"", ""low_length_coverage"", ""placeholder""]"
59606,横冲直撞,fr,"(idiom) to barge through, jostling and elbowing; to charge around; to rampage",Carnage,0,1,"[""low_sense_coverage"", ""low_length_coverage"", ""placeholder""]"
61766,民族主义,fr,"nationalism; national self-determination; principle of nationalism, the first of Dr Sun Yat-sen's 孫中山|孙中山 Three Principles of the People 三民主義|三民主义 (at the time, meaning parity between China and the great powers); racism",Nationalisme,0,1,"[""low_sense_coverage"", ""low_length_coverage"", ""placeholder""]"
62133,氰酸盐,fr,cyanate,Cyanate,0,0,"[""untranslated_copy"", ""placeholder""]"
62281,水渠,fr,canal,canal,0,0,"[""untranslated_copy"", ""placeholder""]"
62701,江南,fr,"region of China immediately south of the lower Yangtze River, including Shanghai and adjoining parts of Jiangsu, Anhui, Jiangxi and Zhejiang; see 江南省[Jiang1 nan2 Sheng3]; see 江南區|江南区[Jiang1 nan2 Qu1]",Jiangnan,0,1,"[""low_sense_coverage"", ""low_length_coverage"", ""placeholder""]"
62891,决心,fr,determination; resolution; determined; firm and resolute; to make up one's mind; CL:個|个[ge4],détermination,0,1,"[""low_sense_coverage"", ""low_length_coverage"", ""placeholder""]"
65181,海南,fr,see 海南省[Hai3 nan2 Sheng3]; see 海南島|海南岛[Hai3 nan2 Dao3]; see 海南區|海南区[Hai3 nan2 Qu1]; see 海南藏族自治州[Hai3 nan2 Zang4 zu2 Zi4 zhi4 zhou1],Haïnan,0,1,"[""low_sense_coverage"", ""low_length_coverage"", ""placeholder""]"
65204,海啸,fr,tsunami,tsunami,0,0,"[""untranslated_copy"", ""placeholder""]"
66472,清道夫,fr,(old) street cleaner; suckermouth catfish (Hypostomus plecostomus); (soccer) sweeper,charognard,0,1,"[""low_sense_coverage"", ""low_length_coverage"", ""placeholder""]"
66577,渠,fr,(artificial) stream; canal; drain; ditch (CL:條|条[tiao2]); (literary) big; great; (dialect) he; she; him; her; (old) rim of a carriage wheel; felloe,canal,0,1,"[""low_sense_coverage"", ""low_length_coverage"", ""placeholder""]"
66724,游动,fr,to move about; to go from place to place; roving; mobile,nager,0,1,"[""low_sense_coverage"", ""low_length_coverage"", ""placeholder""]"
67467,滴水石穿,fr,dripping water penetrates the stone (idiom); constant perseverance yields success; You can achieve your aim if you try hard without giving up.; Persistent effort overcomes any difficulty.,dégoulinant à travers la pierre,0,1,"[""low_sense_coverage"", ""low_length_coverage"", ""placeholder""]"
67795,漕,fr,to transport (esp. grain) by water; (literary) watercourse; canal,canal,0,1,"[""low_sense_coverage"", ""low_length_coverage"", ""placeholder""]"
68399,激,fr,to arouse; to incite; to excite; to stimulate; sharp; fierce; violent,passionnant,0,1,"[""low_sense_coverage"", ""low_length_coverage"", ""placeholder""]"
68601,滨海,fr,"Binhai (place name); Binhai New District, subprovincial district of Tianjin; Binhai county in Yancheng 鹽城|盐城[Yan2 cheng2], Jiangsu; fictitious city Binhai in political satire; Primorsky, a territory in the far east of Russia",Marina,0,1,"[""low_sense_coverage"", ""low_length_coverage"", ""placeholder""]"
69901,无为,fr,the Daoist doctrine of inaction; let things take their own course; laissez-faire,Inaction,0,1,"[""low_sense_coverage"", ""low_length_coverage"", ""placeholder""]"
71070,爆破,fr,to blow up; to demolish (using explosives); dynamite; blast,dynamitage,0,1,"[""low_sense_coverage"", ""low_length_coverage"", ""placeholder""]"
72074,狂欢,fr,party; carousal; hilarity; merriment; whoopee; to carouse,carnaval,0,1,"[""low_sense_coverage"", ""low_length_coverage"", ""placeholder""]"
72119,狐狸尾巴,fr,lit. fox's tail (idiom); visible sign of evil intentions; to reveal one's evil nature; evidence that reveals the villain,queue de renard,0,1,"[""low_sense_coverage"", ""low_length_coverage"", ""placeholder""]"
72535,独尊,fr,"to revere as sole orthodoxy; to hold supremacy (of a religion, ideology, cultural norm, social group etc); to be dominant",dominance,0,1,"[""low_sense_coverage"", ""low_length_coverage"", ""placeholder""]"
72538,独居石,fr,monazite,monazite,0,0,"[""untranslated_copy"", ""placeholder""]"
73647,琐碎,fr,trifling; trivial; tedious; inconsequential,banal,0,1,"[""low_sense_coverage"", ""low_length_coverage"", ""placeholder""]"
75198,画龙点睛,fr,to paint a dragon and dot in the eyes (idiom); fig. to add the vital finishing touch; the crucial point that brings the subject to life; a few words to clinch the point,la touche finale,0,1,"[""low_sense_coverage"", ""low_length_coverage"", ""placeholder""]"
75216,异化作用,fr,catabolism (biology); metabolic breaking down and waste disposal; dissimilation,Aliénation,0,1,"[""low_sense_coverage"", ""low_length_coverage"", ""placeholder""]"
75445,叠层,fr,repeated layers; stratified; laminated; stacked; piled strata,laminage,0,1,"[""low_sense_coverage"", ""low_length_coverage"", ""placeholder""]"
76274,发芽,fr,(of a seed) to germinate; (of a plant) to sprout; to bud; (fig.) (of an idea or plan etc) to start to develop,germination,0,1,"[""low_sense_coverage"", ""low_length_coverage"", ""placeholder""]"
77945,相认,fr,to know each other; to recognize; to identify; to acknowledge (an old relationship),se reconnaître,0,1,"[""low_sense_coverage"", ""low_length_coverage"", ""placeholder""]"
78107,看家,fr,"to look after the house; (of skill, ability) special; outstanding",gouvernante,0,1,"[""low_sense_coverage"", ""low_length_coverage"", ""placeholder""]"
78970,矮化,fr,"(plant pathology) to become stunted; (horticulture) to dwarf; to reduce in size (by pruning, breeding etc); (fig.) to diminish the status of; to disparage; (fig.) to downplay",nain,0,1,"[""low_sense_coverage"", ""low_length_coverage"", ""placeholder""]"
79534,硫氰酸酶,fr,rhodanase,rhodanase,0,0,"[""untranslated_copy"", ""placeholder""]"
79535,硫氰酸盐,fr,thiocyanate,Thiocyanate,0,0,"[""untranslated_copy"", ""placeholder""]"
79657,碌碌,fr,ordinary; commonplace; busy; bustling about,banal,0,1,"[""low_sense_coverage"", ""low_length_coverage"", ""placeholder""]"
81774,积水,fr,to collect water; to be covered with water; to pond; accumulated water; ponding,eau stagnante,0,1,"[""low_sense_coverage"", ""low_length_coverage"", ""placeholder""]"
82039,空闲,fr,"leisure; spare time; (of a person) free; unoccupied; (of equipment, rooms etc) unused; idle; vacant",inactif,0,1,"[""low_sense_coverage"", ""low_length_coverage"", ""placeholder""]"
82127,突触,fr,synapse,synapse,0,0,"[""untranslated_copy"", ""placeholder""]"
83216,管家,fr,(old) butler; steward; manager; administrator; housekeeper; to manage a household,gouvernante,0,1,"[""low_sense_coverage"", ""low_length_coverage"", ""placeholder""]"
83217,管家婆,fr,housewife (jocular); female housekeeper of a higher rank (old); busybody,gouvernante,0,1,"[""low_sense_coverage"", ""low_length_coverage"", ""placeholder""]"
83602,签章,fr,signature,signature,0,0,"[""untranslated_copy"", ""placeholder""]"
84008,精炼,fr,"to refine (a substance); to purify; to refine (one's skills, writing etc); refined; polished; succinct; skilled; capable",raffinage,0,1,"[""low_sense_coverage"", ""low_length_coverage"", ""placeholder""]"
84721,纳匝肋,fr,Nazareth,Nazareth,0,0,"[""untranslated_copy"", ""placeholder""]"
84723,纳塔乃耳,fr,Nathaniel,Nathaniel,0,0,"[""untranslated_copy"", ""placeholder""]"
84735,纳新,fr,to accept the new; to take fresh (air); fig. to accept new members (to reinvigorate the party); new blood,Naxine,0,1,"[""low_sense_coverage"", ""low_length_coverage"", ""placeholder""]"
84745,纳瓦霍,fr,Navajo,Navajo,0,0,"[""untranslated_copy"", ""placeholder""]"
84779,纳鸿,fr,Nahum,Nahum,0,0,"[""untranslated_copy"", ""placeholder""]"
84975,素净,fr,simple and neat; quiet (colors); unobtrusive; (of food) light; not greasy or strongly flavored,faire le ménage,0,1,"[""low_sense_coverage"", ""low_length_coverage"", ""placeholder""]"
85286,终局,fr,endgame; conclusion; outcome; final part of a chess game,final,0,1,"[""low_sense_coverage"", ""low_length_coverage"", ""placeholder""]"
85326,组合,fr,to assemble; to combine; to compose; combination; association; set; compilation; (math.) combinatorial,combinaison,0,1,"[""low_sense_coverage"", ""low_length_coverage"", ""placeholder""]"
85763,绑架,fr,to kidnap; to abduct; to hijack; a kidnapping; abduction; staking,kidnapper,0,1,"[""low_sense_coverage"", ""low_length_coverage"", ""placeholder""]"
87789,美宇航局,fr,US National Aeronautics and Space Administration; NASA; abbr. for 美國宇航局|美国宇航局,Nasa,0,1,"[""low_sense_coverage"", ""low_length_coverage"", ""placeholder""]"
88354,耀武扬威,fr,to show off one's military strength (idiom); to strut around; to bluff; to bluster,fanfaronnade,0,1,"[""low_sense_coverage"", ""low_length_coverage"", ""placeholder""]"
88539,老生常谈,fr,an old observation (idiom); a truism; banal comments,banal,0,1,"[""low_sense_coverage"", ""low_length_coverage"", ""placeholder""]"
89201,聚碳酸酯,fr,polycarbonate,polycarbonate,0,0,"[""untranslated_copy"", ""placeholder""]"
90386,胁,fr,flank (the side of one's torso); to coerce; to threaten,menace,0,1,"[""low_sense_coverage"", ""low_length_coverage"", ""placeholder""]"
90425,脊柱裂,fr,spina bifida,spina bifida,0,0,"[""untranslated_copy"", ""placeholder""]"
90544,脱胎,fr,"to be born; (fig.) to develop out of sth else (of ideas, stories, political systems etc); (fig.) to shed one's body (to be reborn); bodiless (e.g. lacquerware)",renaître,0,1,"[""low_sense_coverage"", ""low_length_coverage"", ""placeholder""]"
90546,脱胎换骨,fr,"to shed one's mortal body and exchange one's bones (idiom); born again Daoist; to turn over a new leaf; fig. to change wholly; to create from other material (story, artwork etc)",renaître,0,1,"[""low_sense_coverage"", ""low_length_coverage"", ""placeholder""]"
90796,腰包,fr,waist purse (old); (fig.) purse; pocket; waist pack; fanny pack; bum bag,sac banane,0,1,"[""low_sense_coverage"", ""low_length_coverage"", ""placeholder""]"
90854,脚本,fr,script; screenplay; scenario; libretto; (computing) script,scénario,0,1,"[""low_sense_coverage"", ""low_length_coverage"", ""placeholder""]"
91720,自然而然,fr,(idiom) natural; unforced; (idiom) naturally; as a matter of course; in the natural course of things,naturellement,0,1,"[""low_sense_coverage"", ""low_length_coverage"", ""placeholder""]"
91854,自负盈亏,fr,responsible for its profit and losses (of organization); financially autonomous; personal financial responsibility,Autofinancement,0,1,"[""low_sense_coverage"", ""low_length_coverage"", ""placeholder""]"
92469,航,fr,boat; ship; craft; to navigate; to sail; to fly,naviguer,0,1,"[""low_sense_coverage"", ""low_length_coverage"", ""placeholder""]"
94300,菠菜,fr,spinach (CL:棵[ke1]); (slang) gambling; gambler (alternative term for 博彩[bo2 cai3]),épinard,0,1,"[""low_sense_coverage"", ""low_length_coverage"", ""placeholder""]"
95156,蒙娜丽莎,fr,Mona Lisa,Mona Lisa,0,0,"[""untranslated_copy"", ""placeholder""]"
95713,蕻,fr,(literary) luxuriant; flourishing; (literary) bud; (dialect) long stem of certain vegetables,bourgeonnant,0,1,"[""low_sense_coverage"", ""low_length_coverage"", ""placeholder""]"
96388,苏里南,fr,Suriname,Suriname,0,0,"[""untranslated_copy"", ""placeholder""]"
96485,兰艾同焚,fr,lit. to burn both fragrant orchids and stinking weeds (idiom); fig. to destroy indiscriminately the noble and common; the rain falls on the just and unjust alike,Lanai brûle ensemble,0,1,"[""low_sense_coverage"", ""low_length_coverage"", ""placeholder""]"
96617,处方,fr,medical prescription; to write out a prescription; (fig.) recommendation; advice,ordonnance,0,1,"[""low_sense_coverage"", ""low_length_coverage"", ""placeholder""]"
96640,虚,fr,emptiness; void; abstract theory or guiding principles; empty or unoccupied; diffident or timid; false; humble or modest; (of health) weak; virtual; in vain,imaginaire,0,1,"[""low_sense_coverage"", ""low_length_coverage"", ""placeholder""]"
96955,蛋黄酱,fr,mayonnaise,Mayonnaise,0,0,"[""untranslated_copy"", ""placeholder""]"
100006,解析,fr,to analyze; to resolve; (math.) analysis; analytic,analyser,0,1,"[""low_sense_coverage"", ""low_length_coverage"", ""placeholder""]"
100299,讯号,fr,signal,signal,0,0,"[""untranslated_copy"", ""placeholder""]"
103519,贼船,fr,pirate ship; fig. venture of dubious merit; criminal gang; reactionary faction,navire pirate,0,1,"[""low_sense_coverage"", ""low_length_coverage"", ""placeholder""]"
104071,赫然,fr,with astonishment; with a shock; awe-inspiringly; impressively; furiously (angry),Impressionnant,0,1,"[""low_sense_coverage"", ""low_length_coverage"", ""placeholder""]"
104184,走肾,fr,(med) retractile testicle; infatuation inducing; pee inducing (of alcohol); (neologism) to be sexually attracted; to have the hots for sb,Perte rénale,0,1,"[""low_sense_coverage"", ""low_length_coverage"", ""placeholder""]"
104215,走马灯,fr,"lantern with a carousel of paper horses rotating under convection, used at Lantern Festival 元宵節|元宵节[Yuan2 xiao1 jie2]; (fig.) revolving door; musical chairs (metaphor for people being shuffled around into different jobs)",Porte tournante,0,1,"[""low_sense_coverage"", ""low_length_coverage"", ""placeholder""]"
2701,不知就里,de,unaware of the inner workings; naive; unwitting,naiv,0,1,"[""low_sense_coverage"", ""low_length_coverage"", ""placeholder""]"
2714,不知轻重,de,lit. not knowing what's important (idiom); no appreciation of the gravity of things; naive; doesn't know who's who; no sense of priorities,naiv,0,1,"[""low_sense_coverage"", ""low_length_coverage"", ""placeholder""]"
2800,不着痕迹,de,to leave no trace; seamlessly; unobtrusively,nahtlos,0,1,"[""low_sense_coverage"", ""low_length_coverage"", ""placeholder""]"
3273,中印半岛,de,Indochina,indochina,0,0,"[""untranslated_copy"", ""placeholder""]"
5327,亡命之徒,de,runaway (idiom); desperate criminal; fugitive,runaway,0,1,"[""low_sense_coverage"", ""low_length_coverage"", ""placeholder""]"
5927,人设,de,"character design (in games, manga etc) (abbr. for 人物設定|人物设定[ren2 wu4 she4 ding4]); (fig.) public image; (esp. a deliberately crafted) persona",persona,0,1,"[""low_sense_coverage"", ""low_length_coverage"", ""placeholder""]"
7594,并购,de,merger and acquisition (M and A); acquisition; to take over,"Mergers and Acquisitions, Fusionen und Übernahmen (S, Wirtsch)",0,1,"[""low_sense_coverage"", ""english_leakage"", ""placeholder""]"
7957,便是,de,(emphasizes that sth is precisely or exactly as stated); precisely; exactly; even; if; just like; in the same way as,genau; exakt,0,1,"[""low_sense_coverage"", ""low_length_coverage"", ""placeholder""]"
7967,便池,de,urinal,urinal,0,0,"[""untranslated_copy"", ""placeholder""]"
9455,偷闲,de,to snatch a moment of leisure; to take a break from work; also written 偷閒|偷闲[tou1 xian2],schnappen,0,1,"[""low_sense_coverage"", ""low_length_coverage"", ""placeholder""]"
9511,傍,de,"near; approaching; to depend on; (slang) to have an intimate relationship with sb; Taiwan pr. [pang2], [bang1], [bang4]",nahe (Adj),0,1,"[""low_sense_coverage"", ""low_length_coverage"", ""placeholder""]"
9790,传载,de,to reprint; to repost; to transmit (in writing etc),nachdruck,0,1,"[""low_sense_coverage"", ""low_length_coverage"", ""placeholder""]"
11216,内观,de,to introspect; to examine oneself; (Buddhism) vipassana meditation (seeking insight into the true nature of reality),Vipassana (Sprachw),0,1,"[""low_sense_coverage"", ""low_length_coverage"", ""placeholder""]"
17085,南希,de,Nancy,nancy,0,0,"[""untranslated_copy"", ""placeholder""]"
17339,博茨瓦纳,de,Botswana,botswana,0,0,"[""untranslated_copy"", ""placeholder""]"
17426,卡塔赫纳,de,Cartagena,cartagena,0,0,"[""untranslated_copy"", ""placeholder""]"
18352,反扑,de,to counterattack; to come back after a defeat; to retrieve lost ground,gegenangriff,0,1,"[""low_sense_coverage"", ""low_length_coverage"", ""placeholder""]"
19025,叨唠,de,to be chattersome; to talk on and on without stopping; to nag,nag,0,1,"[""low_sense_coverage"", ""low_length_coverage"", ""placeholder""]"
23476,吨位,de,tonnage,tonnage,0,0,"[""untranslated_copy"", ""placeholder""]"
30770,娜娜,de,Nana (name); Nana (1880 novel by Émile Zola); Nana (Japanese manga series),nana,0,1,"[""low_sense_coverage"", ""low_length_coverage"", ""placeholder""]"
33409,实物,de,material object; concrete object; original object; in kind; object for practical use; definite thing; reality; matter (physics),Naturalwirtschaft (S),0,1,"[""low_sense_coverage"", ""low_length_coverage"", ""placeholder""]"
34371,小便斗,de,urinal,urinal,0,0,"[""untranslated_copy"", ""placeholder""]"
36527,左邻右舍,de,neighbors; next-door neighbors; related work units; colleagues doing related work,Nachbarn (S),0,1,"[""low_sense_coverage"", ""low_length_coverage"", ""placeholder""]"
37959,年号,de,reign title; era name (name for either the entire reign of an emperor or one part of it); year number (such as 2016 or 甲子),"Äraname (S, Gesch)",0,1,"[""low_sense_coverage"", ""low_length_coverage"", ""placeholder""]"
40070,后起之秀,de,(idiom) an up-and-coming youngster; new talent; a brilliant younger generation,Nachwuchs (S),0,1,"[""low_sense_coverage"", ""low_length_coverage"", ""placeholder""]"
40371,复刻,de,"to reprint (a work that has been out of print); to reissue (a vinyl album as a CD, etc); to replicate; to recreate; (computing) fork (loanword)",nachdruck,0,1,"[""low_sense_coverage"", ""low_length_coverage"", ""placeholder""]"
40999,心驰神往,de,one's thoughts fly to a longed-for place or person; to long for; infatuated; fascinated,verknallt,0,1,"[""low_sense_coverage"", ""low_length_coverage"", ""placeholder""]"
46970,挑毛病,de,to nitpick; petty criticism; to nag,nag,0,1,"[""low_sense_coverage"", ""low_length_coverage"", ""placeholder""]"
48970,摸,de,to feel with the hand; to touch; to stroke; to grope; to steal; to abstract,nachahmen (V),0,1,"[""low_sense_coverage"", ""low_length_coverage"", ""placeholder""]"
49747,摆设,de,ornament; decorative item; (fig.) sth that is merely for show,ornament,0,1,"[""low_sense_coverage"", ""low_length_coverage"", ""placeholder""]"
52216,方铅矿,de,galena,galena,0,0,"[""untranslated_copy"", ""placeholder""]"
60600,武士刀,de,katana,katana,0,0,"[""untranslated_copy"", ""placeholder""]"
60915,死心,de,to give up; to admit failure; to drop the matter; to reconcile oneself to loss; to have no more illusions about,Resignation (S),0,1,"[""low_sense_coverage"", ""low_length_coverage"", ""placeholder""]"
62756,江湖一点诀,de,special technique; trick of the trade; knack,knack,0,1,"[""low_sense_coverage"", ""low_length_coverage"", ""placeholder""]"
71504,牛樟,de,Cinnamomum kanehirae; small-leaf camphor; stout camphor (indigenous to Taiwan),cinnamomum,0,1,"[""low_sense_coverage"", ""low_length_coverage"", ""placeholder""]"
75002,留情,de,to relent (to spare sb's feelings); to show mercy or forgiveness; to forbear; lenient,nachsichtig,0,1,"[""low_sense_coverage"", ""low_length_coverage"", ""placeholder""]"
76488,白沙,de,"Baisha (common place name); Baisha Lizu autonomous county, Hainan; Baisha or Paisha township in Penghu county 澎湖縣|澎湖县[Peng2 hu2 xian4] (Pescadores Islands), Taiwan",hainan,0,1,"[""low_sense_coverage"", ""low_length_coverage"", ""placeholder""]"
78532,睁眼瞎,de,an illiterate; sb who has blurred vision; sb who is willfully blind,analphabeten,0,1,"[""low_sense_coverage"", ""low_length_coverage"", ""placeholder""]"
79680,碎碎念,de,to sound like a broken record; to prattle; to nag; to mutter,nag,0,1,"[""low_sense_coverage"", ""low_length_coverage"", ""placeholder""]"
79684,碎钻,de,small diamonds; melee (small diamonds used in embellishing mountings for larger gems); splints (sharp-pointed diamond splinters); clatersal (small diamond splints from which diamond powder is produced by crushing),nahkampf,0,1,"[""low_sense_coverage"", ""low_length_coverage"", ""placeholder""]"
84721,纳匝肋,de,Nazareth,nazareth,0,0,"[""untranslated_copy"", ""placeholder""]"
84723,纳塔乃耳,de,Nathaniel,nathaniel,0,0,"[""untranslated_copy"", ""placeholder""]"
84745,纳瓦霍,de,Navajo,navajo,0,0,"[""untranslated_copy"", ""placeholder""]"
84746,纳皮尔,de,"Napier (name); John Napier (1550-1617), Scottish mathematician, inventor of logarithms; Napier, city in New Zealand",napier,0,1,"[""low_sense_coverage"", ""low_length_coverage"", ""placeholder""]"
84779,纳鸿,de,Nahum,nahum,0,0,"[""untranslated_copy"", ""placeholder""]"
86676,缝合,de,to sew together; suture (in surgery); to sew up (a wound),naht,0,1,"[""low_sense_coverage"", ""low_length_coverage"", ""placeholder""]"
87789,美宇航局,de,US National Aeronautics and Space Administration; NASA; abbr. for 美國宇航局|美国宇航局,nasa,0,1,"[""low_sense_coverage"", ""low_length_coverage"", ""placeholder""]"
88290,翻版,de,to reprint; reproduction; pirate copy; (fig.) imitation; carbon copy; clone,nachdruck,0,1,"[""low_sense_coverage"", ""low_length_coverage"", ""placeholder""]"
89519,听天由命,de,(idiom) to submit to the will of heaven; to resign oneself to fate; to trust to luck,Resignation (S),0,1,"[""low_sense_coverage"", ""low_length_coverage"", ""placeholder""]"
90832,脚,de,"foot; leg (of an animal or an object); base (of an object); CL:雙|双[shuang1],隻|只[zhi1]; classifier for kicks","Fuß (S, Anat)",0,1,"[""low_sense_coverage"", ""low_length_coverage"", ""placeholder""]"
91324,卧龙,de,"nickname of Zhuge Liang 諸葛亮|诸葛亮; Wolong giant panda nature reserve 臥龍大熊貓保護區|卧龙大熊猫保护区 in Wenchuan county, northwest Sichuan; Wolong district of Nanyang city 南陽|南阳[Nan2 yang2], Henan",henan,0,1,"[""low_sense_coverage"", ""low_length_coverage"", ""placeholder""]"
91583,自封,de,to proclaim oneself (sth); to give oneself the title of; self-appointed; self-styled; to limit oneself to; to isolate oneself,selbsternannt (Adj),0,1,"[""low_sense_coverage"", ""low_length_coverage"", ""placeholder""]"
97312,融通,de,to circulate; to flow (esp. capital); to intermingle; to merge; to become assimilated,finanzieren (V),0,1,"[""low_sense_coverage"", ""low_length_coverage"", ""placeholder""]"
98740,装饰品,de,ornament,ornament,0,0,"[""untranslated_copy"", ""placeholder""]"
99153,西乃,de,Sinai,sinai,0,0,"[""untranslated_copy"", ""placeholder""]"
101360,调性,de,"(music) tonality; (of an actor, company, magazine etc) style; image; tone; voice; character",tonalität,0,1,"[""low_sense_coverage"", ""low_length_coverage"", ""placeholder""]"
106434,转载,de,to forward (a shipment); to reprint sth published elsewhere; Taiwan pr. [zhuan3 zai4],nachdrucken (V),0,1,"[""low_sense_coverage"", ""low_length_coverage"", ""placeholder""]"
107312,逆伦,de,"unnatural relationship (parricide, incest etc); unfilial conduct; against social morals",unnatürlich,0,1,"[""low_sense_coverage"", ""low_length_coverage"", ""placeholder""]"
107353,逆袭,de,"to counterattack; to strike back; (neologism, attested by 2008) (of an underdog) to go on the offensive; to make an improbable comeback",Gegenangriff (S),0,1,"[""low_sense_coverage"", ""low_length_coverage"", ""placeholder""]"
108452,过街老鼠,de,"sb or sth detested by all; target of scorn; anathema; cf. 老鼠過街，人人喊打|老鼠过街，人人喊打[lao3 shu3 guo4 jie1 , ren2 ren2 han3 da3]",anathema,0,1,"[""low_sense_coverage"", ""low_length_coverage"", ""placeholder""]"
111232,钉,de,nail; to follow closely; to keep at sb (to do sth); variant of 盯[ding1],Nagel (S),0,1,"[""low_sense_coverage"", ""low_length_coverage"", ""placeholder""]"
111233,钉,de,to join things together by fixing them in place at one or more points; to nail; to pin; to staple; to sew on,Nagel (S),0,1,"[""low_sense_coverage"", ""low_length_coverage"", ""placeholder""]"
111621,铜绿层,de,patina,patina,0,0,"[""untranslated_copy"", ""placeholder""]"
111630,铜锈层,de,patina,patina,0,0,"[""untranslated_copy"", ""placeholder""]"
114971,陈腐,de,trite; clichéd; empty and trite; banality; platitude,banalität,0,1,"[""low_sense_coverage"", ""low_length_coverage"", ""placeholder""]"
115259,隔年皇历,de,lit. almanac from years back (idiom); obsolete practice; old-fashioned principle,almanach,0,1,"[""low_sense_coverage"", ""low_length_coverage"", ""placeholder""]"
117360,灵犀,de,"rhinoceros horn, reputed to confer telepathic powers; fig. mutual sensitivity; tacit exchange of romantic feelings; a meeting of minds",nashorn,0,1,"[""low_sense_coverage"", ""low_length_coverage"", ""placeholder""]"
119508,飞行检查,de,unannounced inspection; (sports) out-of-season drug testing; abbr. to 飛檢|飞检[fei1 jian3],unangekündigt,0,1,"[""low_sense_coverage"", ""low_length_coverage"", ""placeholder""]"
4715,二十四史,de,"the Twenty-Four Histories (25 or 26 in modern editions), collection of books on Chinese dynastic history from 3000 BC till 17th century; fig. a long and complicated story",24 Dynastiegeschichten (Gesch),10,1,"[""partial_sense_coverage"", ""low_length_coverage"", ""placeholder""]"
4793,二氯苯胺苯乙酸钠,de,diclofenac sodium (non-steroidal anti-inflammatory drug used to reduce swelling and as painkiller); also called voltaren 扶他林,diclofenac,10,1,"[""partial_sense_coverage"", ""low_length_coverage"", ""placeholder""]"
4934,互相推诿,de,mutually shirking responsibilities (idiom); each blaming the other; passing the buck to and fro; each trying to unload responsibilities onto the other,einander; gegenseitig,10,1,"[""partial_sense_coverage"", ""low_length_coverage"", ""placeholder""]"
5022,五指山,de,"Wuzhi Mountain (1,840 m), highest mountain in Hainan; Wuzhishan City, Hainan",hainan,10,1,"[""partial_sense_coverage"", ""low_length_coverage"", ""placeholder""]"
5572,京族,de,"Gin or Jing, ethnic minority of China, descendants of ethnic Vietnamese people living mainly in Guangxi; Kinh, the ethnic majority in Vietnam","Vietnamesen (S, Ethn)",10,1,"[""partial_sense_coverage"", ""low_length_coverage"", ""placeholder""]"
8376,信道,de,(telecommunications) channel; (in Confucian texts) to believe in the principles of wisdom and follow them,"Kanal (S, Phys)",10,1,"[""partial_sense_coverage"", ""low_length_coverage"", ""placeholder""]"
9456,偷闲,de,to snatch a moment of leisure; to take a break from work,schnappen,10,1,"[""partial_sense_coverage"", ""low_length_coverage"", ""placeholder""]"
10950,兜抄,de,to close in from the rear and flanks; to surround and attack; to mop up (remnant enemy troops),close; nahe,10,1,"[""partial_sense_coverage"", ""low_length_coverage"", ""placeholder""]"
12937,凡尘,de,mundane world (in religious context); this mortal coil,banal,10,1,"[""partial_sense_coverage"", ""low_length_coverage"", ""placeholder""]"
17079,南岳,de,"Nanyue district of Hengyang city 衡陽市|衡阳市[Heng2 yang2 shi4], Hunan; Mt Heng 衡山 in Hunan, one of the Five Sacred Mountains 五嶽|五岳[Wu3 yue4]",hunan,10,1,"[""partial_sense_coverage"", ""low_length_coverage"", ""placeholder""]"
17137,南沙区,de,"Nansha, a district of Guangzhou City 廣州市|广州市[Guang3 zhou1 Shi4], Guangdong; Nansha, a district of Sansha City 三沙市[San1 sha1 Shi4], Hainan",Nansha (Geo),10,1,"[""partial_sense_coverage"", ""low_length_coverage"", ""placeholder""]"
17588,印度支那半岛,de,"Indochina (old term, esp. colonial period); now written 中南半島|中南半岛[Zhong1 nan2 Ban4 dao3]",indochina,10,1,"[""partial_sense_coverage"", ""low_length_coverage"", ""placeholder""]"
17605,印支半岛,de,Indochina (abbr. for colonial term 印度支那半島|印度支那半岛[Yin4 du4 zhi1 na4 Ban4 dao3]); (now written 中南半島|中南半岛[Zhong1 nan2 Ban4 dao3]),indochina,10,1,"[""partial_sense_coverage"", ""low_length_coverage"", ""placeholder""]"
19597,吃藕,de,(slang) unattractive; ugly (derived from near homophone 醜|丑[chou3]),unattraktiv,10,1,"[""partial_sense_coverage"", ""low_length_coverage"", ""placeholder""]"
21395,咬啮,de,variant of 咬嚙|咬啮[yao3 nie4]; to gnaw,nagen,10,1,"[""partial_sense_coverage"", ""low_length_coverage"", ""placeholder""]"
21903,唇齿相依,de,lit. as close as lips and teeth (idiom); closely related; interdependent,close; nahe,10,1,"[""partial_sense_coverage"", ""low_length_coverage"", ""placeholder""]"
21994,唔好睇,de,unattractive (Cantonese); Mandarin equivalent: 不好看[bu4 hao3 kan4],unattraktiv,10,1,"[""partial_sense_coverage"", ""low_length_coverage"", ""placeholder""]"
24337,国服,de,national dress; traditional attire; (Internet gaming) domestic gaming server; (esp.) Chinese server (abbr. for 國內服務器|国内服务器[guo2 nei4 fu2 wu4 qi4]),nationaler; nationale,10,1,"[""partial_sense_coverage"", ""low_length_coverage"", ""placeholder""]"
24488,国际米兰,de,FC Internazionale Milano (football club); abbr. for 國際米蘭足球俱樂部|国际米兰足球俱乐部[Guo2 ji4 Mi3 lan2 Zu2 qiu2 Ju4 le4 bu4],internazionale,10,1,"[""partial_sense_coverage"", ""low_length_coverage"", ""placeholder""]"
24490,国际米兰队,de,FC Internazionale Milano (football club); abbr. for 國際米蘭足球俱樂部|国际米兰足球俱乐部[Guo2 ji4 Mi3 lan2 Zu2 qiu2 Ju4 le4 bu4],internazionale,10,1,"[""partial_sense_coverage"", ""low_length_coverage"", ""placeholder""]"
27487,多那太罗,de,"Donatello (c. 1386-1466); Donato di Niccolò di Betto Bardi, famous early Renaissance painter and sculptor",donatello,10,1,"[""partial_sense_coverage"", ""low_length_coverage"", ""placeholder""]"
27947,大建,de,lunar month of 30 days; same as 大盡|大尽[da4 jin4],lunar,10,1,"[""partial_sense_coverage"", ""low_length_coverage"", ""placeholder""]"
28242,大尽,de,lunar month of 30 days; same as 大建[da4 jian4],lunar,10,1,"[""partial_sense_coverage"", ""low_length_coverage"", ""placeholder""]"
28319,大考,de,final exam; to take an end-of-term exam; (Tw) college entrance exam (abbr. for 大學入學考試|大学入学考试[da4 xue2 ru4 xue2 kao3 shi4]),endgültig; finale,10,1,"[""partial_sense_coverage"", ""low_length_coverage"", ""placeholder""]"
29046,太子十三峰,de,"thirteen peaks of Meili Snow Mountains in Diqing Tibetan Autonomous Prefecture 迪慶藏族自治州|迪庆藏族自治州[Di2 qing4 Zang4 zu2 Zi4 zhi4 zhou1], Yunnan; also written 梅里雪山[Mei2 li3 Xue3 shan1]",yunnan,10,1,"[""partial_sense_coverage"", ""low_length_coverage"", ""placeholder""]"
29766,奥纳西斯,de,"Onassis (name); Aristotle Onassis (1906-1975), Greek shipping magnate",onassis,10,1,"[""partial_sense_coverage"", ""low_length_coverage"", ""placeholder""]"
29805,夺金,de,to snatch gold; to take first place in a competition,schnappen,10,1,"[""partial_sense_coverage"", ""low_length_coverage"", ""placeholder""]"
30212,如是我闻,de,"so I have heard (idiom); the beginning clause of Buddha's quotations as recorded by his disciple, Ananda (Buddhism)",ananda,10,1,"[""partial_sense_coverage"", ""low_length_coverage"", ""placeholder""]"
32448,定盘星,de,the zero point indicator marked on a steelyard; fixed opinion; solid idea; decisive plan,zero; null,10,1,"[""partial_sense_coverage"", ""low_length_coverage"", ""placeholder""]"
34492,小年夜,de,"(coll.) the night before lunisolar New Year's Eve; (Tw) the night before New Year's Eve (either lunisolar or Gregorian); (old) Little New Year's Eve (the 23rd or 24th of the 12th lunisolar month, when people offer sacrifices to the kitchen god)",übernachtung; nächte,10,1,"[""partial_sense_coverage"", ""low_length_coverage"", ""placeholder""]"
34501,小建,de,lunar month of 29 days; same as 小盡|小尽[xiao3 jin4],lunar,10,1,"[""partial_sense_coverage"", ""low_length_coverage"", ""placeholder""]"
34548,小春,de,10th month of the lunar calendar; Indian summer; crops sown in late autumn,monat; monats,10,1,"[""partial_sense_coverage"", ""low_length_coverage"", ""placeholder""]"
34991,尤尔钦科,de,"Yurchenko (name); Natalia Yurchenko (1965-), Russian gymnast; Yurchenko, a type of jump-off for vaulting",natalja; natalia,10,1,"[""partial_sense_coverage"", ""low_length_coverage"", ""placeholder""]"
37623,干邑,de,Cognac; brandy 白蘭地|白兰地[bai2 lan2 di4] from the Cognac region of southwest France,Cognac (S),10,1,"[""partial_sense_coverage"", ""low_length_coverage"", ""placeholder""]"
37814,平舌音,de,"alveolar; consonants z, c, s produced with the tip of the tongue on the alveolar ridge",konsonanten,10,1,"[""partial_sense_coverage"", ""low_length_coverage"", ""placeholder""]"
38092,幼齿,de,"(Tw) naive and innocent (girl or boy); underage prostitute (from Taiwanese, Tai-lo pr. [iù-khí])",naiv,10,1,"[""partial_sense_coverage"", ""low_length_coverage"", ""placeholder""]"
40843,心根,de,the innermost depths of one's heart; (Buddhism) manas (the mind),manas,10,1,"[""partial_sense_coverage"", ""low_length_coverage"", ""placeholder""]"
45943,拈指,de,a snap of the fingers; a short moment; in a flash; in the twinkling of an eye,snap; schnapp,10,1,"[""partial_sense_coverage"", ""low_length_coverage"", ""placeholder""]"
55305,朝歌,de,"Zhaoge, capital of the Shang dynasty 商朝; Zhaoge town in Qi county 淇縣|淇县, Hebi 鶴壁|鹤壁, Henan",henan,10,1,"[""partial_sense_coverage"", ""low_length_coverage"", ""placeholder""]"
60033,钦奈,de,"Chennai, capital of southeast Indian state Tamil Nadu 泰米爾納德邦|泰米尔纳德邦[Tai4 mi3 er3 Na4 de2 bang1]; formerly called Madras 馬德拉斯|马德拉斯[Ma3 de2 la1 si1]",chennai,10,1,"[""partial_sense_coverage"", ""low_length_coverage"", ""placeholder""]"
61531,比邻,de,(literary) next-door neighbor; near; next to; Taiwan pr. [bi4lin2],nah; nahe,10,1,"[""partial_sense_coverage"", ""low_length_coverage"", ""placeholder""]"
62490,永定区,de,"Yongding, a district of Zhangjiajie City 張家界市|张家界市[Zhang1 jia1 jie4 Shi4], Hunan; Yongding, a district of Longyan City 龍巖市|龙岩市[Long2 yan2 Shi4], Fujian",hunan,10,1,"[""partial_sense_coverage"", ""low_length_coverage"", ""placeholder""]"
64011,波拿巴,de,"Bonaparte (name); Napoleon Bonaparte (1769-1821), Emperor of France 1804-1815",bonaparte,10,1,"[""partial_sense_coverage"", ""low_length_coverage"", ""placeholder""]"
66021,淮南,de,"region south of the Huai River and north of the Yangtze River, esp. central Anhui Province; see 淮南市[Huai2 nan2 Shi4]","Huainan (Eig, Geo)",10,1,"[""partial_sense_coverage"", ""low_length_coverage"", ""placeholder""]"
67275,灭度,de,to extinguish worries and the sea of grief; nirvana (Buddhism),nirvana,10,1,"[""partial_sense_coverage"", ""low_length_coverage"", ""placeholder""]"
74264,生意经,de,knack of doing business; business sense,knack,10,1,"[""partial_sense_coverage"", ""low_length_coverage"", ""placeholder""]"
74646,田中,de,"Tianzhong Township in Changhua County 彰化縣|彰化县[Zhang1 hua4 Xian4], Taiwan; Tanaka (Japanese surname)","Tanaka (Eig, Fam)",10,1,"[""partial_sense_coverage"", ""low_length_coverage"", ""placeholder""]"
84732,纳指,de,"NASDAQ; National Association of Securities Dealers Automated Quotations, a computerized data system to provide brokers with price quotations for securities traded over the counter","NASDAQ (Eig, Wirtsch)",10,1,"[""partial_sense_coverage"", ""low_length_coverage"", ""placeholder""]"
84772,纳达尔,de,"Nadal (name); Rafael Nadal (1986-), Spanish tennis player",nadal,10,1,"[""partial_sense_coverage"", ""low_length_coverage"", ""placeholder""]"
85280,终场,de,end (of a performance or sports match); last round of testing in the imperial examinations,Finale (S),10,1,"[""partial_sense_coverage"", ""low_length_coverage"", ""placeholder""]"
85680,统汉字,de,Unihan; China Japan Korea (CJK) unified ideographs; abbr. for 中日韓統一表意文字|中日韩统一表意文字[Zhong1 Ri4 Han2 tong3 yi1 biao3 yi4 wen2 zi4],porzellan; china,10,1,"[""partial_sense_coverage"", ""low_length_coverage"", ""placeholder""]"
86340,绵里藏针,de,lit. a needle concealed in silk floss (idiom); fig. ruthless character behind a gentle appearance; a wolf in sheep's clothing; an iron fist in a velvet glove,kanüle; nadeln,10,1,"[""partial_sense_coverage"", ""low_length_coverage"", ""placeholder""]"
86457,线脚,de,seam; stitching; decorative trim; molding (used to conceal joints in architecture or interior design),flöz; naht,10,1,"[""partial_sense_coverage"", ""low_length_coverage"", ""placeholder""]"
88365,老中,de,"(slang) Chinese people; we Chinese (often self-referential, ironic); China; the Chinese side",porzellan; china,10,1,"[""partial_sense_coverage"", ""low_length_coverage"", ""placeholder""]"
88577,老街,de,"Lao Cai, Vietnam; Laokai or Laukkai, Burma (Myanmar)",vietnam,10,1,"[""partial_sense_coverage"", ""low_length_coverage"", ""placeholder""]"
92342,舌尖前音,de,"alveolar; consonants z, c, s produced with the tip of the tongue on the alveolar ridge",konsonanten,10,1,"[""partial_sense_coverage"", ""low_length_coverage"", ""placeholder""]"
94171,莫迪,de,"Modi (name); Narendra Modi (1950-), Indian BJP (Bharatiya Janata Party or Indian People's Party) politician, Gujarat Chief Minister from 2001, PM from 2014","Narendra Modi (Eig, Pers)",10,1,"[""partial_sense_coverage"", ""low_length_coverage"", ""placeholder""]"
94329,华佗再世,de,"lit. a reincarnation of Hua Tuo, the legendary physician of the Eastern Han Dynasty (idiom); fig. a highly skilled and virtuous doctor; a miracle-working physician",wiedergeburt; reinkarnation,10,1,"[""partial_sense_coverage"", ""low_length_coverage"", ""placeholder""]"
94882,叶卡捷琳娜,de,"Yekaterina or Ekaterina (name); Catherine the Great or Catherine the Second (1684-1727), Empress of Russia",jekaterina,10,1,"[""partial_sense_coverage"", ""low_length_coverage"", ""placeholder""]"
95708,蕹,de,"water spinach or ong choy (Ipomoea aquatica), used as a vegetable in south China and southeast Asia; Taiwan pr. [yong1]","Wasserspinat (S, Bio)",10,1,"[""partial_sense_coverage"", ""low_length_coverage"", ""placeholder""]"
96758,号志,de,signal; sign (traffic control etc),signal,10,1,"[""partial_sense_coverage"", ""low_length_coverage"", ""placeholder""]"
98925,复赛,de,(sports) semifinal or quarterfinal; to compete in a semifinal (or a quarterfinal),halbfinale,10,1,"[""partial_sense_coverage"", ""low_length_coverage"", ""placeholder""]"
104903,跨界,de,to go beyond the border; to be transboundary; (fig.) to transition to a new field of endeavor; to be interdisciplinary,hinaus; jenseits,10,1,"[""partial_sense_coverage"", ""low_length_coverage"", ""placeholder""]"
107156,追龙,de,(slang) to inhale the vapor from heroin heated on a piece of aluminum foil; to chase the dragon,einatmen,10,1,"[""partial_sense_coverage"", ""low_length_coverage"", ""placeholder""]"
110496,里弄,de,"lanes and alleys; neighborhood; lane neighborhoods in parts of Shanghai, with modified Chinese courtyard houses, occupied by single families in the 1930s, now crowded with multiple families",gegend; nachbarschaft,10,1,"[""partial_sense_coverage"", ""low_length_coverage"", ""placeholder""]"
111158,金针,de,needle used in embroidery or sewing; acupuncture needle; orange day-lily (Hemerocallis fulva),kanüle; nadeln,10,1,"[""partial_sense_coverage"", ""low_length_coverage"", ""placeholder""]"
113039,长野,de,(Japanese surname) Nagano; Nagano (prefecture and city in Japan),nagano,10,1,"[""partial_sense_coverage"", ""low_length_coverage"", ""placeholder""]"
113230,闭合,de,"to close by coming together (like the lips of a wound, the doors of an elevator, the walls of a channel); to close by connecting in a loop (like a circuit); closed-loop",close; nahe,10,1,"[""partial_sense_coverage"", ""low_length_coverage"", ""placeholder""]"
113900,关严,de,to close (a window) completely; to shut (a door) properly; to turn off (a faucet) tightly,close; nahe,10,1,"[""partial_sense_coverage"", ""low_length_coverage"", ""placeholder""]"
115005,陵水,de,"Lingshui Lizu Autonomous County, Hainan; abbr. for 陵水黎族自治縣|陵水黎族自治县[Ling2 shui3 Li2 zu2 Zi4 zhi4 xian4]",hainan,10,1,"[""partial_sense_coverage"", ""low_length_coverage"", ""placeholder""]"
115953,双氯芬酸钠,de,"diclofenac sodium, a non-steroidal anti-inflammatory drug used to reduce swelling and as painkiller; also called voltaren 扶他林","Diclofenac (S, Pharm)",10,1,"[""partial_sense_coverage"", ""low_length_coverage"", ""placeholder""]"
116445,雪山太子,de,"Meili Snow Mountains in Diqing Tibetan Autonomous Prefecture 迪慶藏族自治州|迪庆藏族自治州[Di2 qing4 Zang4 zu2 Zi4 zhi4 zhou1], Yunnan; also written 梅里雪山[Mei2 li3 Xue3 shan1]",yunnan,10,1,"[""partial_sense_coverage"", ""low_length_coverage"", ""placeholder""]"
116652,零点定理,de,Hilbert's zeros theorem (math.); Nullstellensatz,nullen,10,1,"[""partial_sense_coverage"", ""low_length_coverage"", ""placeholder""]"
116688,雷日纳,de,"Regina (name); Regina, city in Brazil",regina,10,1,"[""partial_sense_coverage"", ""low_length_coverage"", ""placeholder""]"
120288,香蕉人,de,"banana person (yellow outside, white inside); mildly pejorative term used by Chinese for assimilated Asian Americans; Westernized person of Asian appearance",banane; bananen,10,1,"[""partial_sense_coverage"", ""low_length_coverage"", ""placeholder""]"
121716,高考,de,college entrance exam (especially as abbr. for 普通高等學校招生全國統一考試|普通高等学校招生全国统一考试[Pu3 tong1 Gao1 deng3 Xue2 xiao4 Zhao1 sheng1 Quan2 guo2 Tong3 yi1 Kao3 shi4]); (Tw) entrance exam for senior government service posts (abbr. for 公務人員高等考試|公务人员高等考试),Hochschulaufnahmeprüfung (S),10,1,"[""partial_sense_coverage"", ""low_length_coverage"", ""placeholder""]"
123468,麻吉,de,(slang) (Tw) close friend; best pal; to get along well; to be tight; congenial,close; nahe,10,1,"[""partial_sense_coverage"", ""low_length_coverage"", ""placeholder""]"
124379,党同伐异,de,to be narrowly partisan; to unite with those of the same views but alienate those with different views,knapp,10,1,"[""partial_sense_coverage"", ""low_length_coverage"", ""placeholder""]"
124914,龙骨瓣,de,(botany) carina; keel (of a papilionaceous flower),carina,10,1,"[""partial_sense_coverage"", ""low_length_coverage"", ""placeholder""]"
3379,中国石油化工股份有限公司,de,"China Petroleum and Chemical Corporation, Sinopec; abbr. to 中石化[Zhong1 shi2 hua4]","Sinopec, China Petroleum and Chemical Corporation (Chinesisches Erdgas- und Mineralölunternehmen) (Eig, Org)",15,1,"[""partial_sense_coverage"", ""english_leakage"", ""placeholder""]"
24482,国际田径联合会,de,International Association of Athletics Federations (IAAF); abbr. to 國際田聯|国际田联[Guo2 ji4 Tian2 Lian2],"International Association of Athletics Federations (Sport, Org)",15,1,"[""partial_sense_coverage"", ""english_leakage"", ""placeholder""]"
48987,摸着石头过河,de,"to wade across the river, feeling for footholds as one goes (idiom); to advance cautiously, step by step; to feel one's way forward","(Bezeichnet die Politik der Reform und Öffnung, hierbei insbesondere die Wirtschaftspolitik, bei der man nach dem ""Trial and Error Prinzip"" vorgegangen ist); Mit den Füßen nach den Steinen tastend, den Fluss überqueren (Sprichw)",15,1,"[""partial_sense_coverage"", ""english_leakage"", ""placeholder""]"
76667,白蛇传,de,Tale of the White Snake; Madame White Snake,Die Legende der weißen Schlange (English: Tale of the White Snake) (Film),15,1,"[""partial_sense_coverage"", ""english_leakage"", ""placeholder""]"
848,一号,de,first day of the month; toilet; (slang) top (in a homosexual relationship),"erster Tag eines Monats (S, temp)",20,1,"[""low_sense_coverage"", ""placeholder""]"
988,一点一点,de,little by little; bit by bit; gradually,nach und nach (Adv),20,1,"[""low_sense_coverage"", ""placeholder""]"
1000,丁,de,"male adult; the 4th of the 10 Heavenly Stems 天干[tian1 gan1]; fourth (used like ""4"" or ""D""); small cube of meat or vegetable; (literary) to encounter; (archaic) ancient Chinese compass point: 195°; (chemistry) butyl","Nagel, Mannsbild (S), Ding (Eig, Fam); alter chinesischer Kompasspunkt: 195° (S)",20,1,"[""low_sense_coverage"", ""placeholder""]"
1061,七七八八,de,almost; nearing completion; bits and piece; of all kinds,beinahe (Adv),20,1,"[""low_sense_coverage"", ""placeholder""]"
1323,三更,de,third of the five night watch periods 23:00-01:00 (old); midnight; also pr. [san1 jin1],"dritte der fünf Nachtwachen (23:00-01:00 Uhr) (S, temp)",20,1,"[""low_sense_coverage"", ""placeholder""]"
1566,上乘,de,first-class; best quality; also pr. [shang4 sheng4],"Mahayana, großes Fahrzeug, Vollendung, Meisterwerk (S)",20,1,"[""low_sense_coverage"", ""placeholder""]"
2150,不便,de,inconvenient; inappropriate; unsuitable; short of cash,Unannehmlichkeiten (S),20,1,"[""low_sense_coverage"", ""placeholder""]"
2460,不忿,de,unsatisfied; unconvinced; indignant,"nicht nachgeben, nicht einsehen zu gehorchen (V)",20,1,"[""low_sense_coverage"", ""placeholder""]"
2550,不断,de,unceasing; uninterrupted; continuous; constant,"unaufhörlich, fortwährend, ununterbrochen, fortlaufend, konstant (Adj)",20,1,"[""low_sense_coverage"", ""placeholder""]"
2593,不止,de,incessantly; without end; more than; not limited to,unaufhörlich (Adj),20,1,"[""low_sense_coverage"", ""placeholder""]"
2669,不当,de,unsuitable; improper; inappropriate,"unpassend, unangemessen (Adj)",20,1,"[""low_sense_coverage"", ""placeholder""]"
2746,不约而同,de,"(idiom) (of two or more people) to take the same action without prior consultation; (usu. used adverbially) all (or both) of them, independently; as if by prior agreement",unabgesprochen das gleiche tun (Sprichw),20,1,"[""low_sense_coverage"", ""placeholder""]"
2942,不雅,de,graceless; vulgar; indecent,unanständig (Adj),20,1,"[""low_sense_coverage"", ""placeholder""]"
2943,不雅观,de,offensive to the eye; unbecoming; unsightly; ungainly,unansehnlich,20,1,"[""low_sense_coverage"", ""placeholder""]"
3279,中古,de,"medieval; Middle Ages; Chinese middle antiquity, 3rd to 9th centuries, including Sui and Tang Dynasties; Middle (of a language, e.g. Middle English); used; second-hand","Mittelalter in China (S, Gesch); mittlerer Abschnitt des chinesischen Altertums (3.-10.Jh.) (S, Gesch)",20,1,"[""low_sense_coverage"", ""placeholder""]"
3409,中国通,de,China watcher; an expert on China; an old China hand,Chinaexperte (Oldchinahand) (S),20,1,"[""low_sense_coverage"", ""placeholder""]"
3432,中外,de,Sino-foreign; Chinese-foreign; home and abroad,"China und das Ausland (S), chinesisch und ausländisch (Adj)",20,1,"[""low_sense_coverage"", ""placeholder""]"
3487,中将,de,lieutenant general; vice admiral; air marshal,Generalleutnant (S),20,1,"[""low_sense_coverage"", ""placeholder""]"
3489,中尉,de,lieutenant (navy); first lieutenant (army); subaltern,"Oberleutnant (S, Mil)",20,1,"[""low_sense_coverage"", ""placeholder""]"
3574,中校,de,middle ranking officer in Chinese army; lieutenant colonel; commander,Oberstleutnant (S),20,1,"[""low_sense_coverage"", ""placeholder""]"
4089,久负盛名,de,seasoned; honed to perfection over centuries; special reserve,"bekannt, namhaft (Adj)",20,1,"[""low_sense_coverage"", ""placeholder""]"
4117,之后,de,after; behind; (at the beginning of a sentence) afterwards; since then,"danach, folgend(e), nachher, später (Adv)",20,1,"[""low_sense_coverage"", ""placeholder""]"
4387,乳牙,de,(dentistry) deciduous tooth; baby tooth; milk tooth,"Milchzähne (S, Anat)",20,1,"[""low_sense_coverage"", ""placeholder""]"
4423,乳齿,de,deciduous tooth; milk tooth; baby tooth,"Milchgebiss, Milchzähne (S, Anat)",20,1,"[""low_sense_coverage"", ""placeholder""]"
4433,干,de,dry; dried food; empty; hollow; taken in to nominal kinship; adoptive; foster; futile; in vain; (dialect) rude; blunt; (dialect) to cold-shoulder,"arbeiten, machen, tun (V); managen, leiten, lenken, regeln (V); Radikal Nr. 51 = Schild (Sprachw)",20,1,"[""low_sense_coverage"", ""placeholder""]"
4519,乱,de,in confusion or disorder; in a confused state of mind; disorder; upheaval; riot; illicit sexual relations; to throw into disorder; to mix up; indiscriminate; random; arbitrary,"verwirrt, durcheinander (Adj), Unordnung, Chaos (S); Bsp.: 亂七八糟 乱七八糟 -- grosses Durcheinander, Riesenchaos",20,1,"[""low_sense_coverage"", ""placeholder""]"
4643,事后,de,after the event; in hindsight; in retrospect,"a posteriori (Adv), im Nachhinein (S)",20,1,"[""low_sense_coverage"", ""placeholder""]"
5644,人不可貌相,de,"you can't judge a person by appearance (idiom); you can't judge a book by its cover; often in combination 人不可貌相，海水不可斗量[ren2 bu4 ke3 mao4 xiang4 , hai3 shui3 bu4 ke3 dou3 liang2]",einen Menschen soll man nicht nach seinem Aussehen beurteilen. (Satz),20,1,"[""low_sense_coverage"", ""placeholder""]"
5650,人中,de,"philtrum; infranasal depression; the ""human center"" acupuncture point","Philtrum (die vertikale Rinne zwischen Oberlippe und Nase) (S, Anat)",20,1,"[""low_sense_coverage"", ""placeholder""]"
5783,人才,de,talent; talented person; looks; attractive looks,"Talent, qualifiziertes Personal (S)",20,1,"[""low_sense_coverage"", ""placeholder""]"
6012,什锦,de,(food) assorted; mixed; assortment,"gemischt, verschiedenartig (Adj)",20,1,"[""low_sense_coverage"", ""placeholder""]"
6160,仔细,de,careful; attentive; cautious; to be careful; to look out; (dialect) thrifty; frugal,"gründlich, sorgfältig, genau, aufmerksam (Adj)",20,1,"[""low_sense_coverage"", ""placeholder""]"
6469,以后,de,after; later; afterwards; following; later on; in the future,"danach (Adv), nach (P), später (Adv)",20,1,"[""low_sense_coverage"", ""placeholder""]"
6697,企求,de,to seek for; to hope to gain; desirous,"wünschen, begehren, suchen nach (V)",20,1,"[""low_sense_coverage"", ""placeholder""]"
7199,低调,de,low pitch; quiet (voice); subdued; low-key; low-profile,"unauffällig (Adj), im Hintergrund bleiben (V), tiefe Tonlage (S)",20,1,"[""low_sense_coverage"", ""placeholder""]"
7220,低头,de,to bow the head; to yield; to give in,nachgeben (V),20,1,"[""low_sense_coverage"", ""placeholder""]"
8403,修整,de,to spruce up; to renovate; to tend (a garden); to groom (one's hair); to finish (a rough surface); to trim (a lawn); to touch up (a photo),"nachbearbeiten, reparieren, etw. instandhalten, in Ordnung bringen, herrichten (V); stutzen, beschneiden (V)",20,1,"[""low_sense_coverage"", ""placeholder""]"
8470,修齐,de,to make level; to make even; to trim,nachbessern (V),20,1,"[""low_sense_coverage"", ""placeholder""]"
8574,个性化,de,to personalize; to customize; customization,"personalisiert, individuell (Adj)",20,1,"[""low_sense_coverage"", ""placeholder""]"
8950,假名,de,false name; pseudonym; alias; pen name; the Japanese kana scripts; hiragana 平假名[ping2 jia3 ming2] and katakana 片假名[pian4 jia3 ming2],"Kana (jap. Silbenschrift Hiragana und Katakana) (S, Sprachw)",20,1,"[""low_sense_coverage"", ""placeholder""]"
8968,假想,de,imaginary; virtual; to imagine; hypothesis,"Annahme (S), annehmen (V), imaginär (Adj)",20,1,"[""low_sense_coverage"", ""placeholder""]"
9006,假设,de,to suppose; to presume; to assume; supposing that ...; if; hypothesis; conjecture,"Annahme, These (S)",20,1,"[""low_sense_coverage"", ""placeholder""]"
9122,偏角,de,angle of drift (navigation); deflection (from course); angle of divergence,"Deklination, Abweichungswinkel (S, Astron)",20,1,"[""low_sense_coverage"", ""placeholder""]"
9367,侧面,de,lateral side; side; aspect; profile,"Seite, Seitenansicht, Profil, Flanke (S)",20,1,"[""low_sense_coverage"", ""placeholder""]"
9380,侦破,de,to investigate (as detective); to solve (crime); to uncover (a plot); to sniff out; to break in and analyze; detective work; to scout,aufklären und lösen (Kriminalfall) (V); ermitteln (V),20,1,"[""low_sense_coverage"", ""placeholder""]"
9417,偷吃,de,to eat on the sly; to pilfer food; to be unfaithful,"naschen, heimlich essen (V)",20,1,"[""low_sense_coverage"", ""placeholder""]"
9828,债务,de,debt; liability; amount due; indebtedness,"Schuld, finanzielle Verpflichtung, Verschuldung, Verbindlichkeit (S)",20,1,"[""low_sense_coverage"", ""placeholder""]"
10237,优缺点,de,advantages and disadvantages; pros and cons; merits and shortcomings,"Vor- und Nachteil, Gut und Schlecht (S)",20,1,"[""low_sense_coverage"", ""placeholder""]"
10506,先后,de,early or late; first and last; priority; in succession; one after another,"hintereinander, nacheinander (Adv)",20,1,"[""low_sense_coverage"", ""placeholder""]"
346,一下,es,"(after a verb) a bit; a little (indicating brief duration, or softening the tone, or suggesting giving sth a try); all at once; suddenly",una vez,0,1,"[""low_sense_coverage"", ""low_length_coverage"", ""placeholder""]"
351,一世,es,generation; period of 30 years; one's whole lifetime; lifelong; age; era; times; the whole world; the First (of numbered European kings),Una generación,0,1,"[""low_sense_coverage"", ""low_length_coverage"", ""placeholder""]"
361,一事无成,es,(idiom) to have achieved nothing; to be a total failure; to get nowhere,hacer nada,0,1,"[""low_sense_coverage"", ""low_length_coverage"", ""placeholder""]"
517,一字千金,es,one word worth a thousand in gold (idiom); (in praise of a piece of writing or calligraphy) each character is perfect; each word is highly valued,Dinero por una palabra,0,1,"[""low_sense_coverage"", ""low_length_coverage"", ""placeholder""]"
524,一家,es,the whole family; the same family; the family ... (when preceded by a family name); group,una familia,0,1,"[""low_sense_coverage"", ""low_length_coverage"", ""placeholder""]"
559,一度,es,for a time; at one time; one time; once,una vez,0,1,"[""low_sense_coverage"", ""low_length_coverage"", ""placeholder""]"
581,一手,es,a skill; mastery of a trade; by oneself; without outside help,una mano,0,1,"[""low_sense_coverage"", ""low_length_coverage"", ""placeholder""]"
630,一旦,es,"in case (sth happens); if; once (sth happens, then...); when; in a short time; in one day",una vez,0,1,"[""low_sense_coverage"", ""low_length_coverage"", ""placeholder""]"
644,一曝十寒,es,"one day's sun, ten days' frost (idiom, from Mencius); fig. to work for a bit then skimp; sporadic effort; lack of sticking power; short attention span",una exposición diez frío,0,1,"[""low_sense_coverage"", ""low_length_coverage"", ""placeholder""]"
681,一次,es,first; first time; once; (math.) linear (of degree one),una vez,0,1,"[""low_sense_coverage"", ""low_length_coverage"", ""placeholder""]"
696,一气,es,at one go; at a stretch; for a period of time; forming a gang,en una ida,0,1,"[""low_sense_coverage"", ""low_length_coverage"", ""placeholder""]"
719,一无所有,es,not having anything at all (idiom); utterly lacking; without two sticks to rub together,nada,0,1,"[""low_sense_coverage"", ""low_length_coverage"", ""placeholder""]"
725,一物降一物,es,"lit. one object bests another object; every item has a weakness (idiom); there is a rock to every scissor, a scissor to every paper, and a paper to every rock",dejar caer una cosa,0,1,"[""low_sense_coverage"", ""low_length_coverage"", ""placeholder""]"
771,一窍不通,es,lit. doesn't (even) enter a single aperture (of one's head); I don't understand a word (idiom); it's all Greek to me,saber nada,0,1,"[""low_sense_coverage"", ""low_length_coverage"", ""placeholder""]"
801,一网打尽,es,lit. to catch everything in the one net (idiom); fig. to scoop up the whole lot; to capture them all in one go,atrapar todo,0,1,"[""low_sense_coverage"", ""low_length_coverage"", ""placeholder""]"
876,一言以蔽之,es,"one word says it all (idiom, from Analects); to cut a long story short; in a nutshell",en una palabra,0,1,"[""low_sense_coverage"", ""low_length_coverage"", ""placeholder""]"
896,一路,es,the whole journey; all the way; going the same way; going in the same direction; of the same kind,todo el camino,0,1,"[""low_sense_coverage"", ""low_length_coverage"", ""placeholder""]"
901,一路货色,es,(idiom) (pejorative) as detestable as each other; birds of a feather; cut from the same cloth,todo el camino,0,1,"[""low_sense_coverage"", ""low_length_coverage"", ""placeholder""]"
911,一身,es,whole body; from head to toe; single person; a suit of clothes,todo en uno,0,1,"[""low_sense_coverage"", ""low_length_coverage"", ""placeholder""]"
1077,七夕,es,"double seven festival, evening of seventh of lunar seventh month; girls' festival; Chinese Valentine's day, when Cowherd and Weaving maid 牛郎織女|牛郎织女 are allowed their annual meeting",Tanabata,0,1,"[""low_sense_coverage"", ""low_length_coverage"", ""placeholder""]"
1646,上山,es,to climb a hill; to go to the mountains; (of silkworms) to go up bundles of straw (to spin cocoons); to pass away; (of the sun or moon) to rise,arriba de la colina,0,1,"[""low_sense_coverage"", ""low_length_coverage"", ""placeholder""]"
1662,上弦,es,"to wind up a watch, clockwork toy etc; to tighten the string of a bow, violin etc; first quarter (phase of the moon)",Terminar,0,1,"[""low_sense_coverage"", ""low_length_coverage"", ""placeholder""]"
1972,下毛毛雨,es,to drizzle; to rain lightly; (fig.) (coll.) to give (sb) a heads-up; to break (some bad news) gently; to scold mildly,llovizna,0,1,"[""low_sense_coverage"", ""low_length_coverage"", ""placeholder""]"
2200,不分,es,not to distinguish; to make no distinction; (LGBT slang) versatile (open to either penetrative or receptive role),A pesar de todo,0,1,"[""low_sense_coverage"", ""low_length_coverage"", ""placeholder""]"
2315,不同凡响,es,lit. not a common chord (idiom); outstanding; brilliant; out of the common run,extraordinario,0,1,"[""low_sense_coverage"", ""low_length_coverage"", ""placeholder""]"
2401,不客气,es,you're welcome; don't mention it; impolite; rude; blunt,De nada,0,1,"[""low_sense_coverage"", ""low_length_coverage"", ""placeholder""]"
2677,不登大雅之堂,es,lit. not fit for elegant hall (of artwork); not presentable; coarse; unrefined,sin refinar,0,1,"[""low_sense_coverage"", ""low_length_coverage"", ""placeholder""]"
2746,不约而同,es,"(idiom) (of two or more people) to take the same action without prior consultation; (usu. used adverbially) all (or both) of them, independently; as if by prior agreement",por unanimidad,0,1,"[""low_sense_coverage"", ""low_length_coverage"", ""placeholder""]"
2907,不通,es,to be obstructed; to be blocked up; to be impassable; to make no sense; to be illogical,irrazonable,0,1,"[""low_sense_coverage"", ""low_length_coverage"", ""placeholder""]"
3813,串,es,"to string together; to skewer; to connect wrongly; to gang up; to rove; string; bunch; skewer; classifier for things that are strung together, or in a bunch, or in a row: string of, bunch of, series of; to make a swift or abrupt linear movement (like a bead on an abacus); to move across",cadena,0,1,"[""low_sense_coverage"", ""low_length_coverage"", ""placeholder""]"
3814,串串,es,(coll.) skewers; barbecued food on sticks; (in Sichuan) Sichuan-style hotpot skewers (abbr. for 串串香[chuan4 chuan4 xiang1]); (coll.) non-pedigree pet (esp. dog or cat); mutt; mixed-breed cat,cadena,0,1,"[""low_sense_coverage"", ""low_length_coverage"", ""placeholder""]"
3928,主宰,es,to dominate; to rule; to dictate; master,dominar,0,1,"[""low_sense_coverage"", ""low_length_coverage"", ""placeholder""]"
3935,主帅,es,(military) commander-in-chief; (sports) team manager; coach,entrenador,0,1,"[""low_sense_coverage"", ""low_length_coverage"", ""placeholder""]"
3986,主流,es,main stream (of a river); fig. the essential point; main viewpoint of a matter; mainstream (culture etc),convencional,0,1,"[""low_sense_coverage"", ""low_length_coverage"", ""placeholder""]"
4605,事不过三,es,(idiom) a thing should not be attempted more than three times; don't repeat the same mistake again and again; (idiom) bad things don't happen more than three times,nada mas que tres,0,1,"[""low_sense_coverage"", ""low_length_coverage"", ""placeholder""]"
5192,亚利桑那,es,Arizona,Arizona,0,0,"[""untranslated_copy"", ""placeholder""]"
5193,亚利桑那州,es,Arizona,Arizona,0,0,"[""untranslated_copy"", ""placeholder""]"
5403,交拜,es,to bow to one another; to kneel and kowtow to one another; formal kowtow as part of traditional wedding ceremony,rinden homenaje,0,1,"[""low_sense_coverage"", ""low_length_coverage"", ""placeholder""]"
5655,人事,es,personnel; human resources; human affairs; ways of the world; (euphemism) sexuality; the facts of life,personal,0,1,"[""low_sense_coverage"", ""low_length_coverage"", ""placeholder""]"
5705,人品,es,character; moral strength; integrity; (coll.) looks; appearance; bearing,personaje,0,1,"[""low_sense_coverage"", ""low_length_coverage"", ""placeholder""]"
5716,人多势众,es,"many men, a great force (idiom); many hands provide great strength; There is safety in numbers.",Muchas personas,0,1,"[""low_sense_coverage"", ""low_length_coverage"", ""placeholder""]"
5927,人设,es,"character design (in games, manga etc) (abbr. for 人物設定|人物设定[ren2 wu4 she4 ding4]); (fig.) public image; (esp. a deliberately crafted) persona",Conjunto de personas,0,1,"[""low_sense_coverage"", ""low_length_coverage"", ""placeholder""]"
5940,人迹罕至,es,lit. men's footprints are rare (idiom); fig. off the beaten track; lonely; deserted,inaccesible,0,1,"[""low_sense_coverage"", ""low_length_coverage"", ""placeholder""]"
5974,人头,es,person; number of people; (per) capita; (a person's) head; (Tw) person whose identity is used by sb else (e.g. to create a bogus account),cabeza humana,0,1,"[""low_sense_coverage"", ""low_length_coverage"", ""placeholder""]"
5996,人鱼,es,mermaid; dugong; sea cow; manatee; giant salamander,sirena,0,1,"[""low_sense_coverage"", ""low_length_coverage"", ""placeholder""]"
6391,令人发指,es,(idiom) to make one feel a sense of revulsion; abhorrent; heinous; deeply disturbing,indignante,0,1,"[""low_sense_coverage"", ""low_length_coverage"", ""placeholder""]"
7200,低谷,es,valley; trough (as opposed to peaks); fig. low point; lowest ebb; nadir of one's fortunes,canal,0,1,"[""low_sense_coverage"", ""low_length_coverage"", ""placeholder""]"
7493,作践,es,to ill-use; to humiliate; to degrade; to ruin; also pr. [zuo2 jian4],arruinar,0,1,"[""low_sense_coverage"", ""low_length_coverage"", ""placeholder""]"
7661,来劲,es,(dialect) to be full of zeal; high-spirited; exhilarating; to stir sb up,emocionante,0,1,"[""low_sense_coverage"", ""low_length_coverage"", ""placeholder""]"
7748,例行公事,es,routine business; usual practice; mere formality,rutina,0,1,"[""low_sense_coverage"", ""low_length_coverage"", ""placeholder""]"
7770,侏儒,es,dwarf; pygmy; small person; midget,enano,0,1,"[""low_sense_coverage"", ""low_length_coverage"", ""placeholder""]"
8478,俯拾皆是,es,lit. so numerous that one could just bend down and pick them up (idiom); fig. extremely common; easily available,en todos lados,0,1,"[""low_sense_coverage"", ""low_length_coverage"", ""placeholder""]"
8492,俱,es,(literary) all; both; entirely; without exception; (literary) to be together; (literary) to be alike,todo,0,1,"[""low_sense_coverage"", ""low_length_coverage"", ""placeholder""]"
8656,倒叙,es,"to start a narrative at the end (or midway), then proceed chronologically from the beginning; to flash back; flashback (in a novel, movie etc)",escena retrospectiva,0,1,"[""low_sense_coverage"", ""low_length_coverage"", ""placeholder""]"
8729,倔强,es,stubborn; obstinate; unbending,tenaz,0,1,"[""low_sense_coverage"", ""low_length_coverage"", ""placeholder""]"
8731,幸,es,trusted; intimate; (of the emperor) to visit; variant of 幸[xing4],afortunado,0,1,"[""low_sense_coverage"", ""low_length_coverage"", ""placeholder""]"
8745,候任,es,-elect; designate; (i.e. elected or appointed but not yet installed),Designado,0,1,"[""low_sense_coverage"", ""low_length_coverage"", ""placeholder""]"
9064,偏向,es,partial towards sth; to prefer; to incline; erroneous tendencies (Leftist or Revisionist deviation),inclinación,0,1,"[""low_sense_coverage"", ""low_length_coverage"", ""placeholder""]"
9122,偏角,es,angle of drift (navigation); deflection (from course); angle of divergence,declinación,0,1,"[""low_sense_coverage"", ""low_length_coverage"", ""placeholder""]"
9946,倾斜度,es,inclination (from the horizontal or vertical); slope; obliquity,inclinación,0,1,"[""low_sense_coverage"", ""low_length_coverage"", ""placeholder""]"
9964,倾角,es,dip; angle of dip (inclination of a geological plane down from horizontal); tilt (inclination of ship from vertical),inclinación,0,1,"[""low_sense_coverage"", ""low_length_coverage"", ""placeholder""]"
10043,偾,es,to instigate; to ruin; to destroy,ruina,0,1,"[""low_sense_coverage"", ""low_length_coverage"", ""placeholder""]"
10181,尽数,es,(Tw) in its entirety; all of it; all of them,todo,0,1,"[""low_sense_coverage"", ""low_length_coverage"", ""placeholder""]"
10366,元老院,es,upper house; senate; senior statesmen's assembly,senado,0,1,"[""low_sense_coverage"", ""low_length_coverage"", ""placeholder""]"
10493,先天,es,embryonic period (contrasted with 後天|后天[hou4 tian1]); inborn; innate; natural,innato,0,1,"[""low_sense_coverage"", ""low_length_coverage"", ""placeholder""]"
10512,先期,es,the time before a certain date; in advance; beforehand; premature; initial period,Etapa temprana,0,1,"[""low_sense_coverage"", ""low_length_coverage"", ""placeholder""]"
10626,光景,es,circumstances; scene; about; probably,escena,0,1,"[""low_sense_coverage"", ""low_length_coverage"", ""placeholder""]"
10823,克里斯汀,es,"(name) Christine, Kristine, Kristen, Kristin etc; Christiane; Christian",cristina,0,1,"[""low_sense_coverage"", ""low_length_coverage"", ""placeholder""]"
11189,内耗,es,internal friction; internal dissipation of energy (in mechanics); fig. waste or discord within an organization,Fricción interna,0,1,"[""low_sense_coverage"", ""low_length_coverage"", ""placeholder""]"
11216,内观,es,to introspect; to examine oneself; (Buddhism) vipassana meditation (seeking insight into the true nature of reality),Vipassana,0,1,"[""low_sense_coverage"", ""low_length_coverage"", ""placeholder""]"
11356,全熟,es,thoroughly cooked; (of steak) well done; (of eggs) hard-boiled,todo cocido,0,1,"[""low_sense_coverage"", ""low_length_coverage"", ""placeholder""]"
11923,公称,es,nominal,Nominal,0,0,"[""untranslated_copy"", ""placeholder""]"
12021,六方,es,hexagonal,hexagonal,0,0,"[""untranslated_copy"", ""placeholder""]"
12461,冠,es,to put on a hat; to be first; to dub,corona,0,1,"[""low_sense_coverage"", ""low_length_coverage"", ""placeholder""]"
12463,冠冕,es,royal crown; official hat; official; leader; chief; elegant and stately,La corona,0,1,"[""low_sense_coverage"", ""low_length_coverage"", ""placeholder""]"
12475,冠状病毒,es,coronavirus,Coronavirus,0,0,"[""untranslated_copy"", ""placeholder""]"
12767,冷清清,es,deserted; desolate; unfrequented; cold and cheerless; lonely; in quiet isolation,abandonado,0,1,"[""low_sense_coverage"", ""low_length_coverage"", ""placeholder""]"
12945,凡是,es,each and every; every; all; any,todo,0,1,"[""low_sense_coverage"", ""low_length_coverage"", ""placeholder""]"
13069,出世,es,to be born; to come into being; to withdraw from worldly affairs,nacido,0,1,"[""low_sense_coverage"", ""low_length_coverage"", ""placeholder""]"
13644,分页,es,(computing) to insert a page break; to paginate; pagination; memory paging; tab (GUI element),paginación,0,1,"[""low_sense_coverage"", ""low_length_coverage"", ""placeholder""]"
13696,切片,es,to slice; slice; thin section of a specimen (for microscopic examination),rebanada,0,1,"[""low_sense_coverage"", ""low_length_coverage"", ""placeholder""]"
14013,利,es,sharp; favorable; advantage; benefit; profit; interest; to do good to; to benefit,ganancia,0,1,"[""low_sense_coverage"", ""low_length_coverage"", ""placeholder""]"
14147,到底,es,finally; in the end; when all is said and done; after all; to the end; to the last,al final,0,1,"[""low_sense_coverage"", ""low_length_coverage"", ""placeholder""]"
14171,到头,es,to the end (of); at the end of; in the end; to come to an end,al final,0,1,"[""low_sense_coverage"", ""low_length_coverage"", ""placeholder""]"
14182,制伏,es,to overpower; to overwhelm; to subdue; to check; to control,dominar,0,1,"[""low_sense_coverage"", ""low_length_coverage"", ""placeholder""]"
14186,制胜,es,to win; to prevail; to come out on top,ganar,0,1,"[""low_sense_coverage"", ""low_length_coverage"", ""placeholder""]"
14206,制高点,es,(military) high ground; vantage point (providing a good view); commanding position (providing strategic advantage),alturas dominantes,0,1,"[""low_sense_coverage"", ""low_length_coverage"", ""placeholder""]"
14248,刺桐,es,Indian coral tree; sunshine tree; tiger's claw; Erythrina variegata (botany),Eritrina,0,1,"[""low_sense_coverage"", ""low_length_coverage"", ""placeholder""]"
14253,刺杀,es,to assassinate; (military) to fight with a bayonet; (baseball) to put out (a baserunner),asesinar,0,1,"[""low_sense_coverage"", ""low_length_coverage"", ""placeholder""]"
15293,加纳,es,Ghana,Ghana,0,0,"[""untranslated_copy"", ""placeholder""]"
15294,加索尔,es,"Gasol (name); Pau Gasol (1980-), former Spanish professional basketball player (NBA); Marc Gasol (1985-), Spanish professional basketball player",gasolina,0,1,"[""low_sense_coverage"", ""low_length_coverage"", ""placeholder""]"
15315,加足马力,es,to go at full throttle; (fig.) to go all out; to kick into high gear,todo gas,0,1,"[""low_sense_coverage"", ""low_length_coverage"", ""placeholder""]"
15506,勉勉强强,es,to achieve with difficulty; only just up to the task; barely adequate,Apenas,0,1,"[""low_sense_coverage"", ""low_length_coverage"", ""placeholder""]"
15508,勉强,es,to do with difficulty; to force sb to do sth; reluctant; barely enough,de mala gana,0,1,"[""low_sense_coverage"", ""low_length_coverage"", ""placeholder""]"
15526,勒戒,es,to force sb to give up (a drug); to enforce abstinence; to break drug dependence,abandonar,0,1,"[""low_sense_coverage"", ""low_length_coverage"", ""placeholder""]"
15578,动情,es,to get excited; passionate; aroused to passion; to fall in love; on heat (of animals),Emocional,0,1,"[""low_sense_coverage"", ""low_length_coverage"", ""placeholder""]"
15684,胜,es,victory; success; to beat; to defeat; to surpass; victorious; superior to; to get the better of; better than; surpassing; superb (of vista); beautiful (scenery); wonderful (view); (Taiwan pr. [sheng1]) able to bear; equal to (a task),ganar,0,1,"[""low_sense_coverage"", ""low_length_coverage"", ""placeholder""]"
15691,胜出,es,"to come out on top; to win (in an election, contest etc); success; victory",ganar,0,1,"[""low_sense_coverage"", ""low_length_coverage"", ""placeholder""]"
15995,包涵,es,to excuse; to forgive; to bear with; to be tolerant,perdonar,0,1,"[""low_sense_coverage"", ""low_length_coverage"", ""placeholder""]"
16489,区域性,es,regional,regional,0,0,"[""untranslated_copy"", ""placeholder""]"
16552,十六字诀,es,"16-character formula, esp. Mao Zedong's mantra on guerrilla warfare: 敵進我退，敵駐我擾，敵疲我打，敵退我追|敌进我退，敌驻我扰，敌疲我打，敌退我追[di2 jin4 wo3 tui4 , di2 zhu4 wo3 rao3 , di2 pi2 wo3 da3 , di2 tui4 wo3 zhui1] when the enemy advances we retreat; when the enemy makes camp we harass; when the enemy is exhausted we fight; and when the enemy retreats we pursue",dieciséis personajes,0,1,"[""low_sense_coverage"", ""low_length_coverage"", ""placeholder""]"
16706,千钧一发,es,lit. a thousand pounds hangs by a thread (idiom); fig. (at the) critical; perilous (moment),llamada cercana,0,1,"[""low_sense_coverage"", ""low_length_coverage"", ""placeholder""]"
16999,协调,es,to coordinate; to harmonize; to fit together; to match (colors etc); harmonious; concerted,coordinación,0,1,"[""low_sense_coverage"", ""low_length_coverage"", ""placeholder""]"
17085,南希,es,Nancy,nancy,0,0,"[""untranslated_copy"", ""placeholder""]"
17426,卡塔赫纳,es,Cartagena,cartagena,0,0,"[""untranslated_copy"", ""placeholder""]"
17587,印度支那,es,Indochina,Indochina,0,0,"[""untranslated_copy"", ""placeholder""]"
17775,��绕,es,to wind; to coil; to spool; to loop around; winding,Terminar,0,1,"[""low_sense_coverage"", ""low_length_coverage"", ""placeholder""]"
17874,原,es,former; original; primary; raw; level; cause; source,Original,0,1,"[""low_sense_coverage"", ""low_length_coverage"", ""placeholder""]"
17880,原作,es,original works; original text; original author,original,0,1,"[""low_sense_coverage"", ""low_length_coverage"", ""placeholder""]"
17899,原味,es,authentic taste; plain cooked; natural flavor (without spices and seasonings),Original,0,1,"[""low_sense_coverage"", ""low_length_coverage"", ""placeholder""]"
17907,原始,es,first; original; primitive; original (document etc),original,0,1,"[""low_sense_coverage"", ""low_length_coverage"", ""placeholder""]"
17944,原本,es,originally; the original; original copy; original version,original,0,1,"[""low_sense_coverage"", ""low_length_coverage"", ""placeholder""]"
17963,原生,es,original; primary; native; indigenous; proto-; stock (firmware),Nativo,0,1,"[""low_sense_coverage"", ""low_length_coverage"", ""placeholder""]"
18066,去掉,es,to get rid of; to exclude; to eliminate; to remove; to delete; to strip out; to extract,eliminar,0,1,"[""low_sense_coverage"", ""low_length_coverage"", ""placeholder""]"
18245,反串,es,(Chinese opera) to play a role outside of one's specialty; (modern) to play a transvestite role; to masquerade as an opponent,cadena inversa,0,1,"[""low_sense_coverage"", ""low_length_coverage"", ""placeholder""]"
18916,古法,es,"traditional method; traditional technique; (of a product, craft etc) traditional; old-style",método antiguo,0,1,"[""low_sense_coverage"", ""low_length_coverage"", ""placeholder""]"
19636,各位,es,"everybody; all (guests, colleagues etc); all of you",todos,0,1,"[""low_sense_coverage"", ""low_length_coverage"", ""placeholder""]"
19683,合,es,"100 ml; one-tenth of a peck; measure for dry grain equal to one-tenth of sheng 升 or liter, or one-hundredth dou 斗",combinar,0,1,"[""low_sense_coverage"", ""low_length_coverage"", ""placeholder""]"
19684,合,es,to close; to join; to fit; to be equal to; whole; together; round (in battle); conjunction (astronomy); 1st note of pentatonic scale; old variant of 盒[he2],combinar,0,1,"[""low_sense_coverage"", ""low_length_coverage"", ""placeholder""]"
19740,合成代谢,es,anabolism (biology); constructive metabolism (using energy to make proteins etc); assimilation,anabólico,0,1,"[""low_sense_coverage"", ""low_length_coverage"", ""placeholder""]"
19868,吉士,es,cheese (loanword); custard powder; (literary) man (laudatory); person of virtue,Natilla,0,1,"[""low_sense_coverage"", ""low_length_coverage"", ""placeholder""]"
20704,吸虫纲,es,"Class Trematoda; fluke; trematode worm, a parasite incl. on humans",trematodos,0,1,"[""low_sense_coverage"", ""low_length_coverage"", ""placeholder""]"
20891,呢,es,"(sentence-final particle) used in questions to link back to prior discourse or context (""what about...?"", ""and...?""); (sentence-final particle) indicating that a state or situation still holds; (discourse particle) used to mark a slight pause or emphasis in speech",Paño de lana,0,1,"[""low_sense_coverage"", ""low_length_coverage"", ""placeholder""]"
20907,周,es,to make a circuit; to circle; circle; circumference; lap; cycle; complete; all; all over; thorough; to help financially,semana,0,1,"[""low_sense_coverage"", ""low_length_coverage"", ""placeholder""]"
21461,哀,es,(bound form) sorrow; grief; pity; (bound form) to grieve for; to pity; to lament; to condole,pena,0,1,"[""low_sense_coverage"", ""low_length_coverage"", ""placeholder""]"
21523,品格,es,(of a person) moral character; integrity; (of a work of art or literature) style; character; quality; (music) fret (on a stringed instrument),personaje,0,1,"[""low_sense_coverage"", ""low_length_coverage"", ""placeholder""]"
22112,唾面自干,es,"to be spat on in the face and let it dry by itself, not wiping it off (idiom); to turn the other cheek; to drain the cup of humiliation",resignación,0,1,"[""low_sense_coverage"", ""low_length_coverage"", ""placeholder""]"
22268,问罪,es,to denounce; to condemn; to call to account; to punish,condenar,0,1,"[""low_sense_coverage"", ""low_length_coverage"", ""placeholder""]"
22332,启示,es,to reveal; to enlighten; enlightenment; revelation; illumination; moral (of a story etc); lesson,iluminación,0,1,"[""low_sense_coverage"", ""low_length_coverage"", ""placeholder""]"
22337,启蒙,es,to instruct the young; to initiate; to awake sb from ignorance; to free sb from prejudice or superstition; primer; enlightened; the Enlightenment; Western learning from the late Qing dynasty,iluminación,0,1,"[""low_sense_coverage"", ""low_length_coverage"", ""placeholder""]"
22450,善终,es,"to die naturally with dignity; to pass away peacefully; (of partnerships, projects etc) to end well; to have a good ending",buena Muerte,0,1,"[""low_sense_coverage"", ""low_length_coverage"", ""placeholder""]"
22453,善罢甘休,es,(idiom) to let the matter rest; to just let it go; to take it lying down (usu. used in the negative),abandonar,0,1,"[""low_sense_coverage"", ""low_length_coverage"", ""placeholder""]"
23051,唢呐,es,"suona, Chinese shawm (oboe), used in festivals and processions or for military purposes; also written 鎖吶|锁呐; also called 喇叭[la3 ba5]",suona,0,1,"[""low_sense_coverage"", ""low_length_coverage"", ""placeholder""]"
23136,嘌,es,(literary) fast; speedy; used in 嘌呤[piao4 ling4]; Taiwan pr. [piao1],purina,0,1,"[""low_sense_coverage"", ""low_length_coverage"", ""placeholder""]"
23803,四维,es,"the four social bonds: propriety, justice, integrity and honor; see 禮義廉恥|礼义廉耻[li3 yi4 lian2 chi3]; the four directions; the four limbs (Chinese medicine); four-dimensional",tetradimensional,0,1,"[""low_sense_coverage"", ""low_length_coverage"", ""placeholder""]"
24065,因袭,es,to follow old patterns; to imitate existing models; to continue along the same lines,convencional,0,1,"[""low_sense_coverage"", ""low_length_coverage"", ""placeholder""]"
24116,固执,es,obstinate; stubborn; to fixate on; to cling to,Tenaz,0,1,"[""low_sense_coverage"", ""low_length_coverage"", ""placeholder""]"
24243,国安,es,national security (abbr. for 國家安全|国家安全[guo2 jia1 an1 quan2]); national security act; state security agency,seguridad nacional,0,1,"[""low_sense_coverage"", ""low_length_coverage"", ""placeholder""]"
24319,国手,es,"(sports) member of the national team; national representative; (medicine, chess etc) one of the most highly skilled practitioners in one's country",campeón nacional,0,1,"[""low_sense_coverage"", ""low_length_coverage"", ""placeholder""]"
24337,国服,es,national dress; traditional attire; (Internet gaming) domestic gaming server; (esp.) Chinese server (abbr. for 國內服務器|国内服务器[guo2 nei4 fu2 wu4 qi4]),servicio Nacional,0,1,"[""low_sense_coverage"", ""low_length_coverage"", ""placeholder""]"
24831,土生土长,es,"(idiom) (of people) born and raised in the locality; (of art forms, political parties, enterprises, products etc) developed locally from the outset; wholly indigenous",nativo,0,1,"[""low_sense_coverage"", ""low_length_coverage"", ""placeholder""]"
24893,在位,es,to be on the throne; to reign; to hold a particular leadership position,reinado,0,1,"[""low_sense_coverage"", ""low_length_coverage"", ""placeholder""]"
25223,均,es,(bound form) equal; uniform; even; (literary) without exception; all,todo,0,1,"[""low_sense_coverage"", ""low_length_coverage"", ""placeholder""]"
25644,城区,es,"Cheng District or Chengqu, a district of Shanwei City 汕尾市[Shan4 wei3 Shi4], Guangdong; Cheng District or Chengqu, a district of Yangquan City 陽泉市|阳泉市[Yang2 quan2 Shi4], Shanxi; Cheng District or Chengqu, a district of Jincheng City 晉城市|晋城市[Jin4 cheng2 Shi4], Shanxi",área urbana,0,1,"[""low_sense_coverage"", ""low_length_coverage"", ""placeholder""]"
25751,执拗,es,stubborn; willful; pigheaded; Taiwan pr. [zhi2ao4],tenaz,0,1,"[""low_sense_coverage"", ""low_length_coverage"", ""placeholder""]"
26014,堆砌,es,lit. to pile up (bricks); to pack; fig. to pad out (writing with fancy phrases); ornate rhetoric,amontonar,0,1,"[""low_sense_coverage"", ""low_length_coverage"", ""placeholder""]"
26199,场面,es,scene; spectacle; occasion; situation,escena,0,1,"[""low_sense_coverage"", ""low_length_coverage"", ""placeholder""]"
26406,塞翁失马安知非福,es,"the old man lost his mare, but it all turned out for the best (idiom); fig. a blessing in disguise; it's an ill wind that blows nobody any good; also written 塞翁失馬焉知非福|塞翁失马焉知非福",Es una bendición disfrazada,0,1,"[""low_sense_coverage"", ""low_length_coverage"", ""placeholder""]"
26445,填补,es,to fill a gap; to fill in a blank (on a form); to overcome a deficiency,llenar,0,1,"[""low_sense_coverage"", ""low_length_coverage"", ""placeholder""]"
26593,增益,es,to increase; (electronics) gain; (gaming) buff,ganar,0,1,"[""low_sense_coverage"", ""low_length_coverage"", ""placeholder""]"
26746,压,es,used in 壓根兒|压根儿[ya4 gen1 r5]; used in 壓馬路|压马路[ya4 ma3 lu4]; used in 壓板|压板[ya4 ban3],para presionar,0,1,"[""low_sense_coverage"", ""low_length_coverage"", ""placeholder""]"
27139,外援,es,foreign aid; external aid; (sports) foreign player; player recruited from overseas,ayuda externa,0,1,"[""low_sense_coverage"", ""low_length_coverage"", ""placeholder""]"
27440,多端,es,multifarious; multifold; many and varied; multiport; multistation; multiterminal,multiterminal,0,1,"[""low_sense_coverage"", ""low_length_coverage"", ""placeholder""]"
27651,大中华,es,"Greater China; refers to China, Taiwan, Hong Kong and Macau (esp. in finance and economics); refers to all areas of Chinese presence (esp. in the cultural field), including parts of Southeast Asia, Europe and the Americas",China mas grande,0,1,"[""low_sense_coverage"", ""low_length_coverage"", ""placeholder""]"
27656,大乘,es,"Mahayana, the Great Vehicle; Buddhism based on the Mayahana sutras, as spread to Central Asia, China and beyond; also pr. [Da4 cheng2]",mahayana,0,1,"[""low_sense_coverage"", ""low_length_coverage"", ""placeholder""]"
27852,大姐,es,big sister; elder sister; older sister (also polite term of address for a girl or woman slightly older than the speaker),hermana mayor,0,1,"[""low_sense_coverage"", ""low_length_coverage"", ""placeholder""]"
27886,大家,es,everyone; influential family; great expert,Todos,0,1,"[""low_sense_coverage"", ""low_length_coverage"", ""placeholder""]"
27985,大抵,es,generally speaking; by and large; for the most part,apenas,0,1,"[""low_sense_coverage"", ""low_length_coverage"", ""placeholder""]"
27992,大拿,es,(coll.) man in power; boss; authority; expert,Dana,0,1,"[""low_sense_coverage"", ""low_length_coverage"", ""placeholder""]"
28227,大略,es,a broad outline; the general idea; roughly,Apenas,0,1,"[""low_sense_coverage"", ""low_length_coverage"", ""placeholder""]"
28236,大白菜,es,Chinese cabbage; napa cabbage (Brassica rapa subsp. pekinensis); CL:棵[ke1],col china,0,1,"[""low_sense_coverage"", ""low_length_coverage"", ""placeholder""]"
28290,大篷车,es,covered truck; covered wagon; bus with some seating but mostly standing room,caravana,0,1,"[""low_sense_coverage"", ""low_length_coverage"", ""placeholder""]"
28695,天南地北,es,(idiom) far apart; (idiom) from different places; from all over; (idiom) (to talk) about this and that,por todo el mundo,0,1,"[""low_sense_coverage"", ""low_length_coverage"", ""placeholder""]"
28847,天然,es,natural,natural,0,0,"[""untranslated_copy"", ""placeholder""]"
28873,天生,es,nature; disposition; innate; natural,nacido,0,1,"[""low_sense_coverage"", ""low_length_coverage"", ""placeholder""]"
28909,天线,es,antenna; aerial; (fig.) connection to higher authorities; channel to influential people,antena,0,1,"[""low_sense_coverage"", ""low_length_coverage"", ""placeholder""]"
29503,奉命,es,to receive orders; to follow orders; to act under orders,ordenado,0,1,"[""low_sense_coverage"", ""low_length_coverage"", ""placeholder""]"
29548,奏鸣曲,es,sonata,sonata,0,0,"[""untranslated_copy"", ""placeholder""]"
29650,套路,es,sequence of movements in martial arts; routine; pattern; standard method,Rutina,0,1,"[""low_sense_coverage"", ""low_length_coverage"", ""placeholder""]"
29799,夺得,es,to take (after a struggle); to wrest; to seize; to capture; to win (a trophy),ganado,0,1,"[""low_sense_coverage"", ""low_length_coverage"", ""placeholder""]"
29953,奴颜婢膝,es,servile and bending the knee (idiom); fawning; bending and scraping to curry favor,subordinado,0,1,"[""low_sense_coverage"", ""low_length_coverage"", ""placeholder""]"
30043,好事,es,"good action, deed, thing or work (also sarcastic, ""a fine thing indeed""); charity; happy occasion; Daoist or Buddhist ceremony for the souls of the dead",Buena cosa,0,1,"[""low_sense_coverage"", ""low_length_coverage"", ""placeholder""]"
30523,委曲,es,to feel wronged; to feel aggrieved; (in set phrases such as 委曲求全[wei3 qu1 qiu2 quan2]) to yield; to make concessions; (literary) winding; tortuous; indirect; (literary) detailed; elaborate,de mala gana,0,1,"[""low_sense_coverage"", ""low_length_coverage"", ""placeholder""]"
30770,娜娜,es,Nana (name); Nana (1880 novel by Émile Zola); Nana (Japanese manga series),nana,0,1,"[""low_sense_coverage"", ""low_length_coverage"", ""placeholder""]"
31335,字,es,letter; symbol; character; word; CL:個|个[ge4]; courtesy or style name traditionally given to males aged 20 in dynastic China,Personaje,0,1,"[""low_sense_coverage"", ""low_length_coverage"", ""placeholder""]"
31339,字典,es,"Chinese character dictionary (containing entries for single characters, contrasted with a 詞典|词典[ci2 dian3], which has entries for words of one or more characters); (coll.) dictionary; CL:本[ben3]",diccionario,0,1,"[""low_sense_coverage"", ""low_length_coverage"", ""placeholder""]"
31579,孤芳自赏,es,lone flower admiring itself (idiom); narcissism; self-love,narcisismo,0,1,"[""low_sense_coverage"", ""low_length_coverage"", ""placeholder""]"
31647,孰料,es,who would have thought?; who could have imagined?; unexpectedly,Adivinar,0,1,"[""low_sense_coverage"", ""low_length_coverage"", ""placeholder""]"
31887,安人,es,"to pacify the people; landlady (old); wife of 員外|员外[yuan2 wai4], landlord",Ana,0,1,"[""low_sense_coverage"", ""low_length_coverage"", ""placeholder""]"
31929,安南,es,"Annam (Tang Dynasty protectorate located in what is now northern Vietnam); Annam (autonomous kingdom located in what is now northern Vietnam, 10th-15th century); Annam (central part of Vietnam during the French colonial period); old name for Vietnam; Annan District in Tainan 臺南|台南[Tai2 nan2], Taiwan; Kofi Annan (1938-2018), UN secretary-general 1997-2006",ana,0,1,"[""low_sense_coverage"", ""low_length_coverage"", ""placeholder""]"
32189,完了,es,to be finished; to be done for; ruined; gone to the dogs; oh no,finalizado,0,1,"[""low_sense_coverage"", ""low_length_coverage"", ""placeholder""]"
32191,完事大吉,es,(idiom) (usu. after 就[jiu4]) (having done such-and-such) everything is now fine; that's the end of the matter; (one is) all set,buena suerte,0,1,"[""low_sense_coverage"", ""low_length_coverage"", ""placeholder""]"
32858,家畜,es,domestic animal; livestock; cattle,ganado,0,1,"[""low_sense_coverage"", ""low_length_coverage"", ""placeholder""]"
33045,寄养,es,"to place in the care of sb (a child, pet etc); to foster; to board out",orfanato,0,1,"[""low_sense_coverage"", ""low_length_coverage"", ""placeholder""]"
33096,密接,es,closely connected; inseparably related; (epidemiology) close contact (abbr. for 密切接觸者|密切接触者[mi4 qie4 jie1 chu4 zhe3]),conexión cercana,0,1,"[""low_sense_coverage"", ""low_length_coverage"", ""placeholder""]"
33395,实景,es,real scene (not set up or posed); real location (not a film studio set or theater); live action (not animation),escena real,0,1,"[""low_sense_coverage"", ""low_length_coverage"", ""placeholder""]"
34368,小便,es,urine; to urinate; (euphemism) penis or vulva,orinar,0,1,"[""low_sense_coverage"", ""low_length_coverage"", ""placeholder""]"
34480,小屋,es,cabin; lodge; cottage; chalet; hut; shed,cabina,0,1,"[""low_sense_coverage"", ""low_length_coverage"", ""placeholder""]"
35064,尺,es,"a Chinese foot; one-third of a meter; a ruler; a tape-measure; one of the three acupoints for measuring pulse in Chinese medicine; CL:支[zhi1],把[ba3]",gobernante,0,1,"[""low_sense_coverage"", ""low_length_coverage"", ""placeholder""]"
35178,尿,es,to urinate; urine; CL:泡[pao1],Orina,0,1,"[""low_sense_coverage"", ""low_length_coverage"", ""placeholder""]"
35204,局,es,"office; situation; classifier for games: match, set, round etc",Oficina,0,1,"[""low_sense_coverage"", ""low_length_coverage"", ""placeholder""]"
36054,岗,es,(bound form) hillock; mound; sentry post; policeman's beat; (bound form) job; post,Colina,0,1,"[""low_sense_coverage"", ""low_length_coverage"", ""placeholder""]"
36289,州长,es,governor (of a province or colony); (US) state governor; (Australian) state premier,gobernador,0,1,"[""low_sense_coverage"", ""low_length_coverage"", ""placeholder""]"
37042,布基纳法索,es,Burkina Faso,Burkina Faso,0,0,"[""untranslated_copy"", ""placeholder""]"
37443,常务,es,routine; everyday business; daily operation (of a company),rutina,0,1,"[""low_sense_coverage"", ""low_length_coverage"", ""placeholder""]"
37494,常规,es,code of conduct; conventions; common practice; routine (medical procedure etc),convencional,0,1,"[""low_sense_coverage"", ""low_length_coverage"", ""placeholder""]"
37547,幕府,es,"(orig.) tents forming the offices of a commanding officer; administration of a military government; (medieval Japan) ""bakufu"", administration of the shogun",shogunato,0,1,"[""low_sense_coverage"", ""low_length_coverage"", ""placeholder""]"
37550,幕后花絮,es,"(cinema, TV) behind-the-scenes footage; bonus features; making-of clips (e.g. bloopers, outtakes, cast interviews or production footage)",Detrás de escena,0,1,"[""low_sense_coverage"", ""low_length_coverage"", ""placeholder""]"
38055,幻灭,es,"(of dreams, hopes etc) to vanish; to evaporate; (of a person) to become disillusioned; disillusionment",desilusionado,0,1,"[""low_sense_coverage"", ""low_length_coverage"", ""placeholder""]"
38336,坐标,es,(geometry) coordinate; (fig.) point of reference; frame of reference; guidepost,coordinar,0,1,"[""low_sense_coverage"", ""low_length_coverage"", ""placeholder""]"
69,OK镜,ru,"OK lens, orthokeratology contact lens that helps reshape the cornea in order to eliminate nearsightedness or myopia","OK Lens, orthokeratology contact lens that helps reshape the cornea in order to eliminate nearsightedness or myopia",0,1,"[""untranslated_copy"", ""placeholder""]"
121,□,ru,"(Tw) (coll.) cool; awesome; (etymologically, a contracted form of 不一樣|不一样[bu4 yi1 yang4]); often written as ㄅㄧㄤˋ","uptightobstinateto awkwardly force oneself to do sth(Taiwanese, POJ pr. \[gēng\], often written as ㄍㄧㄥ, no generally accepted hanzi form)",0,1,"[""low_sense_coverage"", ""english_leakage"", ""placeholder""]"
123,□,ru,"uptight; obstinate; to awkwardly force oneself to do sth (from Taiwanese, Tai-lo pr. [king], often written as ㄍㄧㄥ, no generally accepted hanzi form)","uptightobstinateto awkwardly force oneself to do sth(Taiwanese, POJ pr. \[gēng\], often written as ㄍㄧㄥ, no generally accepted hanzi form)",0,1,"[""low_sense_coverage"", ""english_leakage"", ""placeholder""]"
1080,七大工业国集团,ru,"G7, the group of 7 industrialized countries: US, Japan, Britain, Germany, France, Italy and Canada (now G8, including Russia)","G7, the group of 7 industrialized countries: US, Japan, Britain, Germany, France, Italy and Canada (now G8, including Russia)",0,1,"[""untranslated_copy"", ""placeholder""]"
2231,不加区别,ru,indiscriminate,indiscriminate,0,0,"[""untranslated_copy"", ""placeholder""]"
2245,不胜其扰,ru,unable to put up with (sth) any longer,unable to put up with (sth) any longer,0,1,"[""untranslated_copy"", ""placeholder""]"
2524,不拉叽,ru,"(nasty, stupid etc) as can be","(nasty, stupid etc) as can be",0,1,"[""untranslated_copy"", ""placeholder""]"
2638,不为酒困,ru,not a slave to the bottle; able to enjoy alcohol in moderation; able to hold one's drink,not a slave to the bottleable to enjoy alcohol in moderationable to hold one’s drink,0,1,"[""low_sense_coverage"", ""english_leakage"", ""placeholder""]"
2914,不逮捕特权,ru,"the right of immunity from arrest afforded by the Taiwan ROC Constitution, for the duration of meetings, unless caught actually committing a crime, to members of the National Assembly, the Legislative Yuan, or a supervisory committee","the right of immunity from arrest afforded by the Taiwan ROC Constitution, for the duration of meetings, unless caught actually committing a crime, to members of the National Assembly, the Legislative Yuan, or a supervisory committee",0,1,"[""untranslated_copy"", ""placeholder""]"
3077,世袭君主国,ru,hereditary monarchy,hereditary monarchy,0,1,"[""untranslated_copy"", ""placeholder""]"
3247,中俄改订条约,ru,"Treaty of Saint Petersburg of 1881, whereby Russia handed back Yili province to Qing China in exchange for compensation payment and unequal treaty rights","Treaty of Saint Petersburg of 1881, whereby Russia handed back Yili province to Qing China in exchange for compensation payment and unequal treaty rights",0,1,"[""untranslated_copy"", ""placeholder""]"
3264,中北大学,ru,North University of China (Shanxi),North University of China (Shanxi),0,1,"[""untranslated_copy"", ""placeholder""]"
3337,中国大百科全书出版社,ru,Encyclopedia of China Publishing House,Encyclopedia of China Publishing House,0,1,"[""untranslated_copy"", ""placeholder""]"
3346,中国广播公司,ru,Broadcasting Corporation of China (BCC),Broadcasting Corporation of China (BCC),0,1,"[""untranslated_copy"", ""placeholder""]"
3361,中国核能总公司,ru,China National Nuclear Corporation (CNNC),China National Nuclear Corporation (CNNC),0,1,"[""untranslated_copy"", ""placeholder""]"
3369,中国法学会,ru,China Law Society,China Law Society,0,1,"[""untranslated_copy"", ""placeholder""]"
3377,中国白眉朱雀,ru,(bird species of China) Chinese white-browed rosefinch (Carpodacus dubius),(bird species of China) Chinese white-browed rosefinch (Carpodacus dubius),0,1,"[""untranslated_copy"", ""placeholder""]"
3386,中国精密机械进出口公司,ru,China Precision Machinery Import-Export Corporation (CPMIEC),China Precision Machinery Import-Export Corporation (CPMIEC),0,1,"[""untranslated_copy"", ""placeholder""]"
3392,中国联通,ru,China Unicom,China Unicom,0,0,"[""untranslated_copy"", ""placeholder""]"
3398,中国船舶工业集团,ru,China State Shipbuilding Corporation (CSSC),China State Shipbuilding Corporation (CSSC),0,1,"[""untranslated_copy"", ""placeholder""]"
3399,中国船舶贸易公司,ru,China Shipbuilding Trading Corporation (CSTC),China Shipbuilding Trading Corporation (CSTC),0,1,"[""untranslated_copy"", ""placeholder""]"
3411,中国游艺机游乐园协会,ru,China Association of Amusement Parks and Attractions (CAAPA),China Association of Amusement Parks and Attractions (CAAPA),0,1,"[""untranslated_copy"", ""placeholder""]"
3417,中国长城工业公司,ru,China Great Wall Industry Corporation (CGWIC),China Great Wall Industry Corporation (CGWIC),0,1,"[""untranslated_copy"", ""placeholder""]"
3447,中央广播电台,ru,Radio Taiwan International (RTI),Radio Taiwan International (RTI),0,1,"[""untranslated_copy"", ""placeholder""]"
3718,中苏解决悬案大纲协定,ru,the treaty of 1923 normalizing relations between the Soviet Union and the Northern Warlord government of China,the treaty of 1923 normalizing relations between the Soviet Union and the Northern Warlord government of China,0,1,"[""untranslated_copy"", ""placeholder""]"
4641,事工,ru,(Christianity) ministry (work of a spiritual or charitable nature),(Christianity) ministry (work of a spiritual or charitable nature),0,1,"[""untranslated_copy"", ""placeholder""]"
5047,五灯会元,ru,"Song Dynasty History of Zen Buddhism in China (1252), 20 scrolls","Song dynasty history of Zen Buddhism in China (1252), 20 scrolls",0,1,"[""untranslated_copy"", ""placeholder""]"
5211,亚弗烈,ru,Alfred (name),Alfred (name),0,0,"[""untranslated_copy"", ""placeholder""]"
6501,以直报怨，以德报德,ru,"to repay kindness with kindness, and repay enmity with justice (idiom, from Analects)","to repay kindness with kindness, and repay enmity with justice (idiom, from Analects)",0,1,"[""untranslated_copy"", ""placeholder""]"
6745,伊戈尔斯,ru,Eagles (name),Eagles (name),0,0,"[""untranslated_copy"", ""placeholder""]"
6764,伊曼纽尔,ru,Emanuel; Immanuel (name),Emanuel; Immanuel (name),0,1,"[""untranslated_copy"", ""placeholder""]"
7140,低地绣眼鸟,ru,(bird species of China) lowland white-eye (Zosterops meyeni),(bird species of China) lowland white-eye (Zosterops meyeni),0,1,"[""untranslated_copy"", ""placeholder""]"
7721,来电答铃,ru,(Tw) ringback tone (heard by the originator of a telephone call),(Tw) ringback tone (heard by the originator of a telephone call),0,1,"[""untranslated_copy"", ""placeholder""]"
7887,侯景之乱,ru,rebellion against Liang of the Southern Dynasties 南朝梁 in 548,rebellion against Liang of the Southern Dynasties 南朝梁 in 548,0,1,"[""untranslated_copy"", ""placeholder""]"
8288,信报财经新闻,ru,Hong Kong Economic Journal,Hong Kong Economic Journal,0,1,"[""untranslated_copy"", ""placeholder""]"
8372,信贷衍生产品,ru,credit derivative (in finance),credit derivative (in finance),0,1,"[""untranslated_copy"", ""placeholder""]"
8619,倒反天纲,ru,to violate the natural order; to defy social norms,to violate the natural order; to defy social norms,0,1,"[""untranslated_copy"", ""placeholder""]"
8880,伦敦国际金融期货交易所,ru,London International Financial Futures and Options Exchange (LIFFE),London International Financial Futures and Options Exchange (LIFFE),0,1,"[""untranslated_copy"", ""placeholder""]"
9292,偡,ru,(literary) orderly; neat,-,0,1,"[""partial_sense_coverage"", ""too_short"", ""placeholder""]"
9971,傿,ru,name of an immortal; ancient place name; surname Yan,-,0,1,"[""low_sense_coverage"", ""too_short"", ""placeholder""]"
10342,元恶大憝,ru,arch-criminal and archenemy (idiom),arch-criminal and archenemy (idiom),0,1,"[""untranslated_copy"", ""placeholder""]"
10815,克蕾儿,ru,Clare (name),Clare (name),0,0,"[""untranslated_copy"", ""placeholder""]"
10988,入园,ru,"to enter a park or other place for public recreation (typically, one whose name ends in 園|园: a zoo 動物園|动物园[dong4 wu4 yuan2], amusement park 遊樂園|游乐园[you2 le4 yuan2] etc); to enrol in a kindergarten 幼兒園|幼儿园[you4 er2 yuan2]; to start going to kindergarten","to enter a park or other place for public recreation (typically, one whose name ends in 园: a zoo 动物园\[dòng wù yuán\], amusement park 游乐园\[yóu lè yuán\] etc)to enrol in a kindergarten 幼儿园\[yòu ér yuán\]to start going to kindergarten",0,1,"[""low_sense_coverage"", ""english_leakage"", ""placeholder""]"
11131,内忧外困,ru,internal trouble and outside aggression (idiom); in a mess both domestically and abroad,internal trouble and outside aggression (idiom); in a mess both domestically and abroad,0,1,"[""untranslated_copy"", ""placeholder""]"
11159,内熵,ru,internal entropy (physics),internal entropy (physics),0,1,"[""untranslated_copy"", ""placeholder""]"
11287,全场一致,ru,unanimous,unanimous,0,0,"[""untranslated_copy"", ""placeholder""]"
11402,全美广播公司,ru,National Broadcasting Company (NBC),National Broadcasting Company (NBC),0,1,"[""untranslated_copy"", ""placeholder""]"
11593,八块腹肌,ru,six pack (abdominal muscles),six pack (abdominal muscles),0,1,"[""untranslated_copy"", ""placeholder""]"
12019,六库,ru,"Liuku or Lutku, capital of Nujiang Lisu autonomous prefecture 怒江傈僳族自治州 in Yunnan","Liuku or Lutku, capital of Nujiang Lisu autonomous prefecture 怒江傈僳族自治州 in Yunnan",0,1,"[""untranslated_copy"", ""placeholder""]"
12473,冠状动脉旁路移植手术,ru,coronary bypass operation,coronary bypass operation,0,1,"[""untranslated_copy"", ""placeholder""]"
12474,冠状动脉旁通手术,ru,coronary bypass operation,coronary bypass operation,0,1,"[""untranslated_copy"", ""placeholder""]"
12574,冬蛰,ru,hibernation,hibernation,0,0,"[""untranslated_copy"", ""placeholder""]"
14341,锉尸,ru,to cut the corpse of a criminal into pieces,to cut the corpse of a criminal into pieces,0,1,"[""untranslated_copy"", ""placeholder""]"
14842,创见性,ru,"original (idea, discovery etc)","original (idea, discovery etc)",0,1,"[""untranslated_copy"", ""placeholder""]"
15010,剑走偏锋,ru,the sword moves with side stroke (modern idiom); fig. unexpected winning move; unconventional gambit,"the sword moves with side stroke, fig. unexpected winning move, unconventional gambit",0,1,"[""low_sense_coverage"", ""english_leakage"", ""placeholder""]"
15011,剑走蜻蛉,ru,the sword moves like a dragon-fly (modern idiom); fig. unexpected winning move; unconventional gambit,the sword moves like a dragon-fly (modern idiom)fig. unexpected winning moveunconventional gambit,0,1,"[""low_sense_coverage"", ""english_leakage"", ""placeholder""]"
15257,加氢油,ru,hydrogenated oil,hydrogenated oil,0,1,"[""untranslated_copy"", ""placeholder""]"
15313,加购,ru,to buy (sth extra); to make an additional purchase,to buy (sth extra); to make an additional purchase,0,1,"[""untranslated_copy"", ""placeholder""]"
15342,加麻大,ru,(slang) Canada,(slang) Canada,0,0,"[""untranslated_copy"", ""placeholder""]"
16180,北京南苑机场,ru,"Beijing Nanyuan Airport, military air base and secondary civil airport of Beijing","Beijing Nanyuan Airport, military air base and secondary civil airport of Beijing",0,1,"[""untranslated_copy"", ""placeholder""]"
16184,北京国家体育场,ru,Beijing National Stadium,Beijing National Stadium,0,1,"[""untranslated_copy"", ""placeholder""]"
16204,北京环球金融中心,ru,"Beijing World Financial Center, skyscraper","Beijing World Financial Center, skyscraper",0,1,"[""untranslated_copy"", ""placeholder""]"
16283,北方民族大学,ru,"Northern Nationalities University NNU at Yingchuan, Ningxia (former Northwestern Second College for Nationalities)","Northern Nationalities University NNU at Yingchuan, Ningxia (former Northwestern Second College for Nationalities)",0,1,"[""untranslated_copy"", ""placeholder""]"
16368,北领角鸮,ru,(bird species of China) Japanese scops owl (Otus semitorques),(bird species of China) Japanese scops owl (Otus semitorques),0,1,"[""untranslated_copy"", ""placeholder""]"
16375,北鹰鹃,ru,(bird species of China) rufous hawk-cuckoo (Hierococcyx hyperythrus),(bird species of China) rufous hawk-cuckoo (Hierococcyx hyperythrus),0,1,"[""untranslated_copy"", ""placeholder""]"
16427,汇业财经集团,ru,Delta Asia Financial Group (Macau),Delta Asia financial group (Macau),0,1,"[""untranslated_copy"", ""placeholder""]"
16817,半岛国际学校,ru,International School of the Penninsula,International School of the Penninsula,0,1,"[""untranslated_copy"", ""placeholder""]"
17019,南亚大草莺,ru,(bird species of China) Indian grassbird (Graminicola bengalensis),(bird species of China) Indian grassbird (Graminicola bengalensis),0,1,"[""untranslated_copy"", ""placeholder""]"
17143,南洋理工大学,ru,"Nanyang Technological University, Singapore","Nanyang Technological University, Singapore",0,1,"[""untranslated_copy"", ""placeholder""]"
17584,印度寿带,ru,(bird species of China) Indian paradise flycatcher (Terpsiphone paradisi),(bird species of China) Indian paradise flycatcher (Terpsiphone paradisi),0,1,"[""untranslated_copy"", ""placeholder""]"
17597,印度金黄鹂,ru,(bird species of China) Indian golden oriole (Oriolus kundoo),(bird species of China) Indian golden oriole (Oriolus kundoo),0,1,"[""untranslated_copy"", ""placeholder""]"
17635,印缅褐头雀鹛,ru,(bird species of China) manipur fulvetta (Fulvetta manipurensis),(bird species of China) manipur fulvetta (Fulvetta manipurensis),0,1,"[""untranslated_copy"", ""placeholder""]"
17839,厚嘴啄花鸟,ru,(bird species of China) thick-billed flowerpecker (Dicaeum agile),(bird species of China) thick-billed flowerpecker (Dicaeum agile),0,1,"[""untranslated_copy"", ""placeholder""]"
18087,去台人员,ru,those who left China for Taiwan before the founding of PRC in 1949,those who left China for Taiwan before the founding of PRC in 1949,0,1,"[""untranslated_copy"", ""placeholder""]"
18365,反时势,ru,unconventional,unconventional,0,0,"[""untranslated_copy"", ""placeholder""]"
18940,古纤道,ru,Old Towpath along the Grand Canal in Zhejiang Province,Old Towpath along the Grand Canal in Zhejiang Province,0,1,"[""untranslated_copy"", ""placeholder""]"
18975,古丽,ru,Gül (common female Uyghur name),Gül (common female Uyghur name),0,1,"[""untranslated_copy"", ""placeholder""]"
19490,司马承帧,ru,"Sima Chengzhen (655-735), Daoist priest in Tang dynasty","Sima Chengzhen (655-735), Daoist priest in Tang dynasty",0,1,"[""untranslated_copy"", ""placeholder""]"
19848,吉亚卡摩,ru,Giacomo (name),Giacomo (name),0,0,"[""untranslated_copy"", ""placeholder""]"
20079,同手同脚,ru,clumsy; uncoordinated,clumsy; uncoordinated,0,1,"[""untranslated_copy"", ""placeholder""]"
20256,名源动词,ru,denominal verb,denominal verb,0,0,"[""untranslated_copy"", ""placeholder""]"
20271,名称标签,ru,name tag,name tag,0,0,"[""untranslated_copy"", ""placeholder""]"
20308,名录服务,ru,name service,name service,0,0,"[""untranslated_copy"", ""placeholder""]"
20498,吧务,ru,forum manager,forum manager,0,0,"[""untranslated_copy"", ""placeholder""]"
20591,吴嘉经,ru,"Wu Jiajing (1618-1684), early Qing dynasty poet","Wu Jiajing (1618-1684), early Qing dynasty poet",0,1,"[""untranslated_copy"", ""placeholder""]"
20626,吴自牧,ru,"Wu Zimu (lived c. 1270), writer at the end of the Song dynasty","Wu Zimu (lived c. 1270), writer at the end of the Song dynasty",0,1,"[""untranslated_copy"", ""placeholder""]"
20797,吕岩,ru,"Lü Yan (lived c. 874), Tang dynasty poet","Lü Yan (lived c. 874), Tang dynasty poet",0,1,"[""untranslated_copy"", ""placeholder""]"
20799,吕布戟,ru,snake halberd,snake halberd,0,0,"[""untranslated_copy"", ""placeholder""]"
21559,哃,ru,(literary) to talk nonsense; to boast; (used in place names),-,0,1,"[""low_sense_coverage"", ""too_short"", ""placeholder""]"
21692,哈里森·施密特,ru,Harrison Schmitt (Apollo 17 astronaut),Harrison Schmitt (Apollo 17 astronaut),0,1,"[""untranslated_copy"", ""placeholder""]"
22306,哑终端,ru,dumb terminal,dumb terminal,0,0,"[""untranslated_copy"", ""placeholder""]"
22407,喀拉汗国,ru,"Karakhan Dynasty of central Asia, 8th-10th century","Karakhan Dynasty of central Asia, 8th-10th century",0,1,"[""untranslated_copy"", ""placeholder""]"
23112,嘉尔曼,ru,Carmen (name),Carmen (name),0,0,"[""untranslated_copy"", ""placeholder""]"
23274,嘴贱,ru,prone to saying sth inappropriate or offensive,prone to saying sth inappropriate or offensive,0,1,"[""untranslated_copy"", ""placeholder""]"
23375,噪大苇莺,ru,(bird species of China) clamorous reed warbler (Acrocephalus stentoreus),(bird species of China) clamorous reed warbler (Acrocephalus stentoreus),0,1,"[""untranslated_copy"", ""placeholder""]"
23468,噶玛兰,ru,"Kavalan, one of the indigenous peoples of Taiwan; old name of Yilan 宜蘭|宜兰[Yi2 lan2] County, Taiwan; Kavalan, a brand of single malt whisky from Taiwan","Kavalan, one of the indigenous peoples of Taiwanold name of Yilan 宜兰 county, Taiwan",0,1,"[""low_sense_coverage"", ""english_leakage"", ""placeholder""]"
23527,嚗,ru,(onom.) sound of sth splitting or breaking apart; sound of an object falling to the ground; a cry of rage; Taiwan pr. [bo1],-,0,1,"[""low_sense_coverage"", ""too_short"", ""placeholder""]"
23534,嚝,ru,to sigh; sound of a drum,-,0,1,"[""partial_sense_coverage"", ""too_short"", ""placeholder""]"
24222,国势日衰,ru,national decline,national decline,0,1,"[""untranslated_copy"", ""placeholder""]"
24265,国家文物委员会,ru,National Committee of Cultural Heritage,National Committee of Cultural Heritage,0,1,"[""untranslated_copy"", ""placeholder""]"
24267,国家文物鉴定委员会,ru,National Commission for the Identification of Cultural Heritage,National Commission for the identification of cultural heritage,0,1,"[""untranslated_copy"", ""placeholder""]"
24294,国家医疗服务体系,ru,National Health Service (UK),National Health Service (UK),0,1,"[""untranslated_copy"", ""placeholder""]"
24312,国徽法,ru,"Law on the National Emblem of the PRC, promulgated in 1991","Law on the National Emblem of the PRC, promulgated in 1991",0,1,"[""untranslated_copy"", ""placeholder""]"
24384,国立西南联合大学,ru,"National Southwest Combined University (Peking, Tsinghua and Nankai Universities in exile in Kunming 1937-1945)","National Southwest Combined University (Peking, Tsinghua and Nankai Universities in exile in Kunming 1937-1945)",0,1,"[""untranslated_copy"", ""placeholder""]"
24399,国菜,ru,national food specialty,national food specialty,0,1,"[""untranslated_copy"", ""placeholder""]"
24408,国语注音符号第一式,ru,Mandarin Phonetic Symbols 1 (official name of the phonetic system of writing Chinese used in Taiwan); Bopomofo; abbr. to 注音一式[zhu4 yin1 yi1 shi4],Mandarin Phonetic Symbols 1 (official name of the phonetic system of writing Chinese used in Taiwan)Bopomofoabbr. to 注音一式\[zhù yīn yī shì\],0,1,"[""low_sense_coverage"", ""english_leakage"", ""placeholder""]"
24439,国际人权标准,ru,international human rights norms,international human rights norms,0,1,"[""untranslated_copy"", ""placeholder""]"
24474,国际民间组织,ru,international humanitarian organization,international humanitarian organization,0,1,"[""untranslated_copy"", ""placeholder""]"
24489,国际米兰足球俱乐部,ru,FC Internazionale Milano (football club),FC Internazionale Milano (football club),0,1,"[""untranslated_copy"", ""placeholder""]"
24506,国际医疗中心,ru,International Medical Center,International Medical Center,0,1,"[""untranslated_copy"", ""placeholder""]"
24735,团结就是力量,ru,unity is strength (revolutionary slogan and popular song of 1943),Unity is strength (revolutionary slogan and popular song of 1943),0,1,"[""untranslated_copy"", ""placeholder""]"
25504,垎,ru,(literary) (of soil) dry and hard; (used in place names),-,0,1,"[""partial_sense_coverage"", ""too_short"", ""placeholder""]"
25505,垏,ru,(literary) earth ridge between fields; (used in place names),-,0,1,"[""partial_sense_coverage"", ""too_short"", ""placeholder""]"
25571,埃德加·斯诺,ru,"Edgar Snow (1905-1972), American journalist, reported from China 1928-1941, author of Red Star Over China","Edgar Snow (1905-1972), American journalist, reported from China 1928-1941, author of Red Star Over China",0,1,"[""untranslated_copy"", ""placeholder""]"
26170,报道摄影师,ru,photojournalist,photojournalist,0,0,"[""untranslated_copy"", ""placeholder""]"
26210,堼,ru,(used in place names); also pr. [feng1],-,0,1,"[""partial_sense_coverage"", ""too_short"", ""placeholder""]"
26275,塔刹,ru,Buddhist ornamentation decorating the upper story of a pagoda,Buddhist ornamentation decorating the upper story of a pagoda,0,1,"[""untranslated_copy"", ""placeholder""]"
27281,多伊尔,ru,Doyle (name),Doyle (name),0,0,"[""untranslated_copy"", ""placeholder""]"
27698,大公国际,ru,"Dagong Global Credit Rating, credit rating agency based in China","Dagong Global Credit Rating, credit rating agency based in China",0,1,"[""untranslated_copy"", ""placeholder""]"
27817,大型空爆炸弹,ru,"Massive Ordinance Air Blast (MOAB), a powerful American bomb","Massive Ordinance Air Blast (MOAB), a powerful American bomb",0,1,"[""untranslated_copy"", ""placeholder""]"
28052,大本涅槃经,ru,(Buddhism) the Nirvana Sutra,(Buddhism) the Nirvana Sutra,0,1,"[""untranslated_copy"", ""placeholder""]"
28170,大灰啄木鸟,ru,(bird species of China) great slaty woodpecker (Mulleripicus pulverulentus),(bird species of China) great slaty woodpecker (Mulleripicus pulverulentus),0,1,"[""untranslated_copy"", ""placeholder""]"
28413,大西洋国,ru,Historical name for Portugal during the Qing dynasty,Historical name for Portugal during the Qing dynasty,0,1,"[""untranslated_copy"", ""placeholder""]"
29016,太仆寺卿,ru,"Minister of imperial stud, originally charged with horse breeding","Minister of imperial stud, originally charged with horse breeding",0,1,"[""untranslated_copy"", ""placeholder""]"
29418,奇卡诺人,ru,Chicano; Chicana; Mexican American,Chicano; Chicana; Mexican American,0,1,"[""untranslated_copy"", ""placeholder""]"
29554,契丹国志,ru,"History of the Liao Dynasty, 13th-century book on the history of the Khitan Empire (916-1125)","History of the Liao Dynasty, 13th-century book on the history of the Khitan Empire (916-1125)",0,1,"[""untranslated_copy"", ""placeholder""]"
29774,奥赖恩,ru,Orion (NASA spacecraft),Orion (NASA spacecraft),0,1,"[""untranslated_copy"", ""placeholder""]"
29940,奴儿干都司,ru,the Ming dynasty provincial headquarters in the Heilongjiang and Vladivostok area,the Ming dynasty provincial headquarters in the Heilongjiang and Vladivostok area,0,1,"[""untranslated_copy"", ""placeholder""]"
29983,奶白菜,ru,"milk cabbage (aka ""white bok choy"" and various other names), a variety of bok choy","milk cabbage (aka ""white bok choy"" and various other names), a variety of bok choy",0,1,"[""untranslated_copy"", ""placeholder""]"
30916,媁,ru,to appear displeased; beautiful,-,0,1,"[""partial_sense_coverage"", ""too_short"", ""placeholder""]"
30917,媁,ru,ugly; to indulge oneself,-,0,1,"[""partial_sense_coverage"", ""too_short"", ""placeholder""]"
31241,子癫前症,ru,"pre-eclampsia, toxaemia of pregnancy (medicine)","pre-eclampsia, toxaemia of pregnancy (medicine)",0,1,"[""untranslated_copy"", ""placeholder""]"
32501,定点厂,ru,factory designated by the state to make a particular product,factory designated by the state to make a particular product,0,1,"[""untranslated_copy"", ""placeholder""]"
32502,定点茶,ru,(Tw) (euphemism) prostitute service at a massage parlor or other place designated by the service provider,(Tw) (euphemism) prostitute service at a massage parlor or other place designated by the service provider,0,1,"[""untranslated_copy"", ""placeholder""]"
33971,专案经理,ru,project manager,project manager,0,0,"[""untranslated_copy"", ""placeholder""]"
34186,对映,ru,to be the mirror image of sth; enantiomorphic; antipodal; enantiomeric (chemistry),to be the mirror image of sthenantiomorphicantipodalenantiomeric (chemistry),0,1,"[""low_sense_coverage"", ""english_leakage"", ""placeholder""]"
34815,小鹃鸠,ru,(bird species of China) little cuckoo-dove (Macropygia ruficeps),(bird species of China) little cuckoo-dove (Macropygia ruficeps),0,1,"[""untranslated_copy"", ""placeholder""]"
34819,小䴙䴘,ru,(bird species of China) little grebe (Tachybaptus ruficollis),(bird species of China) little grebe (Tachybaptus ruficollis),0,1,"[""untranslated_copy"", ""placeholder""]"
35444,屖,ru,"variant of 犀, rhinoceros; sharp",-,0,1,"[""partial_sense_coverage"", ""too_short"", ""placeholder""]"
35925,峨眉柳莺,ru,(bird species of China) Emei leaf warbler (Phylloscopus emeiensis),(bird species of China) Emei leaf warbler (Phylloscopus emeiensis),0,1,"[""untranslated_copy"", ""placeholder""]"
36122,嵄,ru,mountain; hill,-,0,1,"[""partial_sense_coverage"", ""too_short"", ""placeholder""]"
36150,嵙,ru,place name,place name,0,0,"[""untranslated_copy"", ""placeholder""]"
36152,嵞,ru,Mt Tu in Zhejiang; also written 涂,-,0,1,"[""partial_sense_coverage"", ""too_short"", ""placeholder""]"
36231,𫶕,ru,(onom.) crashing sound; same as 訇[hong1],-,0,1,"[""partial_sense_coverage"", ""too_short"", ""placeholder""]"
36348,工作管理员,ru,(computing) task manager (Tw),(computing) task manager (Tw),0,1,"[""untranslated_copy"", ""placeholder""]"
36408,工业七国集团,ru,"G7, the group of 7 industrialized countries: US, Japan, Britain, Germany, France, Italy and Canada (now G8, including Russia)","G7, the group of 7 industrialized countries: US, Japan, Britain, Germany, France, Italy and Canada (now G8, including Russia)",0,1,"[""untranslated_copy"", ""placeholder""]"
37128,布迪亚,ru,Baudrillard (name),Baudrillard (name),0,1,"[""untranslated_copy"", ""placeholder""]"
37153,布鲁克海文实验室,ru,Brookhaven National Laboratory,Brookhaven National Laboratory,0,1,"[""untranslated_copy"", ""placeholder""]"
37717,平庸之恶,ru,(philosophy) banal evil,(philosophy) banal evil,0,1,"[""untranslated_copy"", ""placeholder""]"
38363,库克山,ru,"Mt Cook on New Zealand South Island, national park and highest peak","Mt Cook on New Zealand South Island, national park and highest peak",0,1,"[""untranslated_copy"", ""placeholder""]"
38407,庱,ru,"surname Cheng; ancient area of modern-day Danyang City, Jiangsu Province",-,0,1,"[""partial_sense_coverage"", ""too_short"", ""placeholder""]"
38567,𫷷,ru,(literary) to arrange in ordered fashion; also pr. [qin1],-,0,1,"[""partial_sense_coverage"", ""too_short"", ""placeholder""]"
38729,广砚,ru,Guangnan and Yanshan (in Yunnan),Guangnan and Yanshan (in Yunnan),0,1,"[""untranslated_copy"", ""placeholder""]"
38860,建屋互助会,ru,building society (finance),building society (finance),0,1,"[""untranslated_copy"", ""placeholder""]"
39198,弫,ru,(of a bow) impactful; powerful,-,0,1,"[""partial_sense_coverage"", ""too_short"", ""placeholder""]"
39330,张飞打岳飞,ru,lit. Zhang Fei fights Yue Fei; fig. an impossible combination; an impossible turn of events (idiom),lit. Zhang Fei fights Yue Feifig. an impossible combinationan impossible turn of events (idiom),0,1,"[""low_sense_coverage"", ""english_leakage"", ""placeholder""]"
39675,彩虹行动,ru,"the two mass scuttling operations carried out by the German navy: the scuttling of the German fleet at Scapa Flow in 1919 and Operation Regenbogen, the scuttling of U-boats in 1945","the two mass scuttling operations carried out by the German navy: the scuttling of the German fleet at Scapa Flow in 1919 and Operation Regenbogen, the scuttling of U-boats in 1945",0,1,"[""untranslated_copy"", ""placeholder""]"
39829,佛雷泽尔,ru,Frazer (name),Frazer (name),0,0,"[""untranslated_copy"", ""placeholder""]"
41156,忠南大学校,ru,"Chungnam National University, Daejeon, South Korea","Chungnam National University, Daejeon, South Korea",0,1,"[""untranslated_copy"", ""placeholder""]"
41366,怒江大峡谷,ru,the Grand Canyon of the Nujiang river in Tibet and Yunnan,the Grand Canyon of the Nujiang river in Tibet and Yunnan,0,1,"[""untranslated_copy"", ""placeholder""]"
41816,恞,ru,happy; joyous,-,0,1,"[""partial_sense_coverage"", ""too_short"", ""placeholder""]"
42282,惈,ru,courageous; resolute and daring,-,0,1,"[""partial_sense_coverage"", ""too_short"", ""placeholder""]"
42493,想当然尔,ru,to take sth as given; to assume; as one would expect; naturally,to take sth as givento assumeas one would expectnaturally,0,1,"[""low_sense_coverage"", ""english_leakage"", ""placeholder""]"
42695,爱问,ru,"iAsk.com, the search engine of Sina 新浪","iAsk.com, the search engine of Sina 新浪",0,1,"[""untranslated_copy"", ""placeholder""]"
42722,爱德华岛,ru,"Prince Edward Island, province of Canada","Prince Edward Island, province of Canada",0,1,"[""untranslated_copy"", ""placeholder""]"
42781,爱留根纳,ru,"Eriugena, John Scottus (c. 810-880) Irish poet, theologian, and philosopher of Neoplatonism","Eriugena, John Scottus (c. 810-880) Irish poet, theologian, and philosopher of Neoplatonism",0,1,"[""untranslated_copy"", ""placeholder""]"
42951,慈济,ru,"Tzu Chi Foundation, an international humanitarian NGO established in 1966 in Taiwan","Tzu Chi Foundation, an international humanitarian NGO established in 1966 in Taiwan",0,1,"[""untranslated_copy"", ""placeholder""]"
43509,怀化县,ru,"Huaihua county, Hunan","Huaihua county, Hunan",0,1,"[""untranslated_copy"", ""placeholder""]"
43713,成功大学,ru,"National Cheng Kung University (NCKU), a public research university in Tainan, Taiwan","National Cheng Kung University (NCKU), a public research university in Tainan, Taiwan",0,1,"[""untranslated_copy"", ""placeholder""]"
43858,我这个人,ru,me personally; the sort of person I am,me personally; the sort of person I am,0,1,"[""untranslated_copy"", ""placeholder""]"
44062,戏剧化人格违常,ru,histrionic personality disorder (HPD),histrionic personality disorder (HPD),0,1,"[""untranslated_copy"", ""placeholder""]"
44710,打扰了,ru,"sorry to interrupt you, but ...; sorry to have bothered you; sorry, I have to go; (slang) (coined c. 2017) used facetiously to terminate a conversation (esp. online) when the other person is being insufferable","sorry to interrupt you, but ...sorry to have bothered yousorry, I have to go(slang) (coined c. 2017) used facetiously to terminate a conversation (esp. online) when the other person is being insufferable",0,1,"[""low_sense_coverage"", ""english_leakage"", ""placeholder""]"
44733,打档车,ru,"(Tw) manual transmission motorcycle (usually denotes a traditional-style motorcycle, as opposed to a scooter)","(Tw) manual transmission motorcycle (usually denotes a traditional-style motorcycle, as opposed to a scooter)",0,1,"[""untranslated_copy"", ""placeholder""]"
44876,打馕,ru,(dialect) to bake naan,(dialect) to bake naan,0,1,"[""untranslated_copy"", ""placeholder""]"
44949,托足无门,ru,to be unable to find a place to stay (idiom),to be unable to find a place to stay (idiom),0,1,"[""untranslated_copy"", ""placeholder""]"
44958,托马斯·阿奎纳,ru,"Thomas Aquinas (1225-1274), Italian Catholic priest in the Dominican Order, philosopher and theologian in the scholastic tradition","Thomas Aquinas (1225-1274), Italian Catholic priest in the Dominican Order, philosopher and theologian in the scholastic tradition",0,1,"[""untranslated_copy"", ""placeholder""]"
45351,把方便当随便,ru,to act unappreciatively in response to a kindness,to act unappreciatively in response to a kindness,0,1,"[""untranslated_copy"", ""placeholder""]"
45965,拉什莫尔山,ru,"Mt Rushmore National Memorial, South Dakota","Mt Rushmore National Memorial, South Dakota",0,1,"[""untranslated_copy"", ""placeholder""]"
46007,拉冈,ru,Lacan (psychoanalyst),Lacan (psychoanalyst),0,1,"[""untranslated_copy"", ""placeholder""]"
46119,拉鲁,ru,"Lhalu, Tibetan name and place name; Lhalu Tsewang Dorje (1915-2011), Tibetan pro-Chinese politician; Lhalu suburb of Lhasa","Lhalu, Tibetan name and place nameLhalu Tsewang Dorje (1915-), Tibetan pro-Chinese politicianLhalu suburb of Lhasa",0,1,"[""low_sense_coverage"", ""english_leakage"", ""placeholder""]"
47489,掍,ru,edging (of a dress etc); old variant of 混[hun4],-,0,1,"[""partial_sense_coverage"", ""too_short"", ""placeholder""]"
48300,揓,ru,to hold; to grasp,-,0,1,"[""partial_sense_coverage"", ""too_short"", ""placeholder""]"
48858,掼蛋,ru,"guandan (a popular poker game that originated in Jiangsu province, China)","guandan (a popular poker game that originated in Jiangsu province, China)",0,1,"[""untranslated_copy"", ""placeholder""]"
49198,撤稿,ru,"to withdraw a submission; to retract a submission (to a newspaper, magazine, journal etc)","to withdraw a submission; to retract a submission (to a newspaper, magazine, journal etc)",0,1,"[""untranslated_copy"", ""placeholder""]"
49648,拟球,ru,"(math.) pseudosphere, a surface in ordinary space of constant negative curvature","(math.) pseudosphere, a surface in ordinary space of constant negative curvature",0,1,"[""untranslated_copy"", ""placeholder""]"
49817,攐,ru,"variant of 褰, to hold up the hem of clothes; to lift up the skirts",-,0,1,"[""partial_sense_coverage"", ""too_short"", ""placeholder""]"
50210,改订伊犁条约,ru,Treaty of Saint Petersburg of 1881 in which Russia agreed to hand back Yili province to Qing China in exchange for compensation payment and unequal treaty rights,Treaty of Saint Petersburg of 1881 in which Russia agreed to hand back Yili province to Qing China in exchange for compensation payment and unequal treaty rights,0,1,"[""untranslated_copy"", ""placeholder""]"
50617,救砖,ru,to unbrick; to restore (an electronic device) to a functional state,to unbrick; to restore (an electronic device) to a functional state,0,1,"[""untranslated_copy"", ""placeholder""]"
50672,叙事线,ru,narrative thread; storyline,narrative thread; storyline,0,1,"[""untranslated_copy"", ""placeholder""]"
51103,数位信号,ru,digital signal,digital signal,0,0,"[""untranslated_copy"", ""placeholder""]"
51233,斄,ru,ancient place name (a Han dynasty town in Shaanxi); variant of 邰[Tai2],-,0,1,"[""partial_sense_coverage"", ""too_short"", ""placeholder""]"
51464,斑翅拟蜡嘴雀,ru,(bird species of China) spot-winged grosbeak (Mycerobas melanozanthos),(bird species of China) spot-winged grosbeak (Mycerobas melanozanthos),0,1,"[""untranslated_copy"", ""placeholder""]"
51663,斯堪地纳维亚,ru,Scandinavia (Tw),Scandinavia (Tw),0,1,"[""untranslated_copy"", ""placeholder""]"
51854,新慕道团,ru,neo Catechumenal way,neo Catechumenal way,0,1,"[""untranslated_copy"", ""placeholder""]"
52327,旅大租地条约,ru,unequal treaty of 1898 whereby the Qing dynasty ceded the lease of Lüshun (Port Arthur) to Russia,unequal treaty of 1898 whereby the Qing dynasty ceded the lease of Lüshun (Port Arthur) to Russia,0,1,"[""untranslated_copy"", ""placeholder""]"
52582,日本绣眼鸟,ru,(bird species of China) warbling white-eye (Zosterops japonicus),(bird species of China) warbling white-eye (Zosterops japonicus),0,1,"[""untranslated_copy"", ""placeholder""]"
53410,时段分析,ru,time interval analysis,time interval analysis,0,1,"[""untranslated_copy"", ""placeholder""]"
53425,时菜,ru,seasonal vegetable,seasonal vegetable,0,1,"[""untranslated_copy"", ""placeholder""]"
53513,晑,ru,bright; clear,-,0,1,"[""partial_sense_coverage"", ""too_short"", ""placeholder""]"
53946,暗哨儿,ru,whistle given as a secret signal,whistle given as a secret signal,0,1,"[""untranslated_copy"", ""placeholder""]"
542,一山不容二虎,it,lit. the mountain can't have two tigers (idiom); fig. this town ain't big enough for the two of us; (of two rivals) to be fiercely competitive,montagna,0,1,"[""low_sense_coverage"", ""low_length_coverage"", ""placeholder""]"
562,一弹指顷,it,a snap of the fingers (idiom); in a flash; in the twinkling of an eye,snap,0,1,"[""low_sense_coverage"", ""low_length_coverage"", ""placeholder""]"
663,一枝独秀,it,lit. only one branch of the tree is thriving (idiom); fig. to be in a league of one's own; outstanding,eccezionale,0,1,"[""low_sense_coverage"", ""low_length_coverage"", ""placeholder""]"
832,一般,it,same; ordinary; so-so; common; general; generally; in general,ordinario,0,1,"[""low_sense_coverage"", ""low_length_coverage"", ""placeholder""]"
1531,三项,it,"three items; three events; three terms; tri-; trinomial, ternary (math.); triathlon (abbr. for 三項全能|三项全能)",ternario,0,1,"[""low_sense_coverage"", ""low_length_coverage"", ""placeholder""]"
2308,不合时宜,it,out of step with current thinking; outmoded; inappropriate for the occasion,anacronismo,0,1,"[""low_sense_coverage"", ""low_length_coverage"", ""placeholder""]"
2315,不同凡响,it,lit. not a common chord (idiom); outstanding; brilliant; out of the common run,eccezionale,0,1,"[""low_sense_coverage"", ""low_length_coverage"", ""placeholder""]"
2731,不符,it,inconsistent; not in agreement with; not agree or tally with; not conform to,dissonare,0,1,"[""low_sense_coverage"", ""low_length_coverage"", ""placeholder""]"
3335,中国城,it,Chinatown,chinatown,0,0,"[""untranslated_copy"", ""placeholder""]"
3496,中山,it,see 中山市[Zhong1 shan1 Shi4]; see 中山區|中山区[Zhong1 shan1 Qu1]; Nakayama (Japanese surname); see 孫中山|孙中山[Sun1 Zhong1 shan1],nakayama,0,1,"[""low_sense_coverage"", ""low_length_coverage"", ""placeholder""]"
3813,串,it,"to string together; to skewer; to connect wrongly; to gang up; to rove; string; bunch; skewer; classifier for things that are strung together, or in a bunch, or in a row: string of, bunch of, series of; to make a swift or abrupt linear movement (like a bead on an abacus); to move across",catena; catenella; catenina; ciuffo,0,1,"[""low_sense_coverage"", ""low_length_coverage"", ""placeholder""]"
4089,久负盛名,it,seasoned; honed to perfection over centuries; special reserve,affinato,0,1,"[""low_sense_coverage"", ""low_length_coverage"", ""placeholder""]"
4141,乒乓,it,(onom.) rattle; clatter; (sports) ping-pong; table tennis,sonaglio,0,1,"[""low_sense_coverage"", ""low_length_coverage"", ""placeholder""]"
4778,二毛子,it,"lit. secondary foreigner; (derogatory term for Chinese Christians and others associated with foreigners, used at the time of the Boxer Rebellion); (coll.) westernized Chinese person; (derog.) person of mixed Chinese and Russian blood; (slang) Ukraine; German shepherd dog; (dialect) two-year-old goat",ucraina,0,1,"[""low_sense_coverage"", ""low_length_coverage"", ""placeholder""]"
5059,五谷,it,"five crops, e.g. millet 粟[su4], soybean 豆[dou4], sesame 麻[ma2], barley 麥|麦[mai4], rice 稻[dao4] or other variants; all crops; all grains; oats, peas, beans and barley",avena,0,1,"[""low_sense_coverage"", ""low_length_coverage"", ""placeholder""]"
5192,亚利桑那,it,Arizona,Arizona,0,0,"[""untranslated_copy"", ""placeholder""]"
5193,亚利桑那州,it,Arizona,arizona,0,0,"[""untranslated_copy"", ""placeholder""]"
5327,亡命之徒,it,runaway (idiom); desperate criminal; fugitive,runaway,0,1,"[""low_sense_coverage"", ""low_length_coverage"", ""placeholder""]"
5345,交,it,to hand over; to deliver; to pay (money); to turn over; to make friends; (of lines) to intersect; variant of 跤[jiao1],consegnare,0,1,"[""low_sense_coverage"", ""low_length_coverage"", ""placeholder""]"
5655,人事,it,personnel; human resources; human affairs; ways of the world; (euphemism) sexuality; the facts of life,personale,0,1,"[""low_sense_coverage"", ""low_length_coverage"", ""placeholder""]"
5675,人杰,it,outstanding talent; wise and able person; illustrious individual,eccezionale,0,1,"[""low_sense_coverage"", ""low_length_coverage"", ""placeholder""]"
5774,人情世故,it,worldly wisdom; the ways of the world; to know how to get on in the world,terrena,0,1,"[""low_sense_coverage"", ""low_length_coverage"", ""placeholder""]"
5894,人称,it,"person (first person, second person etc in grammar); called; known as",persona,0,1,"[""low_sense_coverage"", ""low_length_coverage"", ""placeholder""]"
5974,人头,it,person; number of people; (per) capita; (a person's) head; (Tw) person whose identity is used by sb else (e.g. to create a bogus account),persona,0,1,"[""low_sense_coverage"", ""low_length_coverage"", ""placeholder""]"
6272,仙药,it,legendary magic potion of immortals; panacea; fig. wonder solution to a problem,panacea,0,1,"[""low_sense_coverage"", ""low_length_coverage"", ""placeholder""]"
6589,任,it,"to assign; to appoint; to take up a post; office; responsibility; to let; to allow; to give free rein to; no matter (how, what etc); classifier for terms served in office, or for spouses, girlfriends etc (as in 前任男友)",assegnare; assegna,0,1,"[""low_sense_coverage"", ""low_length_coverage"", ""placeholder""]"
8944,假冒,it,to impersonate; to pose as (someone else); to counterfeit; to palm off (a fake as a genuine),impersonare,0,1,"[""low_sense_coverage"", ""low_length_coverage"", ""placeholder""]"
8978,假扮,it,to impersonate; to act the part of sb; to disguise oneself as sb else,impersonare,0,1,"[""low_sense_coverage"", ""low_length_coverage"", ""placeholder""]"
9057,偏偏,it,(indicating that sth turns out just the opposite of what one would wish) unfortunately; as it happened; (indicating that sth is the opposite of what would be normal or reasonable) stubbornly; contrarily; against reason; (indicating that sb or a group is singled out) precisely; only; of all people,purtroppo; sfortunatamente,0,1,"[""low_sense_coverage"", ""low_length_coverage"", ""placeholder""]"
9148,做,it,"to make; to produce; to write; to compose; to do; to engage in; to hold (a party etc); (of a person) to be (an intermediary, a good student etc); to become (husband and wife, friends etc); (of a thing) to serve as; to be used for; to assume (an air or manner)",commettere; cucinare; cuocere; esplicare,0,1,"[""low_sense_coverage"", ""low_length_coverage"", ""placeholder""]"
9164,做梦,it,to dream; to have a dream; (fig.) to indulge in wishful thinking,sognare,0,1,"[""low_sense_coverage"", ""low_length_coverage"", ""placeholder""]"
9248,停服,it,to shut down a server; (of a service) to terminate; to stop taking (a medicine),termina,0,1,"[""low_sense_coverage"", ""low_length_coverage"", ""placeholder""]"
9259,停滞不前,it,stuck and not moving forward (idiom); stagnant; in a rut; at a standstill,stagnante,0,1,"[""low_sense_coverage"", ""low_length_coverage"", ""placeholder""]"
9281,停办,it,to shut down; to terminate; to cancel; to go out of business,termina,0,1,"[""low_sense_coverage"", ""low_length_coverage"", ""placeholder""]"
9532,杰出,it,outstanding; distinguished; remarkable; prominent; illustrious,eccezionale,0,1,"[""low_sense_coverage"", ""low_length_coverage"", ""placeholder""]"
9677,傲视群伦,it,outstanding talent (idiom); incomparable artistic merit; accomplishment out of the ordinary,eccezionale,0,1,"[""low_sense_coverage"", ""low_length_coverage"", ""placeholder""]"
9964,倾角,it,dip; angle of dip (inclination of a geological plane down from horizontal); tilt (inclination of ship from vertical),inclinazione,0,1,"[""low_sense_coverage"", ""low_length_coverage"", ""placeholder""]"
10326,元夜,it,Lantern Festival; night of 15th of first lunar month; see also 元宵[yuan2 xiao1],lanterna,0,1,"[""low_sense_coverage"", ""low_length_coverage"", ""placeholder""]"
10330,元宵,it,Lantern Festival; night of the 15th of the first lunar month; see also 元夜[yuan2 ye4]; sticky rice dumplings,lanterna,0,1,"[""low_sense_coverage"", ""low_length_coverage"", ""placeholder""]"
10366,元老院,it,upper house; senate; senior statesmen's assembly,senato,0,1,"[""low_sense_coverage"", ""low_length_coverage"", ""placeholder""]"
11263,全力,it,with all one's strength; full strength; all-out (effort); fully (support),pienamente,0,1,"[""low_sense_coverage"", ""low_length_coverage"", ""placeholder""]"
12151,共鸣,it,(physics) to resonate; resonance; sympathetic response,risuonare,0,1,"[""low_sense_coverage"", ""low_length_coverage"", ""placeholder""]"
12242,具体到,it,to embody into; to apply to; to take the shape of; specific to,incarnano,0,1,"[""low_sense_coverage"", ""low_length_coverage"", ""placeholder""]"
12388,冒名顶替,it,to assume sb's name and take his place (idiom); to impersonate; to pose under a false name,impersonare,0,1,"[""low_sense_coverage"", ""low_length_coverage"", ""placeholder""]"
12475,冠状病毒,it,coronavirus,coronavirus,0,0,"[""untranslated_copy"", ""placeholder""]"
12900,凝固汽油弹,it,napalm,napalm,0,0,"[""untranslated_copy"", ""placeholder""]"
12932,凡,it,ordinary; commonplace; mundane; temporal; of the material world (as opposed to supernatural or immortal levels); every; all; whatever; altogether; gist; outline; note of Chinese musical scale,ordinario; ordinari,0,1,"[""low_sense_coverage"", ""low_length_coverage"", ""placeholder""]"
13521,分析处理,it,to parse; analysis processing; to analyze and treat,analisi,0,1,"[""low_sense_coverage"", ""low_length_coverage"", ""placeholder""]"
13600,分诉,it,to narrate; to explain; to justify oneself,narrano,0,1,"[""low_sense_coverage"", ""low_length_coverage"", ""placeholder""]"
13807,列,it,to arrange; to line up; file; series; (in data tables) column; (Tw) row,colonna,0,1,"[""low_sense_coverage"", ""low_length_coverage"", ""placeholder""]"
14218,刷新,it,to renovate; to refurbish; to refresh (computer window); to write a new page (in history); to break (a record),aggiorna,0,1,"[""low_sense_coverage"", ""low_length_coverage"", ""placeholder""]"
14253,刺杀,it,to assassinate; (military) to fight with a bayonet; (baseball) to put out (a baserunner),assassinare,0,1,"[""low_sense_coverage"", ""low_length_coverage"", ""placeholder""]"
14256,刺激性,it,thrilling; exciting; stimulating; irritating; provocative; pungent; spicy,emozionante,0,1,"[""low_sense_coverage"", ""low_length_coverage"", ""placeholder""]"
15189,加国,it,Canada,canada,0,0,"[""untranslated_copy"", ""placeholder""]"
15238,加拿大,it,Canada,Canada,0,0,"[""untranslated_copy"", ""placeholder""]"
15293,加纳,it,Ghana,Ghana,0,0,"[""untranslated_copy"", ""placeholder""]"
16052,包饭,it,to get or supply meals for a monthly rate; to board; to provide board,lavagna,0,1,"[""low_sense_coverage"", ""low_length_coverage"", ""placeholder""]"
16459,匹,it,"(bound form) matching; comparable to; (bound form) alone; single; one of a pair; classifier for horses, mules etc (Taiwan pr. [pi1]); classifier for cloth: bolt; horsepower",abbinamento,0,1,"[""low_sense_coverage"", ""low_length_coverage"", ""placeholder""]"
16957,卓乎不群,it,standing out from the common crowd (idiom); outstanding; preeminent,eccezionale,0,1,"[""low_sense_coverage"", ""low_length_coverage"", ""placeholder""]"
16965,卓尔不群,it,standing above the common crowd (idiom); outstanding; excellent and unrivaled,eccezionale,0,1,"[""low_sense_coverage"", ""low_length_coverage"", ""placeholder""]"
17085,南希,it,Nancy,nancy,0,0,"[""untranslated_copy"", ""placeholder""]"
17308,博洛尼亚,it,Bologna,bologna,0,0,"[""untranslated_copy"", ""placeholder""]"
17339,博茨瓦纳,it,Botswana,Botswana,0,0,"[""untranslated_copy"", ""placeholder""]"
17480,卡池,it,deck of cards (in a trading card game); (ACG) pool; banner (collection of in-game items players draw from in a gacha video game),piscina,0,1,"[""low_sense_coverage"", ""low_length_coverage"", ""placeholder""]"
17539,卦,it,divinatory diagram; one of the eight divinatory trigrams of the Book of Changes 易經|易经[Yi4 jing1]; one of the sixty-four divinatory hexagrams of the Book of Changes 易經|易经[Yi4 jing1],divinatorio,0,1,"[""low_sense_coverage"", ""low_length_coverage"", ""placeholder""]"
18575,受刑人,it,person being executed; victim of corporal punishment; person serving a sentence,persona,0,1,"[""low_sense_coverage"", ""low_length_coverage"", ""placeholder""]"
19025,叨唠,it,to be chattersome; to talk on and on without stopping; to nag,nag,0,1,"[""low_sense_coverage"", ""low_length_coverage"", ""placeholder""]"
19420,右倾,it,right-wing; reactionary; conservative; (PRC) rightist deviation,reazionario,0,1,"[""low_sense_coverage"", ""low_length_coverage"", ""placeholder""]"
19740,合成代谢,it,anabolism (biology); constructive metabolism (using energy to make proteins etc); assimilation,anabolismo,0,1,"[""low_sense_coverage"", ""low_length_coverage"", ""placeholder""]"
20201,名优,it,excellent quality; outstanding (product); abbr. for 名牌優質|名牌优质; (old) famous actor or actress,eccezionale,0,1,"[""low_sense_coverage"", ""low_length_coverage"", ""placeholder""]"
20252,名正言顺,it,in a way that justifies the use of the term; genuine; proper; in a way that conforms to logic; justifiable; appropriate; perfectly legitimate,genuina; genuino,0,1,"[""low_sense_coverage"", ""low_length_coverage"", ""placeholder""]"
20320,后,it,empress; queen; (archaic) monarch; ruler,regina,0,1,"[""low_sense_coverage"", ""low_length_coverage"", ""placeholder""]"
20907,周,it,to make a circuit; to circle; circle; circumference; lap; cycle; complete; all; all over; thorough; to help financially,perimetro; settimana,0,1,"[""low_sense_coverage"", ""low_length_coverage"", ""placeholder""]"
21518,品性,it,nature; characteristic; moral character,natura,0,1,"[""low_sense_coverage"", ""low_length_coverage"", ""placeholder""]"
22062,唱和,it,antiphon (i.e. solo voice answered by chorus); sung reply (in agreement with first voice); to reply with a poem in the same rhythm,antifona,0,1,"[""low_sense_coverage"", ""low_length_coverage"", ""placeholder""]"
22337,启蒙,it,to instruct the young; to initiate; to awake sb from ignorance; to free sb from prejudice or superstition; primer; enlightened; the Enlightenment; Western learning from the late Qing dynasty,illuminazione; luce,0,1,"[""low_sense_coverage"", ""low_length_coverage"", ""placeholder""]"
22929,喻,it,to describe sth as; an analogy; a simile; a metaphor; an allegory,analogia,0,1,"[""low_sense_coverage"", ""low_length_coverage"", ""placeholder""]"
23209,哗众取宠,it,sensationalism; vulgar claptrap to please the crowds; playing to the gallery; demagogy,sensazionalismo,0,1,"[""low_sense_coverage"", ""low_length_coverage"", ""placeholder""]"
24814,土木身,it,one's body as wood and earth; undecorated; unvarnished (truth),disadorna,0,1,"[""low_sense_coverage"", ""low_length_coverage"", ""placeholder""]"
25086,地漏,it,drain; underground drainpipe; floor gutter; 25th of 2nd lunar month,drenaggio,0,1,"[""low_sense_coverage"", ""low_length_coverage"", ""placeholder""]"
26076,报,it,to report; to inform; to announce; to respond; to reply; to sign up for; to register for (abbr. for 報名|报名[bao4 ming2]); to reward; to recompense; to take revenge; to retaliate; newspaper; periodical; journal; bulletin; telegram,giornale,0,1,"[""low_sense_coverage"", ""low_length_coverage"", ""placeholder""]"
26159,报纸,it,"newspaper; newsprint; CL:份[fen4],期[qi1],張|张[zhang1]",giornale,0,1,"[""low_sense_coverage"", ""low_length_coverage"", ""placeholder""]"
26244,塑封,it,to laminate (a photo etc); to seal sth in plastic; plastic wrapping,laminato,0,1,"[""low_sense_coverage"", ""low_length_coverage"", ""placeholder""]"
26875,壬,it,"ninth of the ten Heavenly Stems 十天干[shi2 tian1 gan1]; ninth in order; letter ""I"" or Roman ""IX"" in list ""A, B, C"", or ""I, II, III"" etc; ancient Chinese compass point: 345°; nona",nona,0,1,"[""low_sense_coverage"", ""low_length_coverage"", ""placeholder""]"
27013,夔,it,one-legged mountain demon of Chinese mythology; Chinese mythical figure who invented music and dancing; Chinese rain god; surname Kui,montagna,0,1,"[""low_sense_coverage"", ""low_length_coverage"", ""placeholder""]"
27656,大乘,it,"Mahayana, the Great Vehicle; Buddhism based on the Mayahana sutras, as spread to Central Asia, China and beyond; also pr. [Da4 cheng2]",mahayana,0,1,"[""low_sense_coverage"", ""low_length_coverage"", ""placeholder""]"
28800,天梯,it,stairway to heaven; high mountain road; tall ladder on a building or other large structure; space elevator,scalinata,0,1,"[""low_sense_coverage"", ""low_length_coverage"", ""placeholder""]"
28873,天生,it,nature; disposition; innate; natural,natura,0,1,"[""low_sense_coverage"", ""low_length_coverage"", ""placeholder""]"
29548,奏鸣曲,it,sonata,sonata,0,0,"[""untranslated_copy"", ""placeholder""]"
29601,套,it,"to cover; to encase; cover; sheath; to overlap; to interleave; to model after; to copy; formula; harness; loop of rope; (fig.) to fish for; to obtain slyly; classifier for sets, collections; bend (of a river or mountain range, in place names); tau (Greek letter Ττ)",copertura; copertina,0,1,"[""low_sense_coverage"", ""low_length_coverage"", ""placeholder""]"
29618,套子,it,sheath; case; cover; conventional method; cliché; trick; (coll.) condom,guaina,0,1,"[""low_sense_coverage"", ""low_length_coverage"", ""placeholder""]"
29855,女同胞,it,woman; female; female compatriot,donna,0,1,"[""low_sense_coverage"", ""low_length_coverage"", ""placeholder""]"
29959,奶奶,it,(informal) grandma (paternal grandmother); (respectful) mistress of the house; CL:位[wei4]; (coll.) boobies; breasts,nonna,0,1,"[""low_sense_coverage"", ""low_length_coverage"", ""placeholder""]"
30034,好,it,good; appropriate; proper; all right!; (before a verb) easy to; (before a verb) good to; (before an adjective for exclamatory effect) so; (verb complement indicating completion); (of two people) close; on intimate terms; (after a personal pronoun) hello,buona; brava,0,1,"[""low_sense_coverage"", ""low_length_coverage"", ""placeholder""]"
30175,好鸟,it,person of good character; nice person; bird with a melodious voice or beautiful plumage,persona,0,1,"[""low_sense_coverage"", ""low_length_coverage"", ""placeholder""]"
30181,如人饮水，冷暖自知,it,the person who drinks it knows best whether the water is hot or cold (Zen proverb); self-awareness comes from within; to know best by personal experience,persona,0,1,"[""low_sense_coverage"", ""low_length_coverage"", ""placeholder""]"
30578,奸雄,it,person who seeks advancement by any means; career climber; unscrupulous careerist,persona,0,1,"[""low_sense_coverage"", ""low_length_coverage"", ""placeholder""]"
30604,姬,it,woman; concubine; female entertainer (archaic),donna,0,1,"[""low_sense_coverage"", ""low_length_coverage"", ""placeholder""]"
30744,娘娘,it,"queen; empress; imperial concubine; Goddess, esp. Xi Wangmu 王母娘娘 or 西王母, Queen Mother of the West; mother; aunt",regina; queen,0,1,"[""low_sense_coverage"", ""low_length_coverage"", ""placeholder""]"
30805,婆,it,(bound form) grandmother; (bound form) matron; (bound form) mother-in-law; (slang) femme (in a lesbian relationship),nonna,0,1,"[""low_sense_coverage"", ""low_length_coverage"", ""placeholder""]"
30809,婆婆,it,husband's mother; mother-in-law; grandma,nonna,0,1,"[""low_sense_coverage"", ""low_length_coverage"", ""placeholder""]"
30810,婆婆妈妈,it,effeminate; old-womanish; garrulous; fainthearted; overly careful; overly sensitive; maudlin,effeminato,0,1,"[""low_sense_coverage"", ""low_length_coverage"", ""placeholder""]"
31579,孤芳自赏,it,lone flower admiring itself (idiom); narcissism; self-love,narcisismo,0,1,"[""low_sense_coverage"", ""low_length_coverage"", ""placeholder""]"
31929,安南,it,"Annam (Tang Dynasty protectorate located in what is now northern Vietnam); Annam (autonomous kingdom located in what is now northern Vietnam, 10th-15th century); Annam (central part of Vietnam during the French colonial period); old name for Vietnam; Annan District in Tainan 臺南|台南[Tai2 nan2], Taiwan; Kofi Annan (1938-2018), UN secretary-general 1997-2006",annam,0,1,"[""low_sense_coverage"", ""low_length_coverage"", ""placeholder""]"
32269,宗匠,it,person with remarkable academic or artistic attainments; master craftsman; highly esteemed person,persona,0,1,"[""low_sense_coverage"", ""low_length_coverage"", ""placeholder""]"
32500,定点,it,to determine a location; designated; appointed; specific; fixed (time); fixed point (geometry); fixed-point (number),designati; designata,0,1,"[""low_sense_coverage"", ""low_length_coverage"", ""placeholder""]"
32643,宣泄,it,to drain (by leading off water); to unburden oneself; to divulge; to leak a secret,drenaggio,0,1,"[""low_sense_coverage"", ""low_length_coverage"", ""placeholder""]"
32997,寂灭,it,to die out; to fade away; nirvana (Buddhism),nirvana,0,1,"[""low_sense_coverage"", ""low_length_coverage"", ""placeholder""]"
33629,宽弘,it,magnanimous; generous; broad-minded; wide; resonant (voice),magnanimo,0,1,"[""low_sense_coverage"", ""low_length_coverage"", ""placeholder""]"
33643,宽洪,it,magnanimous; generous; broad-minded; wide; resonant (voice),magnanimo,0,1,"[""low_sense_coverage"", ""low_length_coverage"", ""placeholder""]"
34356,小人,it,"person of low social status (old); I, me (used to refer humbly to oneself); nasty person; vile character",persona,0,1,"[""low_sense_coverage"", ""low_length_coverage"", ""placeholder""]"
34445,小姐,it,"young lady; miss; (slang) prostitute; CL:個|个[ge4],位[wei4]",signorina,0,1,"[""low_sense_coverage"", ""low_length_coverage"", ""placeholder""]"
34975,尤,it,"outstanding; particularly, especially; a fault; to express discontentment against",eccezionale,0,1,"[""low_sense_coverage"", ""low_length_coverage"", ""placeholder""]"
34991,尤尔钦科,it,"Yurchenko (name); Natalia Yurchenko (1965-), Russian gymnast; Yurchenko, a type of jump-off for vaulting",natalia,0,1,"[""low_sense_coverage"", ""low_length_coverage"", ""placeholder""]"
35009,就,it,(after a suppositional clause) in that case; then; (after a clause of action) as soon as; immediately after; (same as 就是[jiu4 shi4]) merely; nothing else but; simply; just; precisely; exactly; only; as little as; as much as; as many as; to approach; to move towards; to undertake; to engage in; (often followed by 著|着[zhe5]) taking advantage of; (of food) to go with; with regard to; concerning; (bound form) to reach; to attain (as in 一蹴而就[yi1 cu4 er2 jiu4]); (pattern: 就[jiu4] ... 也[ye3] ...) even if ... still ...; (pattern: 不[bu4] ... 就[jiu4] ...) if not ... then must be ...,appena; giusto; proprio; semplicemente,0,1,"[""low_sense_coverage"", ""low_length_coverage"", ""placeholder""]"
35056,尸,it,(literary) person representing the deceased (during burial ceremonies); (literary) to put a corpse on display (after execution); variant of 屍|尸[shi1],persona,0,1,"[""low_sense_coverage"", ""low_length_coverage"", ""placeholder""]"
35165,尾翼,it,"empennage (of an aircraft); fletching (of an arrow); fins (of a missile, rocket etc); rear spoiler (of a car)",impennaggio,0,1,"[""low_sense_coverage"", ""low_length_coverage"", ""placeholder""]"
35684,山穷水尽,it,mountain and river exhausted (idiom); at the end of the line; nowhere to go,montagna,0,1,"[""low_sense_coverage"", ""low_length_coverage"", ""placeholder""]"
35937,峰回路转,it,the mountain road twists around each new peak (idiom); (of a mountain road) twisting and turning; fig. an opportunity has come unexpectedly; things have taken a new turn,montagna,0,1,"[""low_sense_coverage"", ""low_length_coverage"", ""placeholder""]"
36089,崩坍,it,landslide; collapse (of mountain side); talus slide,frana,0,1,"[""low_sense_coverage"", ""low_length_coverage"", ""placeholder""]"
36815,巴拿马,it,Panama,Panama,0,0,"[""untranslated_copy"", ""placeholder""]"
37748,平易近人,it,amiable and approachable (idiom); easygoing; modest and unassuming; (of writing) plain and simple; easy to understand,avvicinabile,0,1,"[""low_sense_coverage"", ""low_length_coverage"", ""placeholder""]"
38103,幽明,it,the hidden and the visible; that which can be seen and that which cannot; darkness and light; night and day; wisdom and ignorance; evil and good; the living and the dead; men and ghosts,nascosto; nascoste,0,1,"[""low_sense_coverage"", ""low_length_coverage"", ""placeholder""]"
38225,序号,it,ordinal number; serial number; sequence number,ordinale,0,1,"[""low_sense_coverage"", ""low_length_coverage"", ""placeholder""]"
38492,厕所,it,"toilet; lavatory; CL:間|间[jian1],處|处[chu4]",latrina,0,1,"[""low_sense_coverage"", ""low_length_coverage"", ""placeholder""]"
39020,引,it,"to draw (e.g. a bow); to pull; to stretch sth; to extend; to lengthen; to involve or implicate in; to attract; to lead; to guide; to leave; to provide evidence or justification for; old unit of distance equal to 10 丈[zhang4], one-thirtieth of a km or 33.33 meters",disegna; disegnare,0,1,"[""low_sense_coverage"", ""low_length_coverage"", ""placeholder""]"
39467,弹指,it,to snap one's fingers; (fig.) in a flash; in an instant,snap,0,1,"[""low_sense_coverage"", ""low_length_coverage"", ""placeholder""]"
39697,彪炳,it,"(literary) (of deeds, accomplishments etc) to shine brightly (in the annals of history etc); (literary) outstanding; splendid; glorious",eccezionale,0,1,"[""low_sense_coverage"", ""low_length_coverage"", ""placeholder""]"
39937,后,it,back; behind; rear; afterwards; after; later; post-,regina,0,1,"[""low_sense_coverage"", ""low_length_coverage"", ""placeholder""]"
40890,心眼大,it,magnanimous; considerate; thoughtful; able to think of everything that needs to be thought of,magnanimo,0,1,"[""low_sense_coverage"", ""low_length_coverage"", ""placeholder""]"
41217,快照,it,(photography) snapshot; (computing) snapshot; cached copy,scena,0,1,"[""low_sense_coverage"", ""low_length_coverage"", ""placeholder""]"
41530,急难,it,misfortune; crisis; grave danger; critical situation; disaster; emergency; to be zealous in helping others out of a predicament,disgrazie; sfortuna,0,1,"[""low_sense_coverage"", ""low_length_coverage"", ""placeholder""]"
41538,性,it,"nature; character; property; quality; attribute; sexuality; sex; gender; suffix forming adjective from verb; suffix forming noun from adjective, corresponding to -ness or -ity; essence; CL:個|个[ge4]",natura,0,1,"[""low_sense_coverage"", ""low_length_coverage"", ""placeholder""]"
42394,恶心,it,nausea; to feel sick; disgust; nauseating; to embarrass (deliberately),nausea,0,1,"[""low_sense_coverage"", ""low_length_coverage"", ""placeholder""]"
42542,惺忪,it,drowsy-eyed; (literary) wavering; indecisive; (literary) awake; conscious; clearheaded,tentennamenti,0,1,"[""low_sense_coverage"", ""low_length_coverage"", ""placeholder""]"
43406,应聘者,it,person taking a job; job applicant; CL:位[wei4],persona,0,1,"[""low_sense_coverage"", ""low_length_coverage"", ""placeholder""]"
43774,成材,it,to make sth of oneself; to become a person who is worthy of respect; (of a tree) to grow to full size; to become useful for timber,legname,0,1,"[""low_sense_coverage"", ""low_length_coverage"", ""placeholder""]"
43795,成百上千,it,hundreds; a large number; lit. by the hundreds and thousands,centinaia,0,1,"[""low_sense_coverage"", ""low_length_coverage"", ""placeholder""]"
44305,手下,it,under one's control or administration; subordinates; (money etc) on hand; sb's financial means; when taking action,subordinati,0,1,"[""low_sense_coverage"", ""low_length_coverage"", ""placeholder""]"
45310,抄底,it,(finance) to snap up undervalued stocks; bargain-hunting; bottom-fishing,snap,0,1,"[""low_sense_coverage"", ""low_length_coverage"", ""placeholder""]"
45795,抹一鼻子灰,it,lit. to rub one's nose with dust; to suffer a snub; to meet with a rebuff,strofinare,0,1,"[""low_sense_coverage"", ""low_length_coverage"", ""placeholder""]"
45833,抽,it,"to draw out; to pull out from in between; to remove part of the whole; to inhale (esp. smoke); (of fabric etc) to shrink; (of certain plants) to sprout; to bud; to whip; to thrash; classifier for sheets (of tissues, wet wipes etc)",inalare,0,1,"[""low_sense_coverage"", ""low_length_coverage"", ""placeholder""]"
45943,拈指,it,a snap of the fingers; a short moment; in a flash; in the twinkling of an eye,snap,0,1,"[""low_sense_coverage"", ""low_length_coverage"", ""placeholder""]"
46304,拔高,it,to raise (one's voice); to overrate; to build up; to stand out; outstanding,eccezionale,0,1,"[""low_sense_coverage"", ""low_length_coverage"", ""placeholder""]"
46970,挑毛病,it,to nitpick; petty criticism; to nag,nag,0,1,"[""low_sense_coverage"", ""low_length_coverage"", ""placeholder""]"
46972,挑灯夜战,it,to raise a lantern and fight at night (idiom); fig. to work into the night; to burn the midnight oil,lanterna,0,1,"[""low_sense_coverage"", ""low_length_coverage"", ""placeholder""]"
47000,挖墙脚,it,to undermine; to let someone down; to seduce someone away from something,minare,0,1,"[""low_sense_coverage"", ""low_length_coverage"", ""placeholder""]"
47379,扫兴,it,to spoil things; to dampen spirits; to feel deflated; to be dispirited,rovinare,0,1,"[""low_sense_coverage"", ""low_length_coverage"", ""placeholder""]"
47539,排查,it,to inspect; to run through a checklist; to take stock; to audit,ispezionare,0,1,"[""low_sense_coverage"", ""low_length_coverage"", ""placeholder""]"
47587,排华,it,"to discriminate against Chinese people; anti-Chinese (policy, sentiment etc); Sinophobia",discriminare,0,1,"[""low_sense_coverage"", ""low_length_coverage"", ""placeholder""]"
47626,挣,it,to struggle to get free; to strive to acquire; to make (money),guadagnare,0,1,"[""low_sense_coverage"", ""low_length_coverage"", ""placeholder""]"
48217,提神醒脑,it,to refresh and clear the mind (idiom); invigorating; bracing,aggiorna,0,1,"[""low_sense_coverage"", ""low_length_coverage"", ""placeholder""]"
48323,扬清激浊,it,lit. drain away filth and bring in fresh water (idiom); fig. dispel evil and usher in good; eliminate vice and exalt virtue,drenaggio,0,1,"[""low_sense_coverage"", ""low_length_coverage"", ""placeholder""]"
48330,扬言,it,"to put about (a story, plan, threat etc); to let it be known (esp. of threat or malicious story); to threaten",minacciare,0,1,"[""low_sense_coverage"", ""low_length_coverage"", ""placeholder""]"
48436,揭牌,it,"to unveil the plaque for (a school, shop, stadium etc); to inaugurate; to officially open",inaugurare,0,1,"[""low_sense_coverage"", ""low_length_coverage"", ""placeholder""]"
48511,搋,it,to knead; to rub; to clear a drain with a pump; to conceal sth in one's bosom; to carry sth under one's coat,strofinare,0,1,"[""low_sense_coverage"", ""low_length_coverage"", ""placeholder""]"
48771,抢,it,(literary) to knock against (esp. to knock one's head on the ground in grief or rage); opposite in direction; contrary,rapinare,0,1,"[""low_sense_coverage"", ""low_length_coverage"", ""placeholder""]"
48772,抢,it,to fight over; to rush; to scramble; to grab; to rob; to snatch,rapinare,0,1,"[""low_sense_coverage"", ""low_length_coverage"", ""placeholder""]"
48819,摒挡,it,(literary) to put in order; to arrange; cuisine,cucina,0,1,"[""low_sense_coverage"", ""low_length_coverage"", ""placeholder""]"
48893,摩拳擦掌,it,fig. to rub one's fists and wipe one's palms (idiom); to roll up one's sleeves for battle; eager to get into action or start on a task,strofinare,0,1,"[""low_sense_coverage"", ""low_length_coverage"", ""placeholder""]"
48924,摩纳哥,it,Monaco,monaco,0,0,"[""untranslated_copy"", ""placeholder""]"
48941,摩顶放踵,it,to rub one's head and heels (idiom); to slave for the benefit of others; to wear oneself out for the general good,strofinare,0,1,"[""low_sense_coverage"", ""low_length_coverage"", ""placeholder""]"
49383,擂台,it,elevated stage on which martial competitions or duels were held; arena; ring,arena,0,1,"[""low_sense_coverage"", ""low_length_coverage"", ""placeholder""]"
49747,摆设,it,ornament; decorative item; (fig.) sth that is merely for show,ornamento,0,1,"[""low_sense_coverage"", ""low_length_coverage"", ""placeholder""]"
50151,收音,it,"to receive a radio signal; to make an audio recording; (of an auditorium etc) to have good acoustics; (vocal training, linguistics) ending (of a word or syllable)",finale,0,1,"[""low_sense_coverage"", ""low_length_coverage"", ""placeholder""]"
50690,教,it,(bound form) to teach; to instruct; a religion; to cause (sb to do sth); to tell (sb to do sth),insegnare,0,1,"[""low_sense_coverage"", ""low_length_coverage"", ""placeholder""]"
52216,方铅矿,it,galena,galena,0,0,"[""untranslated_copy"", ""placeholder""]"
52766,旵,it,(literary) (of sunlight) to beam down; to illuminate; (used in place names and given names),illuminare,0,1,"[""low_sense_coverage"", ""low_length_coverage"", ""placeholder""]"
53314,昭雪,it,to exonerate; to clear (from an accusation); to rehabilitate,scagionare,0,1,"[""low_sense_coverage"", ""low_length_coverage"", ""placeholder""]"
53548,晚饭,it,"evening meal; dinner; supper; CL:份[fen4],頓|顿[dun4],次[ci4],餐[can1]",cena,0,1,"[""low_sense_coverage"", ""low_length_coverage"", ""placeholder""]"
53549,晚餐,it,"evening meal; dinner; CL:份[fen4],頓|顿[dun4],次[ci4]",cena,0,1,"[""low_sense_coverage"", ""low_length_coverage"", ""placeholder""]"
54205,曝光,it,to expose (photography); (fig.) to expose (a scandal); (advertising) exposure; Taiwan pr. [pu4 guang1],impressionare,0,1,"[""low_sense_coverage"", ""low_length_coverage"", ""placeholder""]"
54979,有权势者,it,person in power; the one with authority; the guy in charge,persona,0,1,"[""low_sense_coverage"", ""low_length_coverage"", ""placeholder""]"
55279,朝向,it,toward; to face; to open onto; to turn towards; orientation; exposure; Qibla (Islam),faccia; faccina,0,1,"[""low_sense_coverage"", ""low_length_coverage"", ""placeholder""]"
55776,朱砂,it,cinnabar; mercuric sulfide HgS; also written 硃砂|朱砂[zhu1 sha1],cinabro,0,1,"[""low_sense_coverage"", ""low_length_coverage"", ""placeholder""]"
56476,松科,it,pinaceae,pinaceae,0,0,"[""untranslated_copy"", ""placeholder""]"
57138,柴,it,firewood; lean (of meat); thin (of a person),legna,0,1,"[""low_sense_coverage"", ""low_length_coverage"", ""placeholder""]"
57334,核定,it,to audit and determine; to check and ratify; to appraise and decide; determination; on a deemed basis (taxation); to deem,determinazione,0,1,"[""low_sense_coverage"", ""low_length_coverage"", ""placeholder""]"
57493,格林纳达,it,Grenada,Grenada,0,0,"[""untranslated_copy"", ""placeholder""]"
58018,棉,it,generic term for cotton or kapok; cotton; padded or quilted with cotton,cotonato,0,1,"[""low_sense_coverage"", ""low_length_coverage"", ""placeholder""]"
59046,标,it,"mark; sign; label; to mark with a symbol, label, lettering etc; to bear (a brand name, registration number etc); prize; award; bid; target; quota; (old) the topmost branches of a tree; visible symptom; classifier for military units",segna; marco,0,1,"[""low_sense_coverage"", ""low_length_coverage"", ""placeholder""]"
59109,标记,it,sign; mark; symbol; to mark up; (computing) token,insegna,0,1,"[""low_sense_coverage"", ""low_length_coverage"", ""placeholder""]"
59381,机,it,(bound form) machine; mechanism; (bound form) aircraft; (bound form) an opportunity; (bound form) crucial point; pivot; (bound form) quick-witted; flexible; (bound form) organic,macchina,0,1,"[""low_sense_coverage"", ""low_length_coverage"", ""placeholder""]"
59595,横纲,it,yokozuna,yokozuna,0,0,"[""untranslated_copy"", ""placeholder""]"
60363,正巧,it,just by chance; to happen to (just at the right time); opportune,opportuna,0,1,"[""low_sense_coverage"", ""low_length_coverage"", ""placeholder""]"
60436,正统,it,orthodoxy; tradition; orthodox; traditional; principles of dynastic succession; (of an heir) legitimate,ortodossia,0,1,"[""low_sense_coverage"", ""low_length_coverage"", ""placeholder""]"
60568,步辇,it,(literary) palanquin; sedan chair; (literary) to ride in a palanquin,berlina,0,1,"[""low_sense_coverage"", ""low_length_coverage"", ""placeholder""]"
60600,武士刀,it,katana,katana,0,0,"[""untranslated_copy"", ""placeholder""]"
60799,归,it,to return; to go back to; to give back to; (of a responsibility) to be taken care of by; to belong to; to gather together; (used between two identical verbs) despite; to marry (of a woman) (old); division on the abacus with a one-digit divisor,rientrare; ritornare; tornare,0,1,"[""low_sense_coverage"", ""low_length_coverage"", ""placeholder""]"
61766,民族主义,it,"nationalism; national self-determination; principle of nationalism, the first of Dr Sun Yat-sen's 孫中山|孙中山 Three Principles of the People 三民主義|三民主义 (at the time, meaning parity between China and the great powers); racism",nazionalismo,0,1,"[""low_sense_coverage"", ""low_length_coverage"", ""placeholder""]"
62453,永久,it,everlasting; perpetual; lasting; forever; permanent,eterna,0,1,"[""low_sense_coverage"", ""low_length_coverage"", ""placeholder""]"
63026,沉凝,it,stagnant; congealed; fig. grave in manner; low (of voice),stagnante,0,1,"[""low_sense_coverage"", ""low_length_coverage"", ""placeholder""]"
63628,沾染,it,to pollute (often fig.); to be infected by; to gain a small advantage,inquinare,0,1,"[""low_sense_coverage"", ""low_length_coverage"", ""placeholder""]"
63729,法,it,law; method; way; to emulate; (Buddhism) dharma; (abbr. for 法家[Fa3 jia1]) the Legalists; (physics) farad (abbr. for 法拉[fa3 la1]),metodo; sistema,0,1,"[""low_sense_coverage"", ""low_length_coverage"", ""placeholder""]"
63926,泡,it,bubble; foam; blister; to soak; to steep; to infuse; to dawdle; to loiter; to pick up (a girl); to get off with (a sexual partner); classifier for occurrences of an action; classifier for number of infusions,bolla; bollicina; immergere,0,1,"[""low_sense_coverage"", ""low_length_coverage"", ""placeholder""]"
64146,泥石流,it,landslide; torrent of mud and stones; mudslide,frana,0,1,"[""low_sense_coverage"", ""low_length_coverage"", ""placeholder""]"
64691,活动,it,"to exercise; to move about; to work out; shaky; unsteady; loose (tooth etc); movable; flexible; liquid (capital etc); (volcanic, seismic, economic etc) activity; (outdoor etc) activity; event; (political) campaign; (military) maneuver (CL:項|项[xiang4]); to use personal influence, connections, bribes etc",attività; azione; campagna; causa,0,1,"[""low_sense_coverage"", ""low_length_coverage"", ""placeholder""]"
65374,海绵,it,(zoology) sea sponge; (esp.) dried sea sponge; sponge (made from polyester or cellulose etc); foam rubber,spugna,0,1,"[""low_sense_coverage"", ""low_length_coverage"", ""placeholder""]"
65551,消愁解闷,it,lit. to eliminate worry and dispel melancholy (idiom); diversion from boredom; to dispel depression or melancholy; to relieve stress; a relaxing pass-time,eliminare,0,1,"[""low_sense_coverage"", ""low_length_coverage"", ""placeholder""]"
65852,淘汰,it,to wash out; (fig.) to cull; to weed out; to eliminate; to die out; to phase out,eliminare,0,1,"[""low_sense_coverage"", ""low_length_coverage"", ""placeholder""]"
107,V沟,pt,low neckline that reveals the cleavage; décolleté; gully,ravina,0,1,"[""low_sense_coverage"", ""low_length_coverage"", ""placeholder""]"
445,一周,pt,one week; all the way around; a whole cycle,semana,0,1,"[""low_sense_coverage"", ""low_length_coverage"", ""placeholder""]"
562,一弹指顷,pt,a snap of the fingers (idiom); in a flash; in the twinkling of an eye,snap,0,1,"[""low_sense_coverage"", ""low_length_coverage"", ""placeholder""]"
979,一体,pt,an integral whole; all concerned; everybody,todos,0,1,"[""low_sense_coverage"", ""low_length_coverage"", ""placeholder""]"
2308,不合时宜,pt,out of step with current thinking; outmoded; inappropriate for the occasion,anacronismo,0,1,"[""low_sense_coverage"", ""low_length_coverage"", ""placeholder""]"
2916,不过,pt,only; merely; no more than; but; however; anyway (to get back to a previous topic); cannot be more (after adjectival),só; apenas,0,1,"[""low_sense_coverage"", ""low_length_coverage"", ""placeholder""]"
2917,不过如此,pt,(idiom) nothing more than this; that's all; no big deal; not very impressive,nada,0,1,"[""low_sense_coverage"", ""low_length_coverage"", ""placeholder""]"
3269,中南半岛,pt,Indochina,indochina,0,0,"[""untranslated_copy"", ""placeholder""]"
3273,中印半岛,pt,Indochina,indochina,0,0,"[""untranslated_copy"", ""placeholder""]"
3335,中国城,pt,Chinatown,chinatown,0,0,"[""untranslated_copy"", ""placeholder""]"
3434,中天,pt,(literary) midheaven; highest point in the sky; (astronomy) culmination; transit across the meridian,culminar,0,1,"[""low_sense_coverage"", ""low_length_coverage"", ""placeholder""]"
3496,中山,pt,see 中山市[Zhong1 shan1 Shi4]; see 中山區|中山区[Zhong1 shan1 Qu1]; Nakayama (Japanese surname); see 孫中山|孙中山[Sun1 Zhong1 shan1],nakayama,0,1,"[""low_sense_coverage"", ""low_length_coverage"", ""placeholder""]"
3898,主,pt,owner; master; host; individual or party concerned; God; Lord; main; to indicate or signify; trump card (in card games),dona; proprietária,0,1,"[""low_sense_coverage"", ""low_length_coverage"", ""placeholder""]"
5170,亘古不变,pt,unchanging since times immemorial (idiom); unalterable; unvarying; monotonous,inalterável,0,1,"[""low_sense_coverage"", ""low_length_coverage"", ""placeholder""]"
5192,亚利桑那,pt,Arizona,Arizona,0,0,"[""untranslated_copy"", ""placeholder""]"
5193,亚利桑那州,pt,Arizona,Arizona,0,0,"[""untranslated_copy"", ""placeholder""]"
5701,人各有所好,pt,everyone has their likes and dislikes; there is no accounting for taste; chacun son goût,todos,0,1,"[""low_sense_coverage"", ""low_length_coverage"", ""placeholder""]"
5927,人设,pt,"character design (in games, manga etc) (abbr. for 人物設定|人物设定[ren2 wu4 she4 ding4]); (fig.) public image; (esp. a deliberately crafted) persona",persona,0,1,"[""low_sense_coverage"", ""low_length_coverage"", ""placeholder""]"
6272,仙药,pt,legendary magic potion of immortals; panacea; fig. wonder solution to a problem,panaceia,0,1,"[""low_sense_coverage"", ""low_length_coverage"", ""placeholder""]"
7514,你我,pt,you and I; everyone; all of us (in society); we (people in general),todos,0,1,"[""low_sense_coverage"", ""low_length_coverage"", ""placeholder""]"
7748,例行公事,pt,routine business; usual practice; mere formality,rotina,0,1,"[""low_sense_coverage"", ""low_length_coverage"", ""placeholder""]"
8745,候任,pt,-elect; designate; (i.e. elected or appointed but not yet installed),designar,0,1,"[""low_sense_coverage"", ""low_length_coverage"", ""placeholder""]"
9246,停放,pt,to park (a car etc); to moor (a boat etc); to leave sth (in a place),estacionar,0,1,"[""low_sense_coverage"", ""low_length_coverage"", ""placeholder""]"
9259,停滞不前,pt,stuck and not moving forward (idiom); stagnant; in a rut; at a standstill,estagnada,0,1,"[""low_sense_coverage"", ""low_length_coverage"", ""placeholder""]"
9274,停车,pt,to pull up (stop one's vehicle); to park; (of a machine) to stop working; to stall,estacionar,0,1,"[""low_sense_coverage"", ""low_length_coverage"", ""placeholder""]"
10326,元夜,pt,Lantern Festival; night of 15th of first lunar month; see also 元宵[yuan2 xiao1],lanterna,0,1,"[""low_sense_coverage"", ""low_length_coverage"", ""placeholder""]"
10330,元宵,pt,Lantern Festival; night of the 15th of the first lunar month; see also 元夜[yuan2 ye4]; sticky rice dumplings,lanterna,0,1,"[""low_sense_coverage"", ""low_length_coverage"", ""placeholder""]"
10366,元老院,pt,upper house; senate; senior statesmen's assembly,senado,0,1,"[""low_sense_coverage"", ""low_length_coverage"", ""placeholder""]"
10844,兑,pt,"to cash; to exchange; to add (liquid); to blend; one of the Eight Trigrams 八卦[ba1 gua4], symbolizing swamp; ☱",dinheiro; grana,0,1,"[""low_sense_coverage"", ""low_length_coverage"", ""placeholder""]"
10952,兜揽,pt,to canvas (for customers); to solicit; to advertise; to drum up; sales pitch; to take on (a task),tela; lona,0,1,"[""low_sense_coverage"", ""low_length_coverage"", ""placeholder""]"
10987,入围者,pt,finalist; qualifier; person or item selected as one of the best,finalista,0,1,"[""low_sense_coverage"", ""low_length_coverage"", ""placeholder""]"
11286,全场,pt,everyone present; the whole audience; across-the-board; unanimously; whole duration (of a competition or match),unanimemente,0,1,"[""low_sense_coverage"", ""low_length_coverage"", ""placeholder""]"
12021,六方,pt,hexagonal,hexagonal,0,0,"[""untranslated_copy"", ""placeholder""]"
12196,兵船,pt,man-of-war; naval vessel; warship,naval,0,1,"[""low_sense_coverage"", ""low_length_coverage"", ""placeholder""]"
12242,具体到,pt,to embody into; to apply to; to take the shape of; specific to,encarnar,0,1,"[""low_sense_coverage"", ""low_length_coverage"", ""placeholder""]"
12900,凝固汽油弹,pt,napalm,napalm,0,0,"[""untranslated_copy"", ""placeholder""]"
12926,凝集,pt,to concentrate; to gather; (biology) to agglutinate,aglutinar,0,1,"[""low_sense_coverage"", ""low_length_coverage"", ""placeholder""]"
13600,分诉,pt,to narrate; to explain; to justify oneself,narrar,0,1,"[""low_sense_coverage"", ""low_length_coverage"", ""placeholder""]"
14253,刺杀,pt,to assassinate; (military) to fight with a bayonet; (baseball) to put out (a baserunner),assassinar,0,1,"[""low_sense_coverage"", ""low_length_coverage"", ""placeholder""]"
14256,刺激性,pt,thrilling; exciting; stimulating; irritating; provocative; pungent; spicy,emocionante,0,1,"[""low_sense_coverage"", ""low_length_coverage"", ""placeholder""]"
14362,克扣,pt,"to wrongfully withhold part of what is due (to sb); to shortchange; to skim (pay, rations, resources etc)",desnatado,0,1,"[""low_sense_coverage"", ""low_length_coverage"", ""placeholder""]"
15372,助推,pt,(aerospace) to boost; to provide propulsion assistance; (behavioral economics) to nudge; to give a gentle push toward a desired behavior,impulsionar,0,1,"[""low_sense_coverage"", ""low_length_coverage"", ""placeholder""]"
15780,势,pt,power; influence; potential; momentum; tendency; trend; situation; conditions; outward appearance; sign; gesture; male genitals,cardinalidade,0,1,"[""low_sense_coverage"", ""low_length_coverage"", ""placeholder""]"
16469,匹配,pt,to mate or marry; to match; matching; compatible,combinar,0,1,"[""low_sense_coverage"", ""low_length_coverage"", ""placeholder""]"
16926,卑之，毋甚高论,pt,"my opinion, nothing very involved (idiom, humble expression); my humble point is a familiar opinion; what I say is really nothing out of the ordinary",nada,0,1,"[""low_sense_coverage"", ""low_length_coverage"", ""placeholder""]"
16927,卑之，无甚高论,pt,"my opinion, nothing very involved (idiom, humble expression); my humble point is a familiar opinion; what I say is really nothing out of the ordinary",nada,0,1,"[""low_sense_coverage"", ""low_length_coverage"", ""placeholder""]"
17085,南希,pt,Nancy,nancy,0,0,"[""untranslated_copy"", ""placeholder""]"
17426,卡塔赫纳,pt,Cartagena,cartagena,0,0,"[""untranslated_copy"", ""placeholder""]"
17539,卦,pt,divinatory diagram; one of the eight divinatory trigrams of the Book of Changes 易經|易经[Yi4 jing1]; one of the sixty-four divinatory hexagrams of the Book of Changes 易經|易经[Yi4 jing1],divinatório,0,1,"[""low_sense_coverage"", ""low_length_coverage"", ""placeholder""]"
17587,印度支那,pt,Indochina,indochina,0,0,"[""untranslated_copy"", ""placeholder""]"
19025,叨唠,pt,to be chattersome; to talk on and on without stopping; to nag,nag,0,1,"[""low_sense_coverage"", ""low_length_coverage"", ""placeholder""]"
19054,只管,pt,"solely engrossed in one thing; just (one thing, no need to worry about the rest); simply; by all means; please feel free; do not hesitate (to ask for sth)",só; apenas,0,1,"[""low_sense_coverage"", ""low_length_coverage"", ""placeholder""]"
19636,各位,pt,"everybody; all (guests, colleagues etc); all of you",todos,0,1,"[""low_sense_coverage"", ""low_length_coverage"", ""placeholder""]"
19740,合成代谢,pt,anabolism (biology); constructive metabolism (using energy to make proteins etc); assimilation,anabolismo,0,1,"[""low_sense_coverage"", ""low_length_coverage"", ""placeholder""]"
20252,名正言顺,pt,in a way that justifies the use of the term; genuine; proper; in a way that conforms to logic; justifiable; appropriate; perfectly legitimate,genuíno; genuína,0,1,"[""low_sense_coverage"", ""low_length_coverage"", ""placeholder""]"
21430,咸与维新,pt,everyone participates in reforms (idiom); to replace the old with new; to reform and start afresh,todos,0,1,"[""low_sense_coverage"", ""low_length_coverage"", ""placeholder""]"
21497,哀莫大于心死,pt,nothing sadder than a withered heart (idiom attributed to Confucius by Zhuangzi 莊子|庄子[Zhuang1 zi3]); no greater sorrow than a heart that never rejoices; the worst sorrow is not as bad as an uncaring heart; nothing is more wretched than apathy,nada,0,1,"[""low_sense_coverage"", ""low_length_coverage"", ""placeholder""]"
22062,唱和,pt,antiphon (i.e. solo voice answered by chorus); sung reply (in agreement with first voice); to reply with a poem in the same rhythm,Antífona,0,1,"[""low_sense_coverage"", ""low_length_coverage"", ""placeholder""]"
22337,启蒙,pt,to instruct the young; to initiate; to awake sb from ignorance; to free sb from prejudice or superstition; primer; enlightened; the Enlightenment; Western learning from the late Qing dynasty,iluminação,0,1,"[""low_sense_coverage"", ""low_length_coverage"", ""placeholder""]"
22929,喻,pt,to describe sth as; an analogy; a simile; a metaphor; an allegory,analogia,0,1,"[""low_sense_coverage"", ""low_length_coverage"", ""placeholder""]"
23051,唢呐,pt,"suona, Chinese shawm (oboe), used in festivals and processions or for military purposes; also written 鎖吶|锁呐; also called 喇叭[la3 ba5]",zurna,0,1,"[""low_sense_coverage"", ""low_length_coverage"", ""placeholder""]"
23209,哗众取宠,pt,sensationalism; vulgar claptrap to please the crowds; playing to the gallery; demagogy,sensacionalismo,0,1,"[""low_sense_coverage"", ""low_length_coverage"", ""placeholder""]"
23218,唠叨,pt,to prattle; to chatter away; to nag; garrulous; nagging,nag,0,1,"[""low_sense_coverage"", ""low_length_coverage"", ""placeholder""]"
23911,回扣,pt,brokerage; a commission paid to a middleman; euphemism for a bribe; a kickback,propina,0,1,"[""low_sense_coverage"", ""low_length_coverage"", ""placeholder""]"
23995,回过头来,pt,to turn one's head; to turn around; (fig.) to return (to a previous point); to come back (to what one was saying before); (fig.) to look back (in time); to reflect on the past,devolução; retornar,0,1,"[""low_sense_coverage"", ""low_length_coverage"", ""placeholder""]"
24163,圈,pt,"circle; ring; loop; (fig.) social circle; niche group; community; fandom; classifier for loops, orbits, laps; to surround; to encircle; to circle (sth); to mark with a circle",aro; contornar; rodear,0,1,"[""low_sense_coverage"", ""low_length_coverage"", ""placeholder""]"
24174,圈定,pt,to highlight sth by drawing a circle around it; (fig.) to designate; to delineate,designar,0,1,"[""low_sense_coverage"", ""low_length_coverage"", ""placeholder""]"
24549,围产,pt,perinatal,perinatal,0,0,"[""untranslated_copy"", ""placeholder""]"
24574,园游会,pt,(Tw) garden party; fete (held in a garden or park); carnival; fair,carnaval,0,1,"[""low_sense_coverage"", ""low_length_coverage"", ""placeholder""]"
25011,地和,pt,(mahjong) earthly hand; a hand that is completed by a non-dealer on their first draw; (mahjong) to obtain an earthly hand,terrena,0,1,"[""low_sense_coverage"", ""low_length_coverage"", ""placeholder""]"
26193,场景,pt,scene; scenario; situation; setting,cena,0,1,"[""low_sense_coverage"", ""low_length_coverage"", ""placeholder""]"
26199,场面,pt,scene; spectacle; occasion; situation,cena,0,1,"[""low_sense_coverage"", ""low_length_coverage"", ""placeholder""]"
26244,塑封,pt,to laminate (a photo etc); to seal sth in plastic; plastic wrapping,laminado,0,1,"[""low_sense_coverage"", ""low_length_coverage"", ""placeholder""]"
26612,墟,pt,ruins; (literary) village; variant of 圩[xu1]; country fair,ruínas,0,1,"[""low_sense_coverage"", ""low_length_coverage"", ""placeholder""]"
26875,壬,pt,"ninth of the ten Heavenly Stems 十天干[shi2 tian1 gan1]; ninth in order; letter ""I"" or Roman ""IX"" in list ""A, B, C"", or ""I, II, III"" etc; ancient Chinese compass point: 345°; nona",nona,0,1,"[""low_sense_coverage"", ""low_length_coverage"", ""placeholder""]"
27656,大乘,pt,"Mahayana, the Great Vehicle; Buddhism based on the Mayahana sutras, as spread to Central Asia, China and beyond; also pr. [Da4 cheng2]",mahayana,0,1,"[""low_sense_coverage"", ""low_length_coverage"", ""placeholder""]"
27886,大家,pt,everyone; influential family; great expert,todos,0,1,"[""low_sense_coverage"", ""low_length_coverage"", ""placeholder""]"
27887,大家伙儿,pt,(coll.) everyone; all of us; you folks,todos,0,1,"[""low_sense_coverage"", ""low_length_coverage"", ""placeholder""]"
28201,大王,pt,king; magnate; person having expert skill in something,magnata,0,1,"[""low_sense_coverage"", ""low_length_coverage"", ""placeholder""]"
29548,奏鸣曲,pt,sonata,sonata,0,0,"[""untranslated_copy"", ""placeholder""]"
29616,套套,pt,methods; the old tricks; (slang) condom,métodos,0,1,"[""low_sense_coverage"", ""low_length_coverage"", ""placeholder""]"
29650,套路,pt,sequence of movements in martial arts; routine; pattern; standard method,rotina,0,1,"[""low_sense_coverage"", ""low_length_coverage"", ""placeholder""]"
30474,姑奶奶,pt,"paternal great-aunt (father's father's sister); (respectful form of address for a married woman used by members of her parents' family) married daughter; (brassy self-reference used by a woman in an altercation) I; me; this lady here; (coll.) form of address for an unmarried girl or woman, expressing affection or reproach",paterno; paterna,0,1,"[""low_sense_coverage"", ""low_length_coverage"", ""placeholder""]"
30770,娜娜,pt,Nana (name); Nana (1880 novel by Émile Zola); Nana (Japanese manga series),nana,0,1,"[""low_sense_coverage"", ""low_length_coverage"", ""placeholder""]"
30810,婆婆妈妈,pt,effeminate; old-womanish; garrulous; fainthearted; overly careful; overly sensitive; maudlin,efeminado,0,1,"[""low_sense_coverage"", ""low_length_coverage"", ""placeholder""]"
31579,孤芳自赏,pt,lone flower admiring itself (idiom); narcissism; self-love,narcisismo,0,1,"[""low_sense_coverage"", ""low_length_coverage"", ""placeholder""]"
31929,安南,pt,"Annam (Tang Dynasty protectorate located in what is now northern Vietnam); Annam (autonomous kingdom located in what is now northern Vietnam, 10th-15th century); Annam (central part of Vietnam during the French colonial period); old name for Vietnam; Annan District in Tainan 臺南|台南[Tai2 nan2], Taiwan; Kofi Annan (1938-2018), UN secretary-general 1997-2006",Annam,0,1,"[""low_sense_coverage"", ""low_length_coverage"", ""placeholder""]"
32023,安息香,pt,Styrax officinalis or Styrax benzoin; benzoin resin (used in TCM); Benzoinum,officinalis,0,1,"[""low_sense_coverage"", ""low_length_coverage"", ""placeholder""]"
32060,安乐椅,pt,comfortable armchair; easy chair; rocking chair,poltrona,0,1,"[""low_sense_coverage"", ""low_length_coverage"", ""placeholder""]"
32388,定型,pt,to finalize (a design etc); stereotype; permanent wave or perm (hairdressing),finalizar,0,1,"[""low_sense_coverage"", ""low_length_coverage"", ""placeholder""]"
32718,宰,pt,to slaughter; to butcher; to kill (animals etc); (coll.) to fleece; to rip off; to overcharge; (bound form) to govern; to rule; (bound form) (a title for certain government officials in ancient China),matança; chacina,0,1,"[""low_sense_coverage"", ""low_length_coverage"", ""placeholder""]"
32997,寂灭,pt,to die out; to fade away; nirvana (Buddhism),nirvana,0,1,"[""low_sense_coverage"", ""low_length_coverage"", ""placeholder""]"
34162,对应,pt,to correspond (to); to be equivalent to; to be a counterpart to,combinar,0,1,"[""low_sense_coverage"", ""low_length_coverage"", ""placeholder""]"
34738,小卖部,pt,kiosk; snack counter; retail department or section inside a larger business,cantina,0,1,"[""low_sense_coverage"", ""low_length_coverage"", ""placeholder""]"
35009,就,pt,(after a suppositional clause) in that case; then; (after a clause of action) as soon as; immediately after; (same as 就是[jiu4 shi4]) merely; nothing else but; simply; just; precisely; exactly; only; as little as; as much as; as many as; to approach; to move towards; to undertake; to engage in; (often followed by 著|着[zhe5]) taking advantage of; (of food) to go with; with regard to; concerning; (bound form) to reach; to attain (as in 一蹴而就[yi1 cu4 er2 jiu4]); (pattern: 就[jiu4] ... 也[ye3] ...) even if ... still ...; (pattern: 不[bu4] ... 就[jiu4] ...) if not ... then must be ...,apenas; meramente; simplesmente; somente,0,1,"[""low_sense_coverage"", ""low_length_coverage"", ""placeholder""]"
35165,尾翼,pt,"empennage (of an aircraft); fletching (of an arrow); fins (of a missile, rocket etc); rear spoiler (of a car)",empenagem,0,1,"[""low_sense_coverage"", ""low_length_coverage"", ""placeholder""]"
35190,尿检,pt,urine test; urinalysis; to do a urine test,urina,0,1,"[""low_sense_coverage"", ""low_length_coverage"", ""placeholder""]"
36289,州长,pt,governor (of a province or colony); (US) state governor; (Australian) state premier,governador,0,1,"[""low_sense_coverage"", ""low_length_coverage"", ""placeholder""]"
37367,帐,pt,(bound form) curtain; tent; canopy; variant of 賬|账[zhang4],cortina,0,1,"[""low_sense_coverage"", ""low_length_coverage"", ""placeholder""]"
37443,常务,pt,routine; everyday business; daily operation (of a company),rotina,0,1,"[""low_sense_coverage"", ""low_length_coverage"", ""placeholder""]"
38225,序号,pt,ordinal number; serial number; sequence number,ordinal,0,1,"[""low_sense_coverage"", ""low_length_coverage"", ""placeholder""]"
39467,弹指,pt,to snap one's fingers; (fig.) in a flash; in an instant,snap,0,1,"[""low_sense_coverage"", ""low_length_coverage"", ""placeholder""]"
40361,复,pt,to go and return; to return; to resume; to return to a normal or original state; to repeat; again; to recover; to restore; to turn over; to reply; to answer; to reply to a letter; to retaliate; to carry out,devolução; retornar,0,1,"[""low_sense_coverage"", ""low_length_coverage"", ""placeholder""]"
41274,念想,pt,to miss (the presence of); to cherish the memory of; aspiration; desire; sth one keeps thinking about; (coll.) keepsake; memento; (coll.) impression (of sb or sth in one's mind),saudades; menina,0,1,"[""low_sense_coverage"", ""low_length_coverage"", ""placeholder""]"
41538,性,pt,"nature; character; property; quality; attribute; sexuality; sex; gender; suffix forming adjective from verb; suffix forming noun from adjective, corresponding to -ness or -ity; essence; CL:個|个[ge4]",natureza,0,1,"[""low_sense_coverage"", ""low_length_coverage"", ""placeholder""]"
42229,情景,pt,scene; spectacle; circumstances; situation,cena,0,1,"[""low_sense_coverage"", ""low_length_coverage"", ""placeholder""]"
43795,成百上千,pt,hundreds; a large number; lit. by the hundreds and thousands,centenas,0,1,"[""low_sense_coverage"", ""low_length_coverage"", ""placeholder""]"
44056,戏份,pt,scene (in a movie etc); one's part in a movie or play; (archaic) actor's payment,cena,0,1,"[""low_sense_coverage"", ""low_length_coverage"", ""placeholder""]"
44305,手下,pt,under one's control or administration; subordinates; (money etc) on hand; sb's financial means; when taking action,subordinados,0,1,"[""low_sense_coverage"", ""low_length_coverage"", ""placeholder""]"
45310,抄底,pt,(finance) to snap up undervalued stocks; bargain-hunting; bottom-fishing,snap,0,1,"[""low_sense_coverage"", ""low_length_coverage"", ""placeholder""]"
45488,投生,pt,reborn (of departed spirit); to be reincarnated; to leave home for a new life,renascer,0,1,"[""low_sense_coverage"", ""low_length_coverage"", ""placeholder""]"
45833,抽,pt,"to draw out; to pull out from in between; to remove part of the whole; to inhale (esp. smoke); (of fabric etc) to shrink; (of certain plants) to sprout; to bud; to whip; to thrash; classifier for sheets (of tissues, wet wipes etc)",inspira; inalar,0,1,"[""low_sense_coverage"", ""low_length_coverage"", ""placeholder""]"
45943,拈指,pt,a snap of the fingers; a short moment; in a flash; in the twinkling of an eye,snap,0,1,"[""low_sense_coverage"", ""low_length_coverage"", ""placeholder""]"
46890,按,pt,to press; to push; to leave aside or shelve; to control; to restrain; to keep one's hand on; to check or refer to; according to; in the light of; (of an editor or author) to make a comment,prensar; pressionar,0,1,"[""low_sense_coverage"", ""low_length_coverage"", ""placeholder""]"
46970,挑毛病,pt,to nitpick; petty criticism; to nag,nag,0,1,"[""low_sense_coverage"", ""low_length_coverage"", ""placeholder""]"
47000,挖墙脚,pt,to undermine; to let someone down; to seduce someone away from something,minar,0,1,"[""low_sense_coverage"", ""low_length_coverage"", ""placeholder""]"
47587,排华,pt,"to discriminate against Chinese people; anti-Chinese (policy, sentiment etc); Sinophobia",discriminar,0,1,"[""low_sense_coverage"", ""low_length_coverage"", ""placeholder""]"
48436,揭牌,pt,"to unveil the plaque for (a school, shop, stadium etc); to inaugurate; to officially open",inaugurar,0,1,"[""low_sense_coverage"", ""low_length_coverage"", ""placeholder""]"
48600,摇头摆尾,pt,to nod one's head and wag one's tail (idiom); to be well pleased with oneself; to have a lighthearted air,acenar,0,1,"[""low_sense_coverage"", ""low_length_coverage"", ""placeholder""]"
49383,擂台,pt,elevated stage on which martial competitions or duels were held; arena; ring,arena,0,1,"[""low_sense_coverage"", ""low_length_coverage"", ""placeholder""]"
50777,教训,pt,"to provide guidance; to lecture sb; to upbraid; a talking-to; a bitter lesson; CL:番[fan1],頓|顿[dun4]",ensinar; instruir,0,1,"[""low_sense_coverage"", ""low_length_coverage"", ""placeholder""]"
51018,整理,pt,"to arrange; to tidy up; to sort out; to straighten out; to list systematically; to collate (data, files); to pack (luggage)",coordenar; organizar,0,1,"[""low_sense_coverage"", ""low_length_coverage"", ""placeholder""]"
51032,整饬,pt,(literary) to put in good order; to make shipshape; (literary) orderly; neat; tidy,ordenada,0,1,"[""low_sense_coverage"", ""low_length_coverage"", ""placeholder""]"
52064,断垣残壁,pt,lit. walls reduced to rubble (idiom); fig. scene of devastation; ruins,ruínas,0,1,"[""low_sense_coverage"", ""low_length_coverage"", ""placeholder""]"
52065,断壁残垣,pt,lit. walls reduced to rubble (idiom); fig. scene of devastation; ruins,ruínas,0,1,"[""low_sense_coverage"", ""low_length_coverage"", ""placeholder""]"
52066,断壁颓垣,pt,lit. walls reduced to rubble (idiom); fig. scene of devastation; ruins,ruínas,0,1,"[""low_sense_coverage"", ""low_length_coverage"", ""placeholder""]"
52216,方铅矿,pt,galena,Galena,0,0,"[""untranslated_copy"", ""placeholder""]"
52766,旵,pt,(literary) (of sunlight) to beam down; to illuminate; (used in place names and given names),iluminar,0,1,"[""low_sense_coverage"", ""low_length_coverage"", ""placeholder""]"
53120,星期,pt,week; CL:個|个[ge4]; day of the week; Sunday,semana,0,1,"[""low_sense_coverage"", ""low_length_coverage"", ""placeholder""]"
53195,春光,pt,scenes of springtime; the radiance of spring; (fig.) a sight of sth sexy or erotic; an indication of a love affair,cenas,0,1,"[""low_sense_coverage"", ""low_length_coverage"", ""placeholder""]"
53610,普天同庆,pt,everybody celebrating together; universal celebration; universal rejoicing,todos,0,1,"[""low_sense_coverage"", ""low_length_coverage"", ""placeholder""]"
54549,最低点,pt,lowest point; nadir; minimum level,nadir,0,1,"[""low_sense_coverage"", ""low_length_coverage"", ""placeholder""]"
55030,有目共赏,pt,as everyone can appreciate (idiom); clear to all; unarguable,todos,0,1,"[""low_sense_coverage"", ""low_length_coverage"", ""placeholder""]"
55729,本质,pt,essence; nature; innate character; intrinsic quality,natureza,0,1,"[""low_sense_coverage"", ""low_length_coverage"", ""placeholder""]"
55776,朱砂,pt,cinnabar; mercuric sulfide HgS; also written 硃砂|朱砂[zhu1 sha1],cinabre,0,1,"[""low_sense_coverage"", ""low_length_coverage"", ""placeholder""]"
56476,松科,pt,pinaceae,pinaceae,0,0,"[""untranslated_copy"", ""placeholder""]"
57334,核定,pt,to audit and determine; to check and ratify; to appraise and decide; determination; on a deemed basis (taxation); to deem,determinação,0,1,"[""low_sense_coverage"", ""low_length_coverage"", ""placeholder""]"
59324,桥段,pt,"(cinema, literature etc) scene; trope; plot device; (songwriting) bridge",cena,0,1,"[""low_sense_coverage"", ""low_length_coverage"", ""placeholder""]"
59381,机,pt,(bound form) machine; mechanism; (bound form) aircraft; (bound form) an opportunity; (bound form) crucial point; pivot; (bound form) quick-witted; flexible; (bound form) organic,maquinas; máquina,0,1,"[""low_sense_coverage"", ""low_length_coverage"", ""placeholder""]"
59595,横纲,pt,yokozuna,yokozuna,0,0,"[""untranslated_copy"", ""placeholder""]"
60345,正好,pt,just (in time); just right; just enough; to happen to; to chance to; by chance; it just so happens that,só; apenas,0,1,"[""low_sense_coverage"", ""low_length_coverage"", ""placeholder""]"
60436,正统,pt,orthodoxy; tradition; orthodox; traditional; principles of dynastic succession; (of an heir) legitimate,ortodoxia,0,1,"[""low_sense_coverage"", ""low_length_coverage"", ""placeholder""]"
60600,武士刀,pt,katana,katana,0,0,"[""untranslated_copy"", ""placeholder""]"
60799,归,pt,to return; to go back to; to give back to; (of a responsibility) to be taken care of by; to belong to; to gather together; (used between two identical verbs) despite; to marry (of a woman) (old); division on the abacus with a one-digit divisor,devolver; regressar; retornar,0,1,"[""low_sense_coverage"", ""low_length_coverage"", ""placeholder""]"
61042,残垣败壁,pt,lit. walls reduced to rubble (idiom); fig. scene of devastation; ruins,ruínas,0,1,"[""low_sense_coverage"", ""low_length_coverage"", ""placeholder""]"
61043,残垣断壁,pt,lit. walls reduced to rubble (idiom); fig. scene of devastation; ruins,ruínas,0,1,"[""low_sense_coverage"", ""low_length_coverage"", ""placeholder""]"
61165,杀,pt,to kill; to slay; to murder; to attack; to weaken; to reduce; (dialect) to smart; (used after a verb) extremely,assassinar; matar,0,1,"[""low_sense_coverage"", ""low_length_coverage"", ""placeholder""]"
61233,杀青,pt,"to put the last hand to (a book, a film etc); to finalize; to kill-green (a step in the processing of tea leaves)",finalizar,0,1,"[""low_sense_coverage"", ""low_length_coverage"", ""placeholder""]"
61346,每人,pt,each person; everybody; per person,todos,0,1,"[""low_sense_coverage"", ""low_length_coverage"", ""placeholder""]"
61389,毒害,pt,to harm (sb's health) with narcotics etc; to poison (people's minds); to corrupt; pernicious influence,envenenar,0,1,"[""low_sense_coverage"", ""low_length_coverage"", ""placeholder""]"
61766,民族主义,pt,"nationalism; national self-determination; principle of nationalism, the first of Dr Sun Yat-sen's 孫中山|孙中山 Three Principles of the People 三民主義|三民主义 (at the time, meaning parity between China and the great powers); racism",nacionalismo,0,1,"[""low_sense_coverage"", ""low_length_coverage"", ""placeholder""]"
62835,污辱,pt,to humiliate; to insult; to tarnish; to sully,profanar,0,1,"[""low_sense_coverage"", ""low_length_coverage"", ""placeholder""]"
63026,沉凝,pt,stagnant; congealed; fig. grave in manner; low (of voice),estagnada,0,1,"[""low_sense_coverage"", ""low_length_coverage"", ""placeholder""]"
63174,没说的,pt,(coll.) nothing to pick on; really good; (coll.) nothing to discuss; settled matter; no problem,nada,0,1,"[""low_sense_coverage"", ""low_length_coverage"", ""placeholder""]"
63688,泉,pt,spring (small stream); mouth of a spring; coin (archaic),Nascente,0,1,"[""low_sense_coverage"", ""low_length_coverage"", ""placeholder""]"
64159,注,pt,"(bound form) to pour into; to flow into; to inject; (bound form) to focus (one's spirit, gaze etc) on a single point; to concentrate; (bound form) stake (in gambling); classifier for stakes, sums of money, transactions or beams of light; variant of 註|注[zhu4]",derramar; entornar; verter,0,1,"[""low_sense_coverage"", ""low_length_coverage"", ""placeholder""]"
64697,活动房屋,pt,prefabricated building; prefab; mobile home; caravan; trailer,caravanas,0,1,"[""low_sense_coverage"", ""low_length_coverage"", ""placeholder""]"
64816,流,pt,"to flow; to disseminate; to circulate or spread; to move or drift; to degenerate; to banish or send into exile; stream of water or sth resembling one; class, rate or grade",correr; fluir; manar,0,1,"[""low_sense_coverage"", ""low_length_coverage"", ""placeholder""]"
65070,浮动,pt,to drift about; to move unsteadily; (fig.) to fluctuate; to rise and fall; to be changeable; (economics) (of a currency or rate etc) to float,nadar,0,1,"[""low_sense_coverage"", ""low_length_coverage"", ""placeholder""]"
65585,消肿,pt,to reduce swelling; detumescence; (fig.) to streamline (a bloated bureaucracy etc),racionalizar,0,1,"[""low_sense_coverage"", ""low_length_coverage"", ""placeholder""]"
65642,涉猎,pt,to skim (through a book); to read cursorily; to dip into,desnatado,0,1,"[""low_sense_coverage"", ""low_length_coverage"", ""placeholder""]"
67002,源泉,pt,fountainhead; well-spring; water source; fig. origin,Nascente,0,1,"[""low_sense_coverage"", ""low_length_coverage"", ""placeholder""]"
67026,准决赛,pt,semifinal,semifinal,0,0,"[""untranslated_copy"", ""placeholder""]"
67112,温,pt,warm; lukewarm; to warm up; (bound form) temperature; (bound form) mild; soft; tender; to review (a lesson etc); (TCM) fever; epidemic; pestilence (old variant of 瘟[wen1]),morna; morno; tépida; tépido,0,1,"[""low_sense_coverage"", ""low_length_coverage"", ""placeholder""]"
67116,温吞,pt,tepid; lukewarm; (fig.) apathetic; half-hearted; sluggish; mild-tempered,morno; morna,0,1,"[""low_sense_coverage"", ""low_length_coverage"", ""placeholder""]"
67575,满堂彩,pt,everyone present applauds; universal acclaim; a standing ovation; to bring the house down,todos,0,1,"[""low_sense_coverage"", ""low_length_coverage"", ""placeholder""]"
67700,漂浮,pt,"to float; to hover; to drift (also fig., to lead a wandering life); to rove; showy; superficial",nadar,0,1,"[""low_sense_coverage"", ""low_length_coverage"", ""placeholder""]"
67737,漏掉,pt,to miss; to leave out; to omit; to be omitted; to be missing; to slip through; to leak out; to seep away,saudades; menina,0,1,"[""low_sense_coverage"", ""low_length_coverage"", ""placeholder""]"
67795,漕,pt,to transport (esp. grain) by water; (literary) watercourse; canal,canal,0,1,"[""low_sense_coverage"", ""low_length_coverage"", ""placeholder""]"
68035,泼,pt,to splash; to spill; rough and coarse; brutish,chapinar,0,1,"[""low_sense_coverage"", ""low_length_coverage"", ""placeholder""]"
68774,灌输,pt,to imbue with; to inculcate; to instill into; to teach; to impart; to channel water to another place,ensina; ensine,0,1,"[""low_sense_coverage"", ""low_length_coverage"", ""placeholder""]"
69841,无所作为,pt,attempting nothing and accomplishing nothing (idiom); without any initiative or drive; feckless,nada,0,1,"[""low_sense_coverage"", ""low_length_coverage"", ""placeholder""]"
69898,无法无天,pt,(idiom) defiant of the law and lacking any sense of morality; lawless; out of control; unruly,anarquia,0,1,"[""low_sense_coverage"", ""low_length_coverage"", ""placeholder""]"
69925,无异,pt,nothing other than; to differ in no way from; the same as; to amount to,nada,0,1,"[""low_sense_coverage"", ""low_length_coverage"", ""placeholder""]"
70264,烟酸,pt,niacin (vitamin B3); 3-Pyridinecarboxylic acid C6H5NO2; nicotinic acid,niacina,0,1,"[""low_sense_coverage"", ""low_length_coverage"", ""placeholder""]"
70821,灯红酒绿,pt,"lanterns red, wine green (idiom); feasting and pleasure-seeking; debauched and corrupt environment",lanternas,0,1,"[""low_sense_coverage"", ""low_length_coverage"", ""placeholder""]"
71478,牛人,pt,(coll.) leading light; true expert; badass,durona,0,1,"[""low_sense_coverage"", ""low_length_coverage"", ""placeholder""]"
71504,牛樟,pt,Cinnamomum kanehirae; small-leaf camphor; stout camphor (indigenous to Taiwan),cinnamomum,0,1,"[""low_sense_coverage"", ""low_length_coverage"", ""placeholder""]"
73297,现场,pt,"the scene (of a crime, accident etc); (on) the spot; (at) the site",cena,0,1,"[""low_sense_coverage"", ""low_length_coverage"", ""placeholder""]"
74002,瓮,pt,variant of 甕|瓮[weng4]; earthen jar; urn,urna,0,1,"[""low_sense_coverage"", ""low_length_coverage"", ""placeholder""]"
75402,当道,pt,in the middle of the road; to be in the way; to hold power; (fig.) to predominate; to be in vogue,predominam,0,1,"[""low_sense_coverage"", ""low_length_coverage"", ""placeholder""]"
75503,疏离,pt,to become alienated; estranged; alienation; disaffection; set wide apart,alienação,0,1,"[""low_sense_coverage"", ""low_length_coverage"", ""placeholder""]"
76488,白沙,pt,"Baisha (common place name); Baisha Lizu autonomous county, Hainan; Baisha or Paisha township in Penghu county 澎湖縣|澎湖县[Peng2 hu2 xian4] (Pescadores Islands), Taiwan",hainan,0,1,"[""low_sense_coverage"", ""low_length_coverage"", ""placeholder""]"
77435,监理,pt,to supervise; to oversee (e.g. a construction project); (of a regulatory body) to oversee; to regulate (e.g. financial institutions); supervisor,supervisionar,0,1,"[""low_sense_coverage"", ""low_length_coverage"", ""placeholder""]"
77443,监管,pt,to oversee; to take charge of; to supervise; to administer; supervisory; supervision,supervisionar,0,1,"[""low_sense_coverage"", ""low_length_coverage"", ""placeholder""]"
78532,睁眼瞎,pt,an illiterate; sb who has blurred vision; sb who is willfully blind,analfabeto,0,1,"[""low_sense_coverage"", ""low_length_coverage"", ""placeholder""]"
79680,碎碎念,pt,to sound like a broken record; to prattle; to nag; to mutter,nag,0,1,"[""low_sense_coverage"", ""low_length_coverage"", ""placeholder""]"
80858,礼拜,pt,to attend a religious service; (coll.) week; (coll.) Sunday,semana,0,1,"[""low_sense_coverage"", ""low_length_coverage"", ""placeholder""]"
81669,稽,pt,(bound form) to examine; to check (against records); (literary) to delay; to linger; (literary) to dispute; to argue,examinar; examine,0,1,"[""low_sense_coverage"", ""low_length_coverage"", ""placeholder""]"
81880,究竟,pt,to go to the bottom of a matter; after all; when all is said and done; (in an interrogative sentence) finally; outcome; result,enfim; finalmente,0,1,"[""low_sense_coverage"", ""low_length_coverage"", ""placeholder""]"
82052,空头,pt,phony; so-called; armchair (expert); vain (promise); (finance) short-seller; bear (market); short (selling),poltrona,0,1,"[""low_sense_coverage"", ""low_length_coverage"", ""placeholder""]"
82127,突触,pt,synapse,synapse,0,0,"[""untranslated_copy"", ""placeholder""]"
83191,管,pt,to take care (of); to control; to manage; to be in charge of; to look after; to run; to care about; tube; pipe; woodwind; classifier for tube-shaped objects; particle similar to 把[ba3] in 管...叫 constructions; writing brush; (coll.) to; towards,canal; cano; ducto; duto,0,1,"[""low_sense_coverage"", ""low_length_coverage"", ""placeholder""]"
84008,精炼,pt,"to refine (a substance); to purify; to refine (one's skills, writing etc); refined; polished; succinct; skilled; capable",refinar,0,1,"[""low_sense_coverage"", ""low_length_coverage"", ""placeholder""]"
84305,纪年,pt,to number the years; calendar era; annals; chronicle,anais,0,1,"[""low_sense_coverage"", ""low_length_coverage"", ""placeholder""]"
84723,纳塔乃耳,pt,Nathaniel,nathaniel,0,0,"[""untranslated_copy"", ""placeholder""]"
84744,纳瓦萨,pt,Navassa,navassa,0,0,"[""untranslated_copy"", ""placeholder""]"
84745,纳瓦霍,pt,Navajo,navajo,0,0,"[""untranslated_copy"", ""placeholder""]"
84746,纳皮尔,pt,"Napier (name); John Napier (1550-1617), Scottish mathematician, inventor of logarithms; Napier, city in New Zealand",napier,0,1,"[""low_sense_coverage"", ""low_length_coverage"", ""placeholder""]"
85306,终端机,pt,terminal,terminal,0,0,"[""untranslated_copy"", ""placeholder""]"
87789,美宇航局,ja,US National Aeronautics and Space Administration; NASA; abbr. for 美國宇航局|美国宇航局,NASA,0,1,"[""low_sense_coverage"", ""low_length_coverage"", ""placeholder""]"
90510,脱氧核糖核酸,ja,DNA,DNA,0,0,"[""untranslated_copy"", ""placeholder""]"
18071,去氧核糖核酸,ja,deoxyribonucleic acid; DNA,DNA,10,1,"[""partial_sense_coverage"", ""low_length_coverage"", ""placeholder""]"
78781,眬,ja,used in 矇矓|蒙眬[meng2 long2],-,10,1,"[""too_short"", ""placeholder""]"
213,捷,ja,variant of 捷[jie2]; quick; nimble,速い,20,1,"[""low_sense_coverage"", ""too_short""]"
220,㧐,ja,(literary) to stand upright; (dialect) to push; to shove,㩳,20,1,"[""low_sense_coverage"", ""too_short""]"
340,一,ja,"one; single; a (article); as soon as; entire; whole; all; throughout; ""one"" radical in Chinese characters (Kangxi radical 1); also pr. [yao1] for greater clarity when spelling out numbers digit by digit",一,20,1,"[""low_sense_coverage"", ""too_short""]"
346,一下,ja,"(after a verb) a bit; a little (indicating brief duration, or softening the tone, or suggesting giving sth a try); all at once; suddenly",一度,20,1,"[""low_sense_coverage"", ""too_short""]"
348,一下子,ja,in a short while; all at once; all of a sudden,突然,20,1,"[""low_sense_coverage"", ""too_short""]"
351,一世,ja,generation; period of 30 years; one's whole lifetime; lifelong; age; era; times; the whole world; the First (of numbered European kings),世代,20,1,"[""low_sense_coverage"", ""too_short""]"
369,一代,ja,an era; an age; a generation,世代,20,1,"[""low_sense_coverage"", ""too_short""]"
376,一个,ja,"a; an; one; the whole (afternoon, summer vacation etc)",一,20,1,"[""low_sense_coverage"", ""too_short""]"
395,一元化,ja,integration; integrated; unified,統一,20,1,"[""low_sense_coverage"", ""too_short""]"
436,一口咬定,ja,to arbitrarily assert; to allege; to stick to one's statement; to cling to one's view,主張,20,1,"[""low_sense_coverage"", ""too_short""]"
437,一口气,ja,one breath; in one breath; at a stretch,一息,20,1,"[""low_sense_coverage"", ""too_short""]"
449,一命呜呼,ja,to die (idiom); to breathe one's last; to give up the ghost,死,20,1,"[""low_sense_coverage"", ""too_short""]"
472,一团糟,ja,chaos; bungle; complete mess; shambles,混乱,20,1,"[""low_sense_coverage"", ""too_short""]"
478,一塌糊涂,ja,muddled and completely collapsing (idiom); in an awful condition; complete shambles; a total mess,混乱,20,1,"[""low_sense_coverage"", ""too_short""]"
480,一壁,ja,at the same time; simultaneously; while,片側,20,1,"[""low_sense_coverage"", ""too_short""]"
500,一套,ja,suit; a set; a collection; of the same kind; the same old stuff; set pattern of behavior,設定,20,1,"[""low_sense_coverage"", ""too_short""]"
524,一家,ja,the whole family; the same family; the family ... (when preceded by a family name); group,家族,20,1,"[""low_sense_coverage"", ""too_short""]"
545,一席之地,ja,(acknowledged) place; a role to play; niche,場所,20,1,"[""low_sense_coverage"", ""too_short""]"
546,一席话,ja,the content of a conversation; words; remarks,話,20,1,"[""low_sense_coverage"", ""too_short""]"
559,一度,ja,for a time; at one time; one time; once,一度,20,1,"[""low_sense_coverage"", ""too_short""]"
574,一意,ja,focus; with complete devotion; stubbornly,合意,20,1,"[""low_sense_coverage"", ""too_short""]"
578,一成不变,ja,(idiom) immutable; impervious to change; set in stone,不変,20,1,"[""low_sense_coverage"", ""too_short""]"
581,一手,ja,a skill; mastery of a trade; by oneself; without outside help,片手,20,1,"[""low_sense_coverage"", ""too_short""]"
590,一把手,ja,working hand; member of a work team; participant; the boss (short form of 第一把手[di4 yi1 ba3 shou3]),一番,20,1,"[""low_sense_coverage"", ""too_short""]"
621,一族,ja,social group; subculture; family; clan; see also 族[zu2],家族,20,1,"[""low_sense_coverage"", ""too_short""]"
630,一旦,ja,"in case (sth happens); if; once (sth happens, then...); when; in a short time; in one day",一度,20,1,"[""low_sense_coverage"", ""too_short""]"
680,一样,ja,same; like; equal to; the same as; just like,同じ,20,1,"[""low_sense_coverage"", ""too_short""]"
681,一次,ja,first; first time; once; (math.) linear (of degree one),一度,20,1,"[""low_sense_coverage"", ""too_short""]"
719,一无所有,ja,not having anything at all (idiom); utterly lacking; without two sticks to rub together,なし,20,1,"[""low_sense_coverage"", ""too_short""]"
783,一箭之仇,ja,a wrong suffered (idiom); old grievance; previous defeat,復讐,20,1,"[""low_sense_coverage"", ""too_short""]"
797,一丝不挂,ja,not wearing one thread (idiom); absolutely naked; without a stitch of clothing; in one's birthday suit,裸,20,1,"[""low_sense_coverage"", ""too_short""]"
803,一线之间,ja,a hair's breadth apart; a fine line; a fine distinction,行間,20,1,"[""low_sense_coverage"", ""too_short""]"
848,一号,ja,first day of the month; toilet; (slang) top (in a homosexual relationship),一番,20,1,"[""low_sense_coverage"", ""too_short""]"
878,一言堂,ja,(sign hung in a shop) prices fixed – no bargaining (old); having things decided by the will of a single individual; autocratic rule; (contrasted with 群言堂[qun2 yan2 tang2]),雄弁,20,1,"[""low_sense_coverage"", ""too_short""]"
895,一起,ja,"(in) the same place; together; in company (with); altogether; in total; an instance of; a case of (murder, accident, dispute etc)",一緒,20,1,"[""low_sense_coverage"", ""too_short""]"
915,一较高下,ja,to compete against; to measure oneself against; to go head to head (see who is best),競争,20,1,"[""low_sense_coverage"", ""too_short""]"
931,一边,ja,one side; either side; on the one hand; on the other hand; doing while,側,20,1,"[""low_sense_coverage"", ""too_short""]"
934,一部分,ja,portion; part of; subset,一部,20,1,"[""low_sense_coverage"", ""too_short""]"
958,一面,ja,one side; one aspect; simultaneously... (and...); one's whole face,片側,20,1,"[""low_sense_coverage"", ""too_short""]"
961,一面倒,ja,to be entirely on one side; one-sided; lopsided; partisan; overwhelmingly on one side,片面,20,1,"[""low_sense_coverage"", ""too_short""]"
962,一头,ja,one head; a head full of sth; one end (of a stick); one side; headlong; directly; rapidly; simultaneously,先に,20,1,"[""low_sense_coverage"", ""too_short""]"
979,一体,ja,an integral whole; all concerned; everybody,一体,20,1,"[""low_sense_coverage"", ""too_short""]"
986,一点,ja,"a bit; a little bit; (used in negative expressions) (not) the least bit; (after an adjective, used to form the comparative) a bit more, -er; a point (in a discussion etc); (calligraphy) dot stroke (、); one o'clock (abbr. for 一點鍾|一点钟[yi1 dian3 zhong1])",少し,20,1,"[""low_sense_coverage"", ""too_short""]"
1000,丁,ja,"male adult; the 4th of the 10 Heavenly Stems 天干[tian1 gan1]; fourth (used like ""4"" or ""D""); small cube of meat or vegetable; (literary) to encounter; (archaic) ancient Chinese compass point: 195°; (chemistry) butyl",男,20,1,"[""low_sense_coverage"", ""too_short""]"
1062,七上八下,ja,at sixes and sevens; perturbed state of mind; in a mess,上下,20,1,"[""low_sense_coverage"", ""too_short""]"
1077,七夕,ja,"double seven festival, evening of seventh of lunar seventh month; girls' festival; Chinese Valentine's day, when Cowherd and Weaving maid 牛郎織女|牛郎织女 are allowed their annual meeting",七夕,20,1,"[""low_sense_coverage"", ""too_short""]"
1142,丈,ja,"measure of length, ten Chinese feet (3.3 m); to measure; husband; polite appellation for an older male",夫,20,1,"[""low_sense_coverage"", ""too_short""]"
1203,三倍,ja,triple; three times as much; threefold,三回,20,1,"[""low_sense_coverage"", ""too_short""]"
1215,三八,ja,"International Women's Day 婦女節|妇女节[Fu4 nu:3 jie2], 8th March; foolish; stupid",38,20,1,"[""low_sense_coverage"", ""too_short""]"
1266,三天两头,ja,lit. twice every three days (idiom); practically every day; frequently,毎日,20,1,"[""low_sense_coverage"", ""too_short""]"
1304,三振,ja,"to strike out; strikeout (baseball, softball); (Tw) to ditch; to eliminate from consideration",三振,20,1,"[""low_sense_coverage"", ""too_short""]"
1323,三更,ja,third of the five night watch periods 23:00-01:00 (old); midnight; also pr. [san1 jin1],夜中,20,1,"[""low_sense_coverage"", ""too_short""]"
1337,三次,ja,"third; three times; (math.) degree three, cubic (equation)",三回,20,1,"[""low_sense_coverage"", ""too_short""]"
1497,三军,ja,"(in former times) upper, middle and lower army; army of right, center and left; (in modern times) the three armed services: Army, Navy and Air Force",軍隊,20,1,"[""low_sense_coverage"", ""too_short""]"
1550,上,ja,(bound form) up; upper; above; previous; first (of multiple parts); to climb; to get onto; to go up; to attend (class or university); (directional complement) up; (noun suffix) on; above,上長,20,1,"[""low_sense_coverage"", ""too_short""]"
1556,上下,ja,"the top and bottom of sth; the full vertical extent of sth; from top to bottom; to go up and down; before and after (as in 上下文[shang4 xia4 wen2] ""context""); (used after a quantity) approximately; ... or so; (in a social hierarchy) the high and the low; seniors and juniors (as in 上下和睦[shang4 xia4 he2 mu4] ""harmony between superiors and subordinates""); all members of a group (as in 舉國上下|举国上下[ju3 guo2 shang4 xia4] ""the entire nation""); relative superiority (as in 不相上下[bu4 xiang1 shang4 xia4] ""evenly matched"")",上下,20,1,"[""low_sense_coverage"", ""too_short""]"
1558,上下其手,ja,to raise and lower one's hand (idiom); to signal as conspiratorial hint; fig. conspiring to defraud,上下,20,1,"[""low_sense_coverage"", ""too_short""]"
1566,上乘,ja,first-class; best quality; also pr. [shang4 sheng4],上長,20,1,"[""low_sense_coverage"", ""too_short""]"
1571,上位,ja,seat of honor; person in a high-ranking position; to be promoted to a more senior role; (genetics) epistatic,上長,20,1,"[""low_sense_coverage"", ""too_short""]"
1586,上刑,ja,severe punishment; worst punishment; to torture,量刑,20,1,"[""low_sense_coverage"", ""too_short""]"
1588,上升,ja,to rise; to go up; to ascend,上昇,20,1,"[""low_sense_coverage"", ""too_short""]"
1598,上半晌,ja,forenoon; morning; a.m.,前半,20,1,"[""low_sense_coverage"", ""too_short""]"
1604,上古,ja,the distant past; ancient times; antiquity; early historical times,古代,20,1,"[""low_sense_coverage"", ""too_short""]"
1621,上坡路,ja,uphill road; slope up; fig. upward trend; progress,上昇,20,1,"[""low_sense_coverage"", ""too_short""]"
1625,上报,ja,to report to one's superiors; to appear in the news; to reply to a letter,報告,20,1,"[""low_sense_coverage"", ""too_short""]"
1626,上场,ja,on stage; to go on stage; to take the field,遊ぶ,20,1,"[""low_sense_coverage"", ""too_short""]"
1631,上天,ja,Heaven; Providence; God; the sky above; to fly skywards; (euphemism) to die; to pass away; the previous day (or days),神,20,1,"[""low_sense_coverage"", ""too_short""]"
1641,上将,ja,general; admiral; air chief marshal,提督,20,1,"[""low_sense_coverage"", ""too_short""]"
1662,上弦,ja,"to wind up a watch, clockwork toy etc; to tighten the string of a bow, violin etc; first quarter (phase of the moon)",巻く,20,1,"[""low_sense_coverage"", ""too_short""]"
1677,上星,ja,to broadcast via satellite; satellite (channel etc); shangxing acupoint (DU23),星,20,1,"[""low_sense_coverage"", ""too_short""]"
1699,上梁,ja,to lay an upper beam; (a building's) upper beam; (a bicycle's) top tube,上梁,20,1,"[""low_sense_coverage"", ""too_short""]"
1706,上水,ja,upper reaches (of a river); to go upstream; to add some water; to water (a crop etc),上水,20,1,"[""low_sense_coverage"", ""too_short""]"
1743,上班,ja,to go to work; to be on duty; to start work; to go to the office,仕事,20,1,"[""low_sense_coverage"", ""too_short""]"
1757,上眼药,ja,to apply eye drops; (fig.) to speak ill of sb; to bad-mouth,目薬,20,1,"[""low_sense_coverage"", ""too_short""]"
1769,上级,ja,higher authorities; superiors; CL:個|个[ge4],上長,20,1,"[""low_sense_coverage"", ""too_short""]"
1785,上色,ja,to color (a picture etc); to dye (fabric etc); to stain (furniture etc),色,20,1,"[""low_sense_coverage"", ""too_short""]"
1789,上万,ja,over ten thousand; fig. untold numbers; innumerable; thousands upon thousands,千人,20,1,"[""low_sense_coverage"", ""too_short""]"
1849,上头,ja,"(of alcohol, love etc) to go to one's head; (of an idea, a song etc) to get into one's head; to capture one's attention; (old) (of a girl on her wedding day) to start wearing one's hair in a bun (rather than a plait)",上,20,1,"[""low_sense_coverage"", ""too_short""]"
1850,上头,ja,the top; the upper part; (its) surface; the authorities; those in charge; the higher-ups,上,20,1,"[""low_sense_coverage"", ""too_short""]"
1852,上风,ja,on the up; currently winning; rising (in popularity etc),優勢,20,1,"[""low_sense_coverage"", ""too_short""]"
1865,下,ja,"down; downwards; below; lower; later; next (week etc); second (of two parts); to decline; to go down; to arrive at (a decision, conclusion etc); measure word to show the frequency of an action",下,20,1,"[""low_sense_coverage"", ""too_short""]"
1887,下来,ja,"to come down; (completed action marker); (after verb of motion, indicates motion down and towards us, also fig.); (indicates continuation from the past towards us); to be harvested (of crops); to be over (of a period of time); to go among the masses (said of leaders)",下,20,1,"[""low_sense_coverage"", ""too_short""]"
1896,下午,ja,afternoon; CL:個|个[ge4]; p.m.,午後,20,1,"[""low_sense_coverage"", ""too_short""]"
1952,下方,ja,underneath; below; the underside; world of mortals; to descend to the world of mortals (of gods),下,20,1,"[""low_sense_coverage"", ""too_short""]"
1963,下标,ja,subscript; suffix; index,添字,20,1,"[""low_sense_coverage"", ""too_short""]"
1972,下毛毛雨,ja,to drizzle; to rain lightly; (fig.) (coll.) to give (sb) a heads-up; to break (some bad news) gently; to scold mildly,霧雨,20,1,"[""low_sense_coverage"", ""too_short""]"
1973,下水,ja,downstream; to go into the water; to put into water; to launch (a ship); fig. to fall into bad ways; to lead astray; to go to pot,発売,20,1,"[""low_sense_coverage"", ""too_short""]"
1974,下水,ja,offal; viscera; tripe,発売,20,1,"[""low_sense_coverage"", ""too_short""]"
1982,下流,ja,lower course of a river; low-class; mean and lowly; vulgar; obscene,汚い,20,1,"[""low_sense_coverage"", ""too_short""]"
1987,下游,ja,lower reaches (of a river); lower level; lower echelon; downstream,下流,20,1,"[""low_sense_coverage"", ""too_short""]"
1996,下界,ja,lower bound (math.); world of mortals; (of gods) to descend to the world of mortals,下限,20,1,"[""low_sense_coverage"", ""too_short""]"
2005,下级,ja,low ranking; low level; underclass; subordinate,下位,20,1,"[""low_sense_coverage"", ""too_short""]"
2021,下落,ja,whereabouts; to drop; to fall,所在,20,1,"[""low_sense_coverage"", ""too_short""]"
2037,下议院,ja,lower chamber (of legislative body); lower house; the House of Commons,下院,20,1,"[""low_sense_coverage"", ""too_short""]"
2050,下边,ja,under; the underside; below,下,20,1,"[""low_sense_coverage"", ""too_short""]"
2061,下降,ja,to decline; to drop; to fall; to go down; to decrease,却下,20,1,"[""low_sense_coverage"", ""too_short""]"
2070,下面,ja,below; under; next; the following; also pr. [xia4 mian5],下,20,1,"[""low_sense_coverage"", ""too_short""]"
2080,下风,ja,leeward; downwind; disadvantageous position; to concede or give way in an argument,風下,20,1,"[""low_sense_coverage"", ""too_short""]"
2109,不久,ja,not long (after); before too long; soon; soon after,すぐ,20,1,"[""low_sense_coverage"", ""too_short""]"
2112,不干不净,ja,unclean; filthy; foul-mouthed,不潔,20,1,"[""low_sense_coverage"", ""too_short""]"
2117,不予理会,ja,to ignore; to brush off; to dismiss; to pay no attention to,無視,20,1,"[""low_sense_coverage"", ""too_short""]"
2150,不便,ja,inconvenient; inappropriate; unsuitable; short of cash,不便,20,1,"[""low_sense_coverage"", ""too_short""]"
2168,不偏不倚,ja,(idiom) even-handed; impartial; unbiased,公平,20,1,"[""low_sense_coverage"", ""too_short""]"
2202,不分伯仲,ja,lit. unable to distinguish eldest brother from second brother (idiom); they are all equally excellent; nothing to choose between them,同等,20,1,"[""low_sense_coverage"", ""too_short""]"
2204,不分胜负,ja,unable to determine victory or defeat (idiom); evenly matched; to come out even; to tie; to draw,描く,20,1,"[""low_sense_coverage"", ""too_short""]"
2217,不列颠,ja,Britain; British; Great Britain,英国,20,1,"[""low_sense_coverage"", ""too_short""]"
2223,不利,ja,unfavorable; disadvantageous; harmful; detrimental,不利,20,1,"[""low_sense_coverage"", ""too_short""]"
2224,不到,ja,not to arrive; not reaching; insufficient; less than,未満,20,1,"[""low_sense_coverage"", ""too_short""]"
2235,不加理睬,ja,without giving due consideration; to ignore; to overlook,無視,20,1,"[""low_sense_coverage"", ""too_short""]"
2244,不胜,ja,cannot bear or stand; be unequal to; very; extremely,無敵,20,1,"[""low_sense_coverage"", ""too_short""]"
2258,不去理,ja,not to pay attention to; to leave sth as it is; to ignore,無視,20,1,"[""low_sense_coverage"", ""too_short""]"
2259,不及,ja,to fall short of; not as good as; too late,未満,20,1,"[""low_sense_coverage"", ""too_short""]"
2273,不可同日而语,ja,lit. mustn't speak of two things on the same day (idiom); not to be mentioned in the same breath; incomparable,違う,20,1,"[""low_sense_coverage"", ""too_short""]"
2294,不可端倪,ja,impossible to get even an outline (idiom); unfathomable; not a clue,無知,20,1,"[""low_sense_coverage"", ""too_short""]"
2312,不吉,ja,unlucky; inauspicious; ominous,不運,20,1,"[""low_sense_coverage"", ""too_short""]"
2314,不同,ja,different; distinct; not the same; not alike,違う,20,1,"[""low_sense_coverage"", ""too_short""]"
2327,不周,ja,not satisfactory; thoughtless; inconsiderate,悪い,20,1,"[""low_sense_coverage"", ""too_short""]"
2332,不和,ja,not to get along well; to be on bad terms; to be at odds; discord,不和,20,1,"[""low_sense_coverage"", ""too_short""]"
2343,不在,ja,not to be present; to be out; (euphemism) to pass away; to be deceased,不在,20,1,"[""low_sense_coverage"", ""too_short""]"
2378,不孕,ja,infertile; unable to conceive a child; infertility,不妊,20,1,"[""low_sense_coverage"", ""too_short""]"
2391,不定,ja,indefinite; indeterminate; (botany) adventitious,不定,20,1,"[""low_sense_coverage"", ""too_short""]"
2419,不屑,ja,to disdain to do sth; to think sth not worth doing; to feel it beneath one's dignity,軽蔑,20,1,"[""low_sense_coverage"", ""too_short""]"
2428,不平,ja,uneven; injustice; unfairness; wrong; grievance; indignant; dissatisfied,不正,20,1,"[""low_sense_coverage"", ""too_short""]"
2435,不幸,ja,misfortune; adversity; unfortunate; sad; unfortunately; CL:個|个[ge4],不運,20,1,"[""low_sense_coverage"", ""too_short""]"
2457,不快,ja,unhappy; in low spirits; (of a knife) not sharp,不幸,20,1,"[""low_sense_coverage"", ""too_short""]"
2505,不成,ja,won't do; unable to; (at the end of a rhetorical question) can that be?,失敗,20,1,"[""low_sense_coverage"", ""too_short""]"
2561,不易之论,ja,perfectly sound proposition; unalterable truth; irrefutable argument,困難,20,1,"[""low_sense_coverage"", ""too_short""]"
2573,不时,ja,from time to time; now and then; occasionally; frequently,時々,20,1,"[""low_sense_coverage"", ""too_short""]"
2581,不服,ja,not to accept sth; to want to have sth overruled or changed; to refuse to obey or comply; to refuse to accept as final; to remain unconvinced by; not to give in to,不満,20,1,"[""low_sense_coverage"", ""too_short""]"
2588,不朽,ja,to last forever; eternal; enduring,不滅,20,1,"[""low_sense_coverage"", ""too_short""]"
2616,不法,ja,lawless; illegal; unlawful,違法,20,1,"[""low_sense_coverage"", ""too_short""]"
2630,不满,ja,dissatisfied; discontented; resentful; (before a number) to be less than,不満,20,1,"[""low_sense_coverage"", ""too_short""]"
2644,不爽,ja,not well; out of sorts; in a bad mood; without discrepancy; accurate,正確,20,1,"[""low_sense_coverage"", ""too_short""]"
2647,不理,ja,to refuse to acknowledge; to pay no attention to; to take no notice of; to ignore,無視,20,1,"[""low_sense_coverage"", ""too_short""]"
2648,不理不睬,ja,to completely ignore (idiom); to pay no attention to; not to be in the least concerned about,無視,20,1,"[""low_sense_coverage"", ""too_short""]"
2789,不良,ja,"bad; harmful; unhealthy; (of a device, connection, material etc) defective; faulty",悪い,20,1,"[""low_sense_coverage"", ""too_short""]"
2794,不菲,ja,considerable (cost etc); bountiful (crop etc); high (social status etc),高い,20,1,"[""low_sense_coverage"", ""too_short""]"
2875,不费吹灰之力,ja,as easy as blowing off dust; effortless; with ease,楽な,20,1,"[""low_sense_coverage"", ""too_short""]"
2915,不遂,ja,to fail; to fail to materialize; not to get one's way,失敗,20,1,"[""low_sense_coverage"", ""too_short""]"
2933,不错,ja,correct; right; not bad; pretty good,良い,20,1,"[""low_sense_coverage"", ""too_short""]"
2969,丑,ja,"clown; 2nd earthly branch: 1-3 a.m., 12th solar month (6th January to 3rd February), year of the Ox; ancient Chinese compass point: 30°",醜い,20,1,"[""low_sense_coverage"", ""too_short""]"
2975,且,ja,and; moreover; yet; for the time being; to be about to; both (... and...),と,20,1,"[""low_sense_coverage"", ""too_short""]"
2987,世,ja,life; age; generation; era; world; lifetime; epoch; descendant; noble,世界,20,1,"[""low_sense_coverage"", ""too_short""]"
2994,世人,ja,people (in general); people around the world; everyone,世界,20,1,"[""low_sense_coverage"", ""too_short""]"
2996,世代,ja,for many generations; generation; era; age,世代,20,1,"[""low_sense_coverage"", ""too_short""]"
3065,世系,ja,lineage; genealogy; family tree,系統,20,1,"[""low_sense_coverage"", ""too_short""]"
3111,丙,ja,"third of the ten Heavenly Stems 十天干[shi2 tian1 gan1]; third in order; letter ""C"" or Roman ""III"" in list ""A, B, C"", or ""I, II, III"" etc; ancient Chinese compass point: 165°; propyl",C,20,1,"[""low_sense_coverage"", ""too_short""]"
3175,并,ja,and; furthermore; also; together with; (not) at all; simultaneously; to combine; to join; to merge,と,20,1,"[""low_sense_coverage"", ""too_short""]"
3178,并且,ja,and; besides; moreover; furthermore; in addition,と,20,1,"[""low_sense_coverage"", ""too_short""]"
3212,丫,ja,fork; branch; bifurcation; girl,A,20,1,"[""low_sense_coverage"", ""too_short""]"
3253,中伤,ja,to slander; to defame; to get hit (by a bullet); to be wounded,中傷,20,1,"[""low_sense_coverage"", ""too_short""]"
3267,中午,ja,noon; midday; CL:個|个[ge4],昼,20,1,"[""low_sense_coverage"", ""too_short""]"
3279,中古,ja,"medieval; Middle Ages; Chinese middle antiquity, 3rd to 9th centuries, including Sui and Tang Dynasties; Middle (of a language, e.g. Middle English); used; second-hand",中世,20,1,"[""low_sense_coverage"", ""too_short""]"
3429,中坚,ja,core; nucleus; backbone,背骨,20,1,"[""low_sense_coverage"", ""too_short""]"
3434,中天,ja,(literary) midheaven; highest point in the sky; (astronomy) culmination; transit across the meridian,中天,20,1,"[""low_sense_coverage"", ""too_short""]"
3435,中央,ja,central; middle; center; central authorities (of a state),中央,20,1,"[""low_sense_coverage"", ""too_short""]"
3487,中将,ja,lieutenant general; vice admiral; air marshal,中将,20,1,"[""low_sense_coverage"", ""too_short""]"
3489,中尉,ja,lieutenant (navy); first lieutenant (army); subaltern,中尉,20,1,"[""low_sense_coverage"", ""too_short""]"
3496,中山,ja,see 中山市[Zhong1 shan1 Shi4]; see 中山區|中山区[Zhong1 shan1 Qu1]; Nakayama (Japanese surname); see 孫中山|孙中山[Sun1 Zhong1 shan1],中山,20,1,"[""low_sense_coverage"", ""too_short""]"
3513,中常,ja,ordinary; average; medium; mid-range; moderate,普通,20,1,"[""low_sense_coverage"", ""too_short""]"
3518,中庸,ja,golden mean (Confucianism); (literary) (of person) mediocre; ordinary,節度,20,1,"[""low_sense_coverage"", ""too_short""]"
3529,中心,ja,center; heart; core,中心,20,1,"[""low_sense_coverage"", ""too_short""]"
3574,中校,ja,middle ranking officer in Chinese army; lieutenant colonel; commander,中佐,20,1,"[""low_sense_coverage"", ""too_short""]"
3579,中枢,ja,center; hub; the central administration,中心,20,1,"[""low_sense_coverage"", ""too_short""]"
3608,中流砥柱,ja,mainstay; cornerstone; tower of strength,主力,20,1,"[""low_sense_coverage"", ""too_short""]"
3745,中路,ja,midway; mediocre (quality); midfield (soccer),中道,20,1,"[""low_sense_coverage"", ""too_short""]"
3799,中饱,ja,to embezzle; to misappropriate; to line one's pockets with public funds,満杯,20,1,"[""low_sense_coverage"", ""too_short""]"
3813,串,ja,"to string together; to skewer; to connect wrongly; to gang up; to rove; string; bunch; skewer; classifier for things that are strung together, or in a bunch, or in a row: string of, bunch of, series of; to make a swift or abrupt linear movement (like a bead on an abacus); to move across",弦,20,1,"[""low_sense_coverage"", ""too_short""]"
3814,串串,ja,(coll.) skewers; barbecued food on sticks; (in Sichuan) Sichuan-style hotpot skewers (abbr. for 串串香[chuan4 chuan4 xiang1]); (coll.) non-pedigree pet (esp. dog or cat); mutt; mixed-breed cat,弦,20,1,"[""low_sense_coverage"", ""too_short""]"
3835,串通,ja,to collude; to collaborate; to gang up,共謀,20,1,"[""low_sense_coverage"", ""too_short""]"
3846,丸,ja,ball; pellet; pill,ピル,20,1,"[""low_sense_coverage"", ""too_short""]"
3850,丹,ja,red; pellet; powder; cinnabar,ダン,20,1,"[""low_sense_coverage"", ""too_short""]"
3902,主任,ja,director; head; CL:個|个[ge4],監督,20,1,"[""low_sense_coverage"", ""too_short""]"
3903,主使,ja,to mastermind; to orchestrate; to instigate; mastermind; instigator,大使,20,1,"[""low_sense_coverage"", ""too_short""]"
3912,主力军,ja,main force (military); (fig.) the group or element with the most impact; mainstay; main cohort,主力,20,1,"[""low_sense_coverage"", ""too_short""]"
3936,主席,ja,"chairperson; premier; chairman; CL:個|个[ge4],位[wei4]",会長,20,1,"[""low_sense_coverage"", ""too_short""]"
3939,主席台,ja,rostrum; platform; CL:個|个[ge4],演壇,20,1,"[""low_sense_coverage"", ""too_short""]"
3948,主张,ja,to advocate; to stand for; view; position; stand; proposition; viewpoint; assertion; CL:個|个[ge4],請求,20,1,"[""low_sense_coverage"", ""too_short""]"
3950,主心骨,ja,backbone; mainstay; pillar; definite view; one's own judgment,背骨,20,1,"[""low_sense_coverage"", ""too_short""]"
3960,主掌,ja,in charge (of a position etc); the person in charge; responsible,担当,20,1,"[""low_sense_coverage"", ""too_short""]"
3971,主旨,ja,gist; main idea; general tenor; one's judgment,主題,20,1,"[""low_sense_coverage"", ""too_short""]"
3986,主流,ja,main stream (of a river); fig. the essential point; main viewpoint of a matter; mainstream (culture etc),主流,20,1,"[""low_sense_coverage"", ""too_short""]"
3987,主演,ja,to play the leading role; to star; lead actor,主演,20,1,"[""low_sense_coverage"", ""too_short""]"
3995,主管,ja,in charge; responsible for; person in charge; manager,監督,20,1,"[""low_sense_coverage"", ""too_short""]"
3999,主线,ja,main line (of communication); main thread (of a plotline or concept); central theme,本線,20,1,"[""low_sense_coverage"", ""too_short""]"
4003,主脑,ja,"leader; the one in control; main (part, character etc)",黒幕,20,1,"[""low_sense_coverage"", ""too_short""]"
4006,主裁,ja,(sports) to referee; to umpire; to officiate; referee; umpire (abbr. for 主裁判[zhu3 cai2 pan4]),審判,20,1,"[""low_sense_coverage"", ""too_short""]"
4008,主要,ja,main; principal; major; primary,主要,20,1,"[""low_sense_coverage"", ""too_short""]"
4019,主谋,ja,mastermind; ringleader; lead plotter,黒幕,20,1,"[""low_sense_coverage"", ""too_short""]"
4047,主体,ja,main part; bulk; body; subject; agent,本体,20,1,"[""low_sense_coverage"", ""too_short""]"
4089,久负盛名,ja,seasoned; honed to perfection over centuries; special reserve,名門,20,1,"[""low_sense_coverage"", ""too_short""]"
4091,久远,ja,old; ancient; far away,年,20,1,"[""low_sense_coverage"", ""too_short""]"
4106,之,ja,"(possessive particle, literary equivalent of 的[de5]); him; her; it",の,20,1,"[""low_sense_coverage"", ""too_short""]"
4107,之一,ja,"one of (sth); one out of a multitude; one (third, quarter, percent etc)",一,20,1,"[""low_sense_coverage"", ""too_short""]"
4109,之下,ja,under; beneath; less than,下,20,1,"[""low_sense_coverage"", ""too_short""]"
4110,之中,ja,inside; among; in the midst of (doing sth); during,の中,20,1,"[""low_sense_coverage"", ""too_short""]"
72392,猴头菇,ko,Hericium erinaceus,Hericium erinaceus,0,1,"[""untranslated_copy"", ""placeholder"", ""unexpected_script""]"
78848,知母,ko,Anemarrhena asphodeloides; rhyzome of Anemarrhena (used in TCM),Anemarrhena,0,1,"[""partial_sense_coverage"", ""low_length_coverage"", ""placeholder"", ""unexpected_script""]"
87789,美宇航局,ko,US National Aeronautics and Space Administration; NASA; abbr. for 美國宇航局|美国宇航局,NASA,0,1,"[""low_sense_coverage"", ""low_length_coverage"", ""placeholder""]"
90510,脱氧核糖核酸,ko,DNA,DNA,0,0,"[""untranslated_copy"", ""placeholder""]"
111160,金针菇,ko,"enoki mushroom (Flammulina velutipes), used in cuisines of Japan, Korea and China, cultivated to be long, thin and white",Flammulina velutipes,5,1,"[""low_length_coverage"", ""placeholder"", ""unexpected_script""]"
124192,黔东南,ko,see 黔東南苗族侗族自治州|黔东南苗族侗族自治州[Qian2 dong1 nan2 Miao2 zu2 Dong4 zu2 Zi4 zhi4 zhou1],Qiandongnan,5,1,"[""low_length_coverage"", ""placeholder"", ""unexpected_script""]"
18071,去氧核糖核酸,ko,deoxyribonucleic acid; DNA,DNA,10,1,"[""partial_sense_coverage"", ""low_length_coverage"", ""placeholder""]"
78781,眬,ko,used in 矇矓|蒙眬[meng2 long2],-,10,1,"[""too_short"", ""placeholder""]"
20737,吹毛求疵,ko,lit. to blow apart the hairs upon a fur to discover any defect (idiom); fig. to be fastidious; nitpick,nitpicking,15,1,"[""low_sense_coverage"", ""low_length_coverage"", ""unexpected_script""]"
102432,豆科,ko,Fabaceae; Leguminosae; legume family (botany),Fabaceae,15,1,"[""low_sense_coverage"", ""low_length_coverage"", ""unexpected_script""]"
108769,远志,ko,"far-reaching ambition; lofty ideal; milkwort (Polygala myrtifolia), with roots used in Chinese medicine",polygala,15,1,"[""low_sense_coverage"", ""low_length_coverage"", ""unexpected_script""]"
111975,钱串子,ko,string of copper coins (in ancient China); (fig.) an overly money-oriented person; (zoology) centipede,Qian Chuanzi,15,1,"[""low_sense_coverage"", ""low_length_coverage"", ""unexpected_script""]"
213,捷,ko,variant of 捷[jie2]; quick; nimble,빠른,20,1,"[""low_sense_coverage"", ""too_short""]"
220,㧐,ko,(literary) to stand upright; (dialect) to push; to shove,㩳,20,1,"[""low_sense_coverage"", ""too_short""]"
280,筲,ko,pot-scrubbing brush made of bamboo strips; basket (container) for chopsticks; variant of 筲[shao1],버킷,20,1,"[""low_sense_coverage"", ""too_short""]"
340,一,ko,"one; single; a (article); as soon as; entire; whole; all; throughout; ""one"" radical in Chinese characters (Kangxi radical 1); also pr. [yao1] for greater clarity when spelling out numbers digit by digit",하나,20,1,"[""low_sense_coverage"", ""too_short""]"
351,一世,ko,generation; period of 30 years; one's whole lifetime; lifelong; age; era; times; the whole world; the First (of numbered European kings),세대,20,1,"[""low_sense_coverage"", ""too_short""]"
366,一些,ko,some; a few; a little; (following an adjective) slightly ...er,일부,20,1,"[""low_sense_coverage"", ""too_short""]"
369,一代,ko,an era; an age; a generation,세대,20,1,"[""low_sense_coverage"", ""too_short""]"
376,一个,ko,"a; an; one; the whole (afternoon, summer vacation etc)",하나,20,1,"[""low_sense_coverage"", ""too_short""]"
395,一元化,ko,integration; integrated; unified,통일,20,1,"[""low_sense_coverage"", ""too_short""]"
437,一口气,ko,one breath; in one breath; at a stretch,한숨,20,1,"[""low_sense_coverage"", ""too_short""]"
449,一命呜呼,ko,to die (idiom); to breathe one's last; to give up the ghost,죽은,20,1,"[""low_sense_coverage"", ""too_short""]"
453,一品,ko,superb; first-rate; (of officials in imperial times) the highest rank,이핀,20,1,"[""low_sense_coverage"", ""too_short""]"
472,一团糟,ko,chaos; bungle; complete mess; shambles,엉망,20,1,"[""low_sense_coverage"", ""too_short""]"
474,一堆,ko,pile; heap; a lot of; a bunch of,말뚝,20,1,"[""low_sense_coverage"", ""too_short""]"
476,一块,ko,"a piece; a chunk; (fig.) (coll.) (typically preceded by a specifier such as 這|这[zhe4]) aspect; area; dimension (Example: 情感這一塊|情感这一块[qing2 gan3 zhe4 yi1 kuai4] ""the emotional aspect (of it)""); (coll.) one yuan; a dollar; together; in the same place; in company",조각,20,1,"[""low_sense_coverage"", ""too_short""]"
478,一塌糊涂,ko,muddled and completely collapsing (idiom); in an awful condition; complete shambles; a total mess,엉망,20,1,"[""low_sense_coverage"", ""too_short""]"
480,一壁,ko,at the same time; simultaneously; while,한쪽,20,1,"[""low_sense_coverage"", ""too_short""]"
500,一套,ko,suit; a set; a collection; of the same kind; the same old stuff; set pattern of behavior,세트,20,1,"[""low_sense_coverage"", ""too_short""]"
524,一家,ko,the whole family; the same family; the family ... (when preceded by a family name); group,가족,20,1,"[""low_sense_coverage"", ""too_short""]"
545,一席之地,ko,(acknowledged) place; a role to play; niche,장소,20,1,"[""low_sense_coverage"", ""too_short""]"
574,一意,ko,focus; with complete devotion; stubbornly,합의,20,1,"[""low_sense_coverage"", ""too_short""]"
578,一成不变,ko,(idiom) immutable; impervious to change; set in stone,불변,20,1,"[""low_sense_coverage"", ""too_short""]"
598,一拍即合,ko,lit. to be together from the first beat (idiom); to hit it off; to click together; to chime in easily,때려,20,1,"[""low_sense_coverage"", ""too_short""]"
618,一方,ko,a party (in a contract or legal case); one side; area; region,파티,20,1,"[""low_sense_coverage"", ""too_short""]"
621,一族,ko,social group; subculture; family; clan; see also 族[zu2],가족,20,1,"[""low_sense_coverage"", ""too_short""]"
646,一会,ko,a moment; a while; in a moment; also pr. [yi1 hui3],잠시,20,1,"[""low_sense_coverage"", ""too_short""]"
653,一朝一夕,ko,lit. one morning and one evening (idiom); fig. in a short period of time; overnight,밤새,20,1,"[""low_sense_coverage"", ""too_short""]"
663,一枝独秀,ko,lit. only one branch of the tree is thriving (idiom); fig. to be in a league of one's own; outstanding,번성,20,1,"[""low_sense_coverage"", ""too_short""]"
680,一样,ko,same; like; equal to; the same as; just like,같은,20,1,"[""low_sense_coverage"", ""too_short""]"
754,一睹,ko,to look; to have a glimpse at; to observe (sth's splendor),일견,20,1,"[""low_sense_coverage"", ""too_short""]"
783,一箭之仇,ko,a wrong suffered (idiom); old grievance; previous defeat,복수,20,1,"[""low_sense_coverage"", ""too_short""]"
814,一股子,ko,a whiff of; a taint of; a thread of,나눔,20,1,"[""low_sense_coverage"", ""too_short""]"
844,一落千丈,ko,"lit. to drop a thousand zhang in one fall (idiom); fig. (of business, popularity etc) to suffer a sudden, devastating decline; to take a dive",급락,20,1,"[""low_sense_coverage"", ""too_short""]"
866,一览表,ko,table; schedule; list,목록,20,1,"[""low_sense_coverage"", ""too_short""]"
878,一言堂,ko,(sign hung in a shop) prices fixed – no bargaining (old); having things decided by the will of a single individual; autocratic rule; (contrasted with 群言堂[qun2 yan2 tang2]),웅변,20,1,"[""low_sense_coverage"", ""too_short""]"
895,一起,ko,"(in) the same place; together; in company (with); altogether; in total; an instance of; a case of (murder, accident, dispute etc)",함께,20,1,"[""low_sense_coverage"", ""too_short""]"
906,一蹴而就,ko,to get there in one step (idiom); easily done; success at a stroke; to get results overnight,밤새,20,1,"[""low_sense_coverage"", ""too_short""]"
931,一边,ko,one side; either side; on the one hand; on the other hand; doing while,옆,20,1,"[""low_sense_coverage"", ""too_short""]"
934,一部分,ko,portion; part of; subset,따로,20,1,"[""low_sense_coverage"", ""too_short""]"
958,一面,ko,one side; one aspect; simultaneously... (and...); one's whole face,한쪽,20,1,"[""low_sense_coverage"", ""too_short""]"
979,一体,ko,an integral whole; all concerned; everybody,일체,20,1,"[""low_sense_coverage"", ""too_short""]"
986,一点,ko,"a bit; a little bit; (used in negative expressions) (not) the least bit; (after an adjective, used to form the comparative) a bit more, -er; a point (in a discussion etc); (calligraphy) dot stroke (、); one o'clock (abbr. for 一點鍾|一点钟[yi1 dian3 zhong1])",조금,20,1,"[""low_sense_coverage"", ""too_short""]"
1000,丁,ko,"male adult; the 4th of the 10 Heavenly Stems 天干[tian1 gan1]; fourth (used like ""4"" or ""D""); small cube of meat or vegetable; (literary) to encounter; (archaic) ancient Chinese compass point: 195°; (chemistry) butyl",남성,20,1,"[""low_sense_coverage"", ""too_short""]"
1012,丁冬,ko,(onom.) ding dong; jingling of bells; clanking sound,딩동,20,1,"[""low_sense_coverage"", ""too_short""]"
1142,丈,ko,"measure of length, ten Chinese feet (3.3 m); to measure; husband; polite appellation for an older male",남편,20,1,"[""low_sense_coverage"", ""too_short""]"
1266,三天两头,ko,lit. twice every three days (idiom); practically every day; frequently,매일,20,1,"[""low_sense_coverage"", ""too_short""]"
1304,三振,ko,"to strike out; strikeout (baseball, softball); (Tw) to ditch; to eliminate from consideration",삼진,20,1,"[""low_sense_coverage"", ""too_short""]"
1317,三星,ko,"three major stars of the Three Stars 參宿|参宿[Shen1 xiu4] Chinese constellation; the belt of Orion; three spirits 福[fu2], 祿|禄[lu4], and 壽|寿[shou4] associated with the Three Stars 參宿|参宿[Shen1 xiu4] Chinese constellation",삼성,20,1,"[""low_sense_coverage"", ""too_short""]"
1323,三更,ko,third of the five night watch periods 23:00-01:00 (old); midnight; also pr. [san1 jin1],자정,20,1,"[""low_sense_coverage"", ""too_short""]"
1497,三军,ko,"(in former times) upper, middle and lower army; army of right, center and left; (in modern times) the three armed services: Army, Navy and Air Force",군대,20,1,"[""low_sense_coverage"", ""too_short""]"
1506,三通,ko,T-joint; T-piece; T-pipe; three links,티,20,1,"[""low_sense_coverage"", ""too_short""]"
1586,上刑,ko,severe punishment; worst punishment; to torture,선고,20,1,"[""low_sense_coverage"", ""too_short""]"
1588,上升,ko,to rise; to go up; to ascend,증가,20,1,"[""low_sense_coverage"", ""too_short""]"
1604,上古,ko,the distant past; ancient times; antiquity; early historical times,상대,20,1,"[""low_sense_coverage"", ""too_short""]"
1626,上场,ko,on stage; to go on stage; to take the field,놀다,20,1,"[""low_sense_coverage"", ""too_short""]"
1677,上星,ko,to broadcast via satellite; satellite (channel etc); shangxing acupoint (DU23),별,20,1,"[""low_sense_coverage"", ""too_short""]"
1731,上游,ko,upper reaches (of a river); upper level; upper echelon; upstream,상류,20,1,"[""low_sense_coverage"", ""too_short""]"
1789,上万,ko,over ten thousand; fig. untold numbers; innumerable; thousands upon thousands,수천,20,1,"[""low_sense_coverage"", ""too_short""]"
1799,上衣,ko,jacket; upper outer garment; CL:件[jian4],재킷,20,1,"[""low_sense_coverage"", ""too_short""]"
1811,上议院,ko,Upper Chamber; Upper House; Senate,상원,20,1,"[""low_sense_coverage"", ""too_short""]"
1815,上身,ko,"upper part of the body; to put on (clothes on the upper body); (of a spirit, disease, misfortune etc) to afflict one; to possess one",상체,20,1,"[""low_sense_coverage"", ""too_short""]"
1826,上边,ko,the top; above; overhead; upwards; the top margin; above-mentioned; those higher up,상단,20,1,"[""low_sense_coverage"", ""too_short""]"
1852,上风,ko,on the up; currently winning; rising (in popularity etc),우위,20,1,"[""low_sense_coverage"", ""too_short""]"
1882,下人,ko,(old) servant; (dialect) children; grandchildren,하인,20,1,"[""low_sense_coverage"", ""too_short""]"
1896,下午,ko,afternoon; CL:個|个[ge4]; p.m.,오후,20,1,"[""low_sense_coverage"", ""too_short""]"
1918,下场,ko,"to leave (the stage, an exam room, the playing field etc); to take part in some activity; to take an examination (in the imperial examination system)",끝,20,1,"[""low_sense_coverage"", ""too_short""]"
1947,下手,ko,to start; to put one's hand to; to set about; the seat to the right of the main guest,시작,20,1,"[""low_sense_coverage"", ""too_short""]"
1987,下游,ko,lower reaches (of a river); lower level; lower echelon; downstream,하류,20,1,"[""low_sense_coverage"", ""too_short""]"
1996,下界,ko,lower bound (math.); world of mortals; (of gods) to descend to the world of mortals,하한,20,1,"[""low_sense_coverage"", ""too_short""]"
2005,下级,ko,low ranking; low level; underclass; subordinate,부하,20,1,"[""low_sense_coverage"", ""too_short""]"
2021,下落,ko,whereabouts; to drop; to fall,소재,20,1,"[""low_sense_coverage"", ""too_short""]"
2037,下议院,ko,lower chamber (of legislative body); lower house; the House of Commons,하원,20,1,"[""low_sense_coverage"", ""too_short""]"
2041,下身,ko,lower part of the body; genitalia; trousers,하체,20,1,"[""low_sense_coverage"", ""too_short""]"
2061,下降,ko,to decline; to drop; to fall; to go down; to decrease,감소,20,1,"[""low_sense_coverage"", ""too_short""]"
2080,下风,ko,leeward; downwind; disadvantageous position; to concede or give way in an argument,순풍,20,1,"[""low_sense_coverage"", ""too_short""]"
2087,下体,ko,lower body; euphemism for genitals; root and stem of plants,하체,20,1,"[""low_sense_coverage"", ""too_short""]"
2109,不久,ko,not long (after); before too long; soon; soon after,곧,20,1,"[""low_sense_coverage"", ""too_short""]"
2183,不克,ko,cannot; to not be able (to); to be unable to,캔트,20,1,"[""low_sense_coverage"", ""too_short""]"
2217,不列颠,ko,Britain; British; Great Britain,영국,20,1,"[""low_sense_coverage"", ""too_short""]"
2224,不到,ko,not to arrive; not reaching; insufficient; less than,미만,20,1,"[""low_sense_coverage"", ""too_short""]"
2244,不胜,ko,cannot bear or stand; be unequal to; very; extremely,무적,20,1,"[""low_sense_coverage"", ""too_short""]"
2259,不及,ko,to fall short of; not as good as; too late,미만,20,1,"[""low_sense_coverage"", ""too_short""]"
2264,不可,ko,cannot; should not; must not,캔트,20,1,"[""low_sense_coverage"", ""too_short""]"
2273,不可同日而语,ko,lit. mustn't speak of two things on the same day (idiom); not to be mentioned in the same breath; incomparable,다른,20,1,"[""low_sense_coverage"", ""too_short""]"
2314,不同,ko,different; distinct; not the same; not alike,다른,20,1,"[""low_sense_coverage"", ""too_short""]"
2327,不周,ko,not satisfactory; thoughtless; inconsiderate,나쁜,20,1,"[""low_sense_coverage"", ""too_short""]"
2332,不和,ko,not to get along well; to be on bad terms; to be at odds; discord,불화,20,1,"[""low_sense_coverage"", ""too_short""]"
2378,不孕,ko,infertile; unable to conceive a child; infertility,불모,20,1,"[""low_sense_coverage"", ""too_short""]"
2384,不安,ko,unpeaceful; unstable; uneasy; disturbed; restless; worried,방해,20,1,"[""low_sense_coverage"", ""too_short""]"
2407,不寒而栗,ko,"lit. not cold, yet shivering (idiom); fig. to tremble with fear; to be terrified",전율,20,1,"[""low_sense_coverage"", ""too_short""]"
2428,不平,ko,uneven; injustice; unfairness; wrong; grievance; indignant; dissatisfied,부당,20,1,"[""low_sense_coverage"", ""too_short""]"
2442,不得不,ko,have no choice or option but to; cannot but; have to; can't help it; can't avoid,해야,20,1,"[""low_sense_coverage"", ""too_short""]"
2579,不会,ko,"improbable; unlikely; will not (act, happen etc); not able; not having learned to do sth; (coll.) (Tw) don't mention it; not at all",습관,20,1,"[""low_sense_coverage"", ""too_short""]"
2581,不服,ko,not to accept sth; to want to have sth overruled or changed; to refuse to obey or comply; to refuse to accept as final; to remain unconvinced by; not to give in to,불만,20,1,"[""low_sense_coverage"", ""too_short""]"
2588,不朽,ko,to last forever; eternal; enduring,불멸,20,1,"[""low_sense_coverage"", ""too_short""]"
2593,不止,ko,incessantly; without end; more than; not limited to,이상,20,1,"[""low_sense_coverage"", ""too_short""]"
2622,不清楚,ko,unclear; not understood; currently unknown,몰라,20,1,"[""low_sense_coverage"", ""too_short""]"
2624,不渝,ko,"(literary) (of loyalty, affection etc) unchanging; unwavering; constant",굳은,20,1,"[""low_sense_coverage"", ""too_short""]"
2630,不满,ko,dissatisfied; discontented; resentful; (before a number) to be less than,불만,20,1,"[""low_sense_coverage"", ""too_short""]"
2681,不尽然,ko,not always; not entirely; not necessarily so; not entirely correct,설마,20,1,"[""low_sense_coverage"", ""too_short""]"
2692,不知,ko,"not to know; unaware; unknowingly; fig. not to admit (defeat, hardships, tiredness etc)",몰라,20,1,"[""low_sense_coverage"", ""too_short""]"
2701,不知就里,ko,unaware of the inner workings; naive; unwitting,몰라,20,1,"[""low_sense_coverage"", ""too_short""]"
2789,不良,ko,"bad; harmful; unhealthy; (of a device, connection, material etc) defective; faulty",나쁜,20,1,"[""low_sense_coverage"", ""too_short""]"
2933,不错,ko,correct; right; not bad; pretty good,좋은,20,1,"[""low_sense_coverage"", ""too_short""]"
2987,世,ko,life; age; generation; era; world; lifetime; epoch; descendant; noble,세계,20,1,"[""low_sense_coverage"", ""too_short""]"
2994,世人,ko,people (in general); people around the world; everyone,세계,20,1,"[""low_sense_coverage"", ""too_short""]"
2996,世代,ko,for many generations; generation; era; age,세대,20,1,"[""low_sense_coverage"", ""too_short""]"
3000,世俗,ko,profane; secular; worldly,속가,20,1,"[""low_sense_coverage"", ""too_short""]"
3065,世系,ko,lineage; genealogy; family tree,혈통,20,1,"[""low_sense_coverage"", ""too_short""]"
3075,世袭,ko,succession; inheritance; hereditary,유전,20,1,"[""low_sense_coverage"", ""too_short""]"
3111,丙,ko,"third of the ten Heavenly Stems 十天干[shi2 tian1 gan1]; third in order; letter ""C"" or Roman ""III"" in list ""A, B, C"", or ""I, II, III"" etc; ancient Chinese compass point: 165°; propyl",씨,20,1,"[""low_sense_coverage"", ""too_short""]"
3115,丙型,ko,type C; type III; gamma-,C형,20,1,"[""low_sense_coverage"", ""too_short""]"
3212,丫,ko,fork; branch; bifurcation; girl,당신,20,1,"[""low_sense_coverage"", ""too_short""]"
3219,丫头,ko,"girl; servant girl; (used deprecatingly, but sometimes also as a term of endearment)",소녀,20,1,"[""low_sense_coverage"", ""too_short""]"
3253,中伤,ko,to slander; to defame; to get hit (by a bullet); to be wounded,중상,20,1,"[""low_sense_coverage"", ""too_short""]"
3267,中午,ko,noon; midday; CL:個|个[ge4],정오,20,1,"[""low_sense_coverage"", ""too_short""]"
3279,中古,ko,"medieval; Middle Ages; Chinese middle antiquity, 3rd to 9th centuries, including Sui and Tang Dynasties; Middle (of a language, e.g. Middle English); used; second-hand",중세,20,1,"[""low_sense_coverage"", ""too_short""]"
3429,中坚,ko,core; nucleus; backbone,등뼈,20,1,"[""low_sense_coverage"", ""too_short""]"
3434,中天,ko,(literary) midheaven; highest point in the sky; (astronomy) culmination; transit across the meridian,중천,20,1,"[""low_sense_coverage"", ""too_short""]"
3435,中央,ko,central; middle; center; central authorities (of a state),본부,20,1,"[""low_sense_coverage"", ""too_short""]"
3487,中将,ko,lieutenant general; vice admiral; air marshal,중장,20,1,"[""low_sense_coverage"", ""too_short""]"
3496,中山,ko,see 中山市[Zhong1 shan1 Shi4]; see 中山區|中山区[Zhong1 shan1 Qu1]; Nakayama (Japanese surname); see 孫中山|孙中山[Sun1 Zhong1 shan1],중산,20,1,"[""low_sense_coverage"", ""too_short""]"
3513,中常,ko,ordinary; average; medium; mid-range; moderate,정상,20,1,"[""low_sense_coverage"", ""too_short""]"
3518,中庸,ko,golden mean (Confucianism); (literary) (of person) mediocre; ordinary,절도,20,1,"[""low_sense_coverage"", ""too_short""]"
3529,中心,ko,center; heart; core,센터,20,1,"[""low_sense_coverage"", ""too_short""]"
3544,中招,ko,(martial arts) to get hit; to get taken down; (fig.) to get infected (disease or computer virus); (fig.) to fall for sb's trap; to be taken in,고용,20,1,"[""low_sense_coverage"", ""too_short""]"
3574,中校,ko,middle ranking officer in Chinese army; lieutenant colonel; commander,중령,20,1,"[""low_sense_coverage"", ""too_short""]"
3579,中枢,ko,center; hub; the central administration,센터,20,1,"[""low_sense_coverage"", ""too_short""]"
3685,中听,ko,pleasant to hear (i.e. agreeable news); to one's liking; music to one's ears; Taiwan pr. [zhong4 ting1],청취,20,1,"[""low_sense_coverage"", ""too_short""]"
3745,中路,ko,midway; mediocre (quality); midfield (soccer),중도,20,1,"[""low_sense_coverage"", ""too_short""]"
3749,中转,ko,to change (train or plane); transfer; correspondence,운송,20,1,"[""low_sense_coverage"", ""too_short""]"
3808,丰,ko,luxuriant; buxom; variant of 豐|丰[feng1]; variant of 風|风[feng1]; appearance; charm,부자,20,1,"[""low_sense_coverage"", ""too_short""]"
3813,串,ko,"to string together; to skewer; to connect wrongly; to gang up; to rove; string; bunch; skewer; classifier for things that are strung together, or in a bunch, or in a row: string of, bunch of, series of; to make a swift or abrupt linear movement (like a bead on an abacus); to move across",끈,20,1,"[""low_sense_coverage"", ""too_short""]"
3814,串串,ko,(coll.) skewers; barbecued food on sticks; (in Sichuan) Sichuan-style hotpot skewers (abbr. for 串串香[chuan4 chuan4 xiang1]); (coll.) non-pedigree pet (esp. dog or cat); mutt; mixed-breed cat,끈,20,1,"[""low_sense_coverage"", ""too_short""]"
3823,串换,ko,to exchange; to change; to swap,교환,20,1,"[""low_sense_coverage"", ""too_short""]"
3835,串通,ko,to collude; to collaborate; to gang up,공모,20,1,"[""low_sense_coverage"", ""too_short""]"
3846,丸,ko,ball; pellet; pill,알약,20,1,"[""low_sense_coverage"", ""too_short""]"
3848,丸子,ko,pills; balls; meatballs,공,20,1,"[""low_sense_coverage"", ""too_short""]"
3850,丹,ko,red; pellet; powder; cinnabar,단,20,1,"[""low_sense_coverage"", ""too_short""]"
3898,主,ko,owner; master; host; individual or party concerned; God; Lord; main; to indicate or signify; trump card (in card games),주인,20,1,"[""low_sense_coverage"", ""too_short""]"
3901,主人翁,ko,master (of the house); main character in a novel etc; hero or heroine,주역,20,1,"[""low_sense_coverage"", ""too_short""]"
3902,主任,ko,director; head; CL:個|个[ge4],감독,20,1,"[""low_sense_coverage"", ""too_short""]"
3903,主使,ko,to mastermind; to orchestrate; to instigate; mastermind; instigator,대사,20,1,"[""low_sense_coverage"", ""too_short""]"
3912,主力军,ko,main force (military); (fig.) the group or element with the most impact; mainstay; main cohort,주력,20,1,"[""low_sense_coverage"", ""too_short""]"
3913,主动,ko,to take the initiative; to do sth of one's own accord; spontaneous; active; opposite: passive 被動|被动[bei4 dong4]; drive (of gears and shafts etc),계획,20,1,"[""low_sense_coverage"", ""too_short""]"
3925,主妇,ko,housewife; woman of senior authority in a household; the lady of the house; hostess,주부,20,1,"[""low_sense_coverage"", ""too_short""]"
3927,主子,ko,Master (term used by servant); Your Majesty; operator (of machine),주인,20,1,"[""low_sense_coverage"", ""too_short""]"
3930,主将,ko,commander-in-chief (military); star player (sports); key figure (in an organization),셰프,20,1,"[""low_sense_coverage"", ""too_short""]"
3935,主帅,ko,(military) commander-in-chief; (sports) team manager; coach,코치,20,1,"[""low_sense_coverage"", ""too_short""]"
3936,主席,ko,"chairperson; premier; chairman; CL:個|个[ge4],位[wei4]",의장,20,1,"[""low_sense_coverage"", ""too_short""]"
3939,主席台,ko,rostrum; platform; CL:個|个[ge4],연단,20,1,"[""low_sense_coverage"", ""too_short""]"
3950,主心骨,ko,backbone; mainstay; pillar; definite view; one's own judgment,등뼈,20,1,"[""low_sense_coverage"", ""too_short""]"
3958,主持,ko,to take charge of; to manage or direct; to preside over; to uphold; to stand for (justice etc); to host (a TV or radio program etc); (TV) anchor,주인,20,1,"[""low_sense_coverage"", ""too_short""]"
3959,主持人,ko,host; master of ceremonies; (TV or radio) presenter; anchor; (Tw) (research project) principal investigator (PI); program director,주인,20,1,"[""low_sense_coverage"", ""too_short""]"
3960,主掌,ko,in charge (of a position etc); the person in charge; responsible,담당,20,1,"[""low_sense_coverage"", ""too_short""]"
3961,主播,ko,(news) anchor; (program) host; (Internet) streamer,닻,20,1,"[""low_sense_coverage"", ""too_short""]"
3971,主旨,ko,gist; main idea; general tenor; one's judgment,주제,20,1,"[""low_sense_coverage"", ""too_short""]"
3978,主机,ko,main engine; (military) lead aircraft; (computing) host computer; main processor; server,주인,20,1,"[""low_sense_coverage"", ""too_short""]"
3986,主流,ko,main stream (of a river); fig. the essential point; main viewpoint of a matter; mainstream (culture etc),주류,20,1,"[""low_sense_coverage"", ""too_short""]"
3987,主演,ko,to play the leading role; to star; lead actor,주연,20,1,"[""low_sense_coverage"", ""too_short""]"
3995,主管,ko,in charge; responsible for; person in charge; manager,감독,20,1,"[""low_sense_coverage"", ""too_short""]"
3999,主线,ko,main line (of communication); main thread (of a plotline or concept); central theme,본선,20,1,"[""low_sense_coverage"", ""too_short""]"
4006,主裁,ko,(sports) to referee; to umpire; to officiate; referee; umpire (abbr. for 主裁判[zhu3 cai2 pan4]),심판,20,1,"[""low_sense_coverage"", ""too_short""]"
4008,主要,ko,main; principal; major; primary,기본,20,1,"[""low_sense_coverage"", ""too_short""]"
4028,主轴,ko,"axis; principal axis (in mechanics, optics, botany etc); main axle (of engine)",축,20,1,"[""low_sense_coverage"", ""too_short""]"
4035,主音,ko,keynote; principal tone; tonic; vowel,토닉,20,1,"[""low_sense_coverage"", ""too_short""]"
4047,主体,ko,main part; bulk; body; subject; agent,본체,20,1,"[""low_sense_coverage"", ""too_short""]"
4106,之,ko,"(possessive particle, literary equivalent of 的[de5]); him; her; it",의,20,1,"[""low_sense_coverage"", ""too_short""]"
4107,之一,ko,"one of (sth); one out of a multitude; one (third, quarter, percent etc)",하나,20,1,"[""low_sense_coverage"", ""too_short""]"
4110,之中,ko,inside; among; in the midst of (doing sth); during,중에,20,1,"[""low_sense_coverage"", ""too_short""]"
4113,之前,ko,before; prior to; ago; previously; beforehand,전에,20,1,"[""low_sense_coverage"", ""too_short""]"
4131,乎,ko,"(classical particle similar to 於|于[yu2]) in; at; from; because; than; (classical final particle similar to 嗎|吗[ma5], 吧[ba5], 呢[ne5], expressing question, doubt or astonishment)",거의,20,1,"[""low_sense_coverage"", ""too_short""]"
4134,乏力,ko,lacking in strength; weak; feeble; not up to the task,약한,20,1,"[""low_sense_coverage"", ""too_short""]"
4141,乒乓,ko,(onom.) rattle; clatter; (sports) ping-pong; table tennis,탁구,20,1,"[""low_sense_coverage"", ""too_short""]"
4142,乒乓球,ko,table tennis; ping-pong; table tennis ball; CL:個|个[ge4],탁구,20,1,"[""low_sense_coverage"", ""too_short""]"
4148,乖,ko,"(of a child) obedient, well-behaved; clever; shrewd; alert; perverse; contrary to reason; irregular; abnormal",좋은,20,1,"[""low_sense_coverage"", ""too_short""]"
4181,乘方,ko,(math.) to exponentiate; to raise (a number) to a power; exponentiation; power,힘,20,1,"[""low_sense_coverage"", ""too_short""]"
4197,乘车,ko,to ride (in a car or carriage); to drive; to motor,차로,20,1,"[""low_sense_coverage"", ""too_short""]"
4288,九州,ko,"division of China during earliest dynasties; fig. ancient China; Kyūshū, southernmost of Japan's four major islands",규슈,20,1,"[""low_sense_coverage"", ""too_short""]"
4342,也,ko,also; too; as well; (not ...) either; (used after a verbal or nominal expression X to indicate that X is an extreme or unexpected case) even (X); (literary) particle having functions similar to 啊[a5],또한,20,1,"[""low_sense_coverage"", ""too_short""]"
4358,乳,ko,(bound form) breast; (bound form) milk; (bound form) newborn; suckling,우유,20,1,"[""low_sense_coverage"", ""too_short""]"
4387,乳牙,ko,(dentistry) deciduous tooth; baby tooth; milk tooth,낙엽,20,1,"[""low_sense_coverage"", ""too_short""]"
4408,乳臭未干,ko,lit. smell of breast milk not yet dried (idiom); fig. immature and inexperienced; still wet behind the ears,유아,20,1,"[""low_sense_coverage"", ""too_short""]"
4423,乳齿,ko,deciduous tooth; milk tooth; baby tooth,낙엽,20,1,"[""low_sense_coverage"", ""too_short""]"
4431,乾,ko,"one of the Eight Trigrams 八卦[ba1 gua4], symbolizing heaven; male principle; ☰; ancient Chinese compass point: 315° (northwest)",마른,20,1,"[""low_sense_coverage"", ""too_short""]"
4433,干,ko,dry; dried food; empty; hollow; taken in to nominal kinship; adoptive; foster; futile; in vain; (dialect) rude; blunt; (dialect) to cold-shoulder,마른,20,1,"[""low_sense_coverage"", ""too_short""]"
4451,干巴巴,ko,dry; parched; dull; insipid,마른,20,1,"[""low_sense_coverage"", ""too_short""]"
4456,干旱,ko,"drought; (of land, climate etc) arid; dry",가뭄,20,1,"[""low_sense_coverage"", ""too_short""]"
1077,七夕,vi,"double seven festival, evening of seventh of lunar seventh month; girls' festival; Chinese Valentine's day, when Cowherd and Weaving maid 牛郎織女|牛郎织女 are allowed their annual meeting",tanabata,0,1,"[""low_sense_coverage"", ""low_length_coverage"", ""placeholder""]"
4348,也有今天,vi,(coll.) to get one's just deserts; to serve sb right; to get one's share of (good or bad things); every dog has its day,cũng hôm nay,0,1,"[""low_sense_coverage"", ""low_length_coverage"", ""placeholder""]"
5192,亚利桑那,vi,Arizona,arizona,0,0,"[""untranslated_copy"", ""placeholder""]"
5193,亚利桑那州,vi,Arizona,arizona,0,0,"[""untranslated_copy"", ""placeholder""]"
6093,今,vi,"now; the present time; current; contemporary; this (day, year etc)",Hiện nay,0,1,"[""low_sense_coverage"", ""low_length_coverage"", ""placeholder""]"
6115,今朝,vi,(dialect) today; (literary) the present; this age,Hiện nay,0,1,"[""low_sense_coverage"", ""low_length_coverage"", ""placeholder""]"
11216,内观,vi,to introspect; to examine oneself; (Buddhism) vipassana meditation (seeking insight into the true nature of reality),Vipassana,0,1,"[""low_sense_coverage"", ""low_length_coverage"", ""placeholder""]"
11699,公,vi,"public; collectively owned; common; international (e.g. high seas, metric system, calendar); make public; fair; just; Duke, highest of five orders of nobility 五等爵位[wu3 deng3 jue2 wei4]; honorable (gentlemen); father-in-law; male (animal)",nam giới,0,1,"[""low_sense_coverage"", ""low_length_coverage"", ""placeholder""]"
14248,刺桐,vi,Indian coral tree; sunshine tree; tiger's claw; Erythrina variegata (botany),Erythrina,0,1,"[""low_sense_coverage"", ""low_length_coverage"", ""placeholder""]"
15238,加拿大,vi,Canada,Canada,0,0,"[""untranslated_copy"", ""placeholder""]"
17085,南希,vi,Nancy,nancy,0,0,"[""untranslated_copy"", ""placeholder""]"
17102,南方,vi,"south; southern direction; (in China) southern regions, often referring to areas south of the Yangtze River",phía nam,0,1,"[""low_sense_coverage"", ""low_length_coverage"", ""placeholder""]"
17166,南澳,vi,see 南澳縣|南澳县[Nan2 ao4 Xian4]; see 南澳鄉|南澳乡[Nan2 ao4 Xiang1]; South Australia (abbr. for 南澳大利亞州|南澳大利亚州[Nan2 Ao4 da4 li4 ya4 Zhou1]),Nam Úc,0,1,"[""low_sense_coverage"", ""low_length_coverage"", ""placeholder""]"
17220,南边,vi,south; south side; southern part; to the south of,Phía nam,0,1,"[""low_sense_coverage"", ""low_length_coverage"", ""placeholder""]"
17308,博洛尼亚,vi,Bologna,Bologna,0,0,"[""untranslated_copy"", ""placeholder""]"
17339,博茨瓦纳,vi,Botswana,Botswana,0,0,"[""untranslated_copy"", ""placeholder""]"
17426,卡塔赫纳,vi,Cartagena,Cartagena,0,0,"[""untranslated_copy"", ""placeholder""]"
23051,唢呐,vi,"suona, Chinese shawm (oboe), used in festivals and processions or for military purposes; also written 鎖吶|锁呐; also called 喇叭[la3 ba5]",suona,0,1,"[""low_sense_coverage"", ""low_length_coverage"", ""placeholder""]"
24961,圭亚那,vi,Guyana,Guyana,0,0,"[""untranslated_copy"", ""placeholder""]"
25263,坎,vi,"pit; threshold; one of the Eight Trigrams 八卦[ba1 gua4], symbolizing water; ☵",hôm nay,0,1,"[""low_sense_coverage"", ""low_length_coverage"", ""placeholder""]"
27992,大拿,vi,(coll.) man in power; boss; authority; expert,dana,0,1,"[""low_sense_coverage"", ""low_length_coverage"", ""placeholder""]"
29548,奏鸣曲,vi,sonata,sonata,0,0,"[""untranslated_copy"", ""placeholder""]"
30767,娜,vi,(phonetic na); used esp. in female names such as Anna 安娜[An1 na4] or Diana 黛安娜[Dai4 an1 na4],na,0,1,"[""partial_sense_coverage"", ""too_short"", ""placeholder""]"
30768,娜,vi,elegant; graceful,na,0,1,"[""partial_sense_coverage"", ""too_short"", ""placeholder""]"
30770,娜娜,vi,Nana (name); Nana (1880 novel by Émile Zola); Nana (Japanese manga series),nana,0,1,"[""low_sense_coverage"", ""low_length_coverage"", ""placeholder""]"
31929,安南,vi,"Annam (Tang Dynasty protectorate located in what is now northern Vietnam); Annam (autonomous kingdom located in what is now northern Vietnam, 10th-15th century); Annam (central part of Vietnam during the French colonial period); old name for Vietnam; Annan District in Tainan 臺南|台南[Tai2 nan2], Taiwan; Kofi Annan (1938-2018), UN secretary-general 1997-2006",anan,0,1,"[""low_sense_coverage"", ""low_length_coverage"", ""placeholder""]"
37042,布基纳法索,vi,Burkina Faso,Burkina Faso,0,0,"[""untranslated_copy"", ""placeholder""]"
39805,役男,vi,males eligible for military service; draftee; abbr. for 役齡男子|役龄男子,dự thảo nam,0,1,"[""low_sense_coverage"", ""low_length_coverage"", ""placeholder""]"
46728,拿大,vi,to put on airs; self-important; high and mighty,Canada,0,1,"[""low_sense_coverage"", ""low_length_coverage"", ""placeholder""]"
47338,捺,vi,to press down firmly; to suppress; right-falling stroke in Chinese characters (e.g. the last stroke of 大[da4]),Na,0,1,"[""low_sense_coverage"", ""too_short"", ""placeholder""]"
55163,服务员,vi,"waiter; waitress; attendant; customer service personnel; CL:個|个[ge4],位[wei4]",phục vụ nam,0,1,"[""low_sense_coverage"", ""low_length_coverage"", ""placeholder""]"
58475,楠,vi,Machilus nanmu; Chinese cedar; Chinese giant redwood,nan,0,1,"[""low_sense_coverage"", ""low_length_coverage"", ""placeholder""]"
62133,氰酸盐,vi,cyanate,Cyanate,0,0,"[""untranslated_copy"", ""placeholder""]"
62701,江南,vi,"region of China immediately south of the lower Yangtze River, including Shanghai and adjoining parts of Jiangsu, Anhui, Jiangxi and Zhejiang; see 江南省[Jiang1 nan2 Sheng3]; see 江南區|江南区[Jiang1 nan2 Qu1]",giang nam,0,1,"[""low_sense_coverage"", ""low_length_coverage"", ""placeholder""]"
65181,海南,vi,see 海南省[Hai3 nan2 Sheng3]; see 海南島|海南岛[Hai3 nan2 Dao3]; see 海南區|海南区[Hai3 nan2 Qu1]; see 海南藏族自治州[Hai3 nan2 Zang4 zu2 Zi4 zhi4 zhou1],hải nam,0,1,"[""low_sense_coverage"", ""low_length_coverage"", ""placeholder""]"
71599,牡,vi,"(of a bird, animal or plant) male; key; hills",nam giới,0,1,"[""low_sense_coverage"", ""low_length_coverage"", ""placeholder""]"
72392,猴头菇,vi,Hericium erinaceus,Hericium erinaceus,0,1,"[""untranslated_copy"", ""placeholder""]"
72538,独居石,vi,monazite,monazite,0,0,"[""untranslated_copy"", ""placeholder""]"
75622,病入膏肓,vi,lit. the disease has attacked the vitals (idiom); fig. beyond cure; the situation is hopeless,Bị bệnh nan y,0,1,"[""low_sense_coverage"", ""low_length_coverage"", ""placeholder""]"
79451,砷凡纳明,vi,arsphenamine,Arsphenamine,0,0,"[""untranslated_copy"", ""placeholder""]"
84723,纳塔乃耳,vi,Nathaniel,Nathaniel,0,0,"[""untranslated_copy"", ""placeholder""]"
84735,纳新,vi,to accept the new; to take fresh (air); fig. to accept new members (to reinvigorate the party); new blood,Naxin,0,1,"[""low_sense_coverage"", ""low_length_coverage"", ""placeholder""]"
84753,纳米比亚,vi,Namibia,Namibia,0,0,"[""untranslated_copy"", ""placeholder""]"
87789,美宇航局,vi,US National Aeronautics and Space Administration; NASA; abbr. for 美國宇航局|美国宇航局,NASA,0,1,"[""low_sense_coverage"", ""low_length_coverage"", ""placeholder""]"
89975,胂凡纳明,vi,arsphenamine,Arsphenamine,0,0,"[""untranslated_copy"", ""placeholder""]"
94930,葖,vi,radish; daikon; Taiwan pr. [tu2],nang,0,1,"[""low_sense_coverage"", ""low_length_coverage"", ""placeholder""]"
96388,苏里南,vi,Suriname,Suriname,0,0,"[""untranslated_copy"", ""placeholder""]"
96485,兰艾同焚,vi,lit. to burn both fragrant orchids and stinking weeds (idiom); fig. to destroy indiscriminately the noble and common; the rain falls on the just and unjust alike,Lanai cháy cùng nhau,0,1,"[""low_sense_coverage"", ""low_length_coverage"", ""placeholder""]"
99153,西乃,vi,Sinai,Sinai,0,0,"[""untranslated_copy"", ""placeholder""]"
100451,讷讷,vi,(of speech) indistinct; mumbling; hesitating,nana,0,1,"[""low_sense_coverage"", ""low_length_coverage"", ""placeholder""]"
107493,这会儿,vi,(coll.) now; this moment; also pr. [zhe4 hui3 r5],Hiện nay,0,1,"[""low_sense_coverage"", ""low_length_coverage"", ""placeholder""]"
115558,雄,vi,male; staminate; grand; imposing; powerful; mighty; person or state having great power and influence,nam giới,0,1,"[""low_sense_coverage"", ""low_length_coverage"", ""placeholder""]"
115607,雅典娜,vi,Athena,athena,0,0,"[""untranslated_copy"", ""placeholder""]"
116705,雷诺,vi,"Reynolds (name); Renault (French car company); Reno, Nevada",renault,0,1,"[""low_sense_coverage"", ""low_length_coverage"", ""placeholder""]"
120088,馕,vi,naan,Naan,0,0,"[""untranslated_copy"", ""placeholder""]"
121343,体式,vi,"(of characters) form; style (cursive, printed etc); (of a literary work) form; style; genre",asana,0,1,"[""low_sense_coverage"", ""low_length_coverage"", ""placeholder""]"
122782,鸣,vi,"to cry (of birds, animals and insects); to make a sound; to voice (one's gratitude, grievance etc)",naruto,0,1,"[""low_sense_coverage"", ""low_length_coverage"", ""placeholder""]"
122903,鹆,vi,mynah,mynah,0,0,"[""untranslated_copy"", ""placeholder""]"
123953,黑塞哥维那,vi,Herzegovina,Herzegovina,0,0,"[""untranslated_copy"", ""placeholder""]"
3268,中南,vi,"South Central China (Henan, Hubei, Hunan, Guangdong, Guangxi, Hainan); abbr. for China-South Africa",Trung Nam,10,1,"[""partial_sense_coverage"", ""low_length_coverage"", ""placeholder""]"
4621,事到今日,vi,under the circumstances; the matter having come to that point,Hôm nay,10,1,"[""partial_sense_coverage"", ""low_length_coverage"", ""placeholder""]"
4793,二氯苯胺苯乙酸钠,vi,diclofenac sodium (non-steroidal anti-inflammatory drug used to reduce swelling and as painkiller); also called voltaren 扶他林,Natri diclofenac,10,1,"[""partial_sense_coverage"", ""low_length_coverage"", ""placeholder""]"
12351,再生稻,vi,"ratoon rice; rice plants that regrow from stubble after the first harvest, yielding a second crop",Ragnarok,10,1,"[""partial_sense_coverage"", ""low_length_coverage"", ""placeholder""]"
17020,南京,vi,"see 南京市[Nan2 jing1 Shi4]; Nanjing, capital of the Ming dynasty (1368–1421) and of the Republic of China (1927–1937 and 1946–1949)",nam kinh,10,1,"[""partial_sense_coverage"", ""low_length_coverage"", ""placeholder""]"
17056,南天门,vi,"South Gate to Heaven, the name a gate constructed on various mountains, most notably on Mount Tai 泰山[Tai4 Shan1]; (mythology) southern gate of the Heavenly Palace",Nam Thiên Môn,10,1,"[""partial_sense_coverage"", ""low_length_coverage"", ""placeholder""]"
17063,南宫,vi,two-character surname Nangong; see 南宮市|南宫市[Nan2 gong1 Shi4],Nam Cung,10,1,"[""partial_sense_coverage"", ""low_length_coverage"", ""placeholder""]"
17069,南山区,vi,"Nanshan, a district of Shenzhen City 深圳市[Shen1 zhen4 Shi4], Guangdong; Nanshan, a district of Hegang City 鶴崗市|鹤岗市[He4 gang3 Shi4], Heilongjiang",Quận Nam Sơn,10,1,"[""partial_sense_coverage"", ""low_length_coverage"", ""placeholder""]"
17079,南岳,vi,"Nanyue district of Hengyang city 衡陽市|衡阳市[Heng2 yang2 shi4], Hunan; Mt Heng 衡山 in Hunan, one of the Five Sacred Mountains 五嶽|五岳[Wu3 yue4]",Nam Việt,10,1,"[""partial_sense_coverage"", ""low_length_coverage"", ""placeholder""]"
17094,南征北战,vi,war on all sides (idiom); fighting from all four quarters,Nam và Bắc,10,1,"[""partial_sense_coverage"", ""low_length_coverage"", ""placeholder""]"
17095,南征北讨,vi,war on all sides (idiom); fighting from all four quarters,Nam và Bắc,10,1,"[""partial_sense_coverage"", ""low_length_coverage"", ""placeholder""]"
17106,南昌,vi,see 南昌市[Nan2 chang1 Shi4]; see 南昌縣|南昌县[Nan2 chang1 Xian4],nam xương,10,1,"[""partial_sense_coverage"", ""low_length_coverage"", ""placeholder""]"
17123,南极,vi,the South Pole; the south magnetic pole,Nam Cực,10,1,"[""partial_sense_coverage"", ""low_length_coverage"", ""placeholder""]"
17136,南沙,vi,see 南沙群島|南沙群岛[Nan2 sha1 Qun2 dao3]; see 南沙區|南沙区[Nan2 sha1 Qu1],nam sa,10,1,"[""partial_sense_coverage"", ""low_length_coverage"", ""placeholder""]"
17137,南沙区,vi,"Nansha, a district of Guangzhou City 廣州市|广州市[Guang3 zhou1 Shi4], Guangdong; Nansha, a district of Sansha City 三沙市[San1 sha1 Shi4], Hainan",Quận Nam Sa,10,1,"[""partial_sense_coverage"", ""low_length_coverage"", ""placeholder""]"
17140,南泥湾,vi,"Nanniwan, township 45 km south of Yan'an 延安[Yan2 an1], Shaanxi; ""Nanniwan"", a song written in 1943 to celebrate the achievements of communist revolutionaries in Nanniwan, where the 359th brigade of the Eighth Route Army reclaimed barren land as part of a campaign to become self-sufficient in food during a blockade by enemy forces",Nam Ni Loan,10,1,"[""partial_sense_coverage"", ""low_length_coverage"", ""placeholder""]"
17172,南无,vi,Buddhist salutation or expression of faith (loanword from Sanskrit); Taiwan pr. [na2 mo2],nam mô,10,1,"[""partial_sense_coverage"", ""low_length_coverage"", ""placeholder""]"
17186,南竿,vi,"Nankan Island, one of the Matsu Islands; Nankan or Nangan township in Lienchiang county 連江縣|连江县[Lian2 jiang1 xian4], Taiwan",Nam Cương,10,1,"[""partial_sense_coverage"", ""low_length_coverage"", ""placeholder""]"
17188,南箕北斗,vi,"lit. the Winnowing Basket in the southern sky, and the Big Dipper in the north (idiom); fig. sth which, despite its name, is of no practical use",Nam Cát Bắc Đẩu,10,1,"[""partial_sense_coverage"", ""low_length_coverage"", ""placeholder""]"
17719,即日,vi,this or that very day; in the next few days,Hôm nay,10,1,"[""partial_sense_coverage"", ""low_length_coverage"", ""placeholder""]"
17745,卵泡,vi,ovarian follicle; Taiwan pr. [luan3pao4],nang,10,1,"[""partial_sense_coverage"", ""low_length_coverage"", ""placeholder""]"
20651,呐,vi,battle cry,Na,10,0,"[""too_short"", ""placeholder""]"
20652,呐,vi,sentence-final particle (abbr. for 呢啊[ne5 a5] or variant of 哪[na5]),Na,10,1,"[""too_short"", ""placeholder""]"
24365,国泰民安,vi,"the country prospers, the people at peace (idiom); peace and prosperity",Guotai Minan,10,1,"[""partial_sense_coverage"", ""low_length_coverage"", ""placeholder""]"
26036,垴,vi,small hill; used in geographic names,nao,10,1,"[""partial_sense_coverage"", ""low_length_coverage"", ""placeholder""]"
26933,寿比南山,vi,Live as long as the Zhongnan Mountains! (idiom); Long may you live!,Subinanshan,10,1,"[""partial_sense_coverage"", ""low_length_coverage"", ""placeholder""]"
27487,多那太罗,vi,"Donatello (c. 1386-1466); Donato di Niccolò di Betto Bardi, famous early Renaissance painter and sculptor",Donatello,10,1,"[""partial_sense_coverage"", ""low_length_coverage"", ""placeholder""]"
28122,大江南北,vi,north and south sides of the Yangtze River (idiom); (fig.) all over China,Bắc và Nam,10,1,"[""partial_sense_coverage"", ""low_length_coverage"", ""placeholder""]"
29481,奈,vi,"used in expressions that convey frustration and futility, such as 無奈|无奈[wu2 nai4] and 莫可奈何|莫可奈何[mo4 ke3 nai4 he2] (literary); used for its phonetic value in writing foreign words",Chennai,10,1,"[""partial_sense_coverage"", ""low_length_coverage"", ""placeholder""]"
29488,奈秒,vi,"nanosecond, ns, 10^-9 s (Tw); PRC equivalent: 納秒|纳秒[na4 miao3]",nano giây,10,1,"[""partial_sense_coverage"", ""low_length_coverage"", ""placeholder""]"
29489,奈米,vi,"(Tw) nanometer; nano- (prefix meaning ""nanoscale"")",nano,10,1,"[""partial_sense_coverage"", ""low_length_coverage"", ""placeholder""]"
29630,套磁,vi,(coll.) to cultivate good relations with sb; to try to gain favor with sb,nam châm,10,1,"[""partial_sense_coverage"", ""low_length_coverage"", ""placeholder""]"
32069,安泰,vi,at peace; healthy and secure,Aetna,10,1,"[""partial_sense_coverage"", ""low_length_coverage"", ""placeholder""]"
35600,山奈,vi,(loanword) cyanide; variant of 山柰[shan1 nai4],Yamana,10,1,"[""partial_sense_coverage"", ""low_length_coverage"", ""placeholder""]"
36216,岭南,vi,"south of the five ranges; old term for south China, esp. Guangdong and Guangxi",Lĩnh Nam,10,1,"[""partial_sense_coverage"", ""low_length_coverage"", ""placeholder""]"
36879,巴萨,vi,"Barca (nickname for FC Barcelona); Baza (town in Grenada, Spain)",Barcelona,10,1,"[""partial_sense_coverage"", ""low_length_coverage"", ""placeholder""]"
46742,拿破仑,vi,"Napoleon (name); Napoleon Bonaparte (1769-1821), Emperor of France 1804-1815",Napoléon,10,1,"[""partial_sense_coverage"", ""low_length_coverage"", ""placeholder""]"
55339,朝鲜中央通讯社,vi,North Korean Central News Agency (KCNA); abbr. to 朝中社[Chao2 zhong1 she4],KCNA,10,1,"[""partial_sense_coverage"", ""low_length_coverage"", ""placeholder""]"
59741,槟,vi,used in 檳榔|槟榔[bing1 lang5]; Taiwan pr. [bin1],Pénang,10,1,"[""partial_sense_coverage"", ""low_length_coverage"", ""placeholder""]"
63397,河南,vi,see 河南省[He2 nan2 Sheng3]; see 河南蒙古族自治縣|河南蒙古族自治县[He2 nan2 Meng2 gu3 zu2 Zi4 zhi4 xian4],hà nam,10,1,"[""partial_sense_coverage"", ""low_length_coverage"", ""placeholder""]"
64011,波拿巴,vi,"Bonaparte (name); Napoleon Bonaparte (1769-1821), Emperor of France 1804-1815",Bonaparte,10,1,"[""partial_sense_coverage"", ""low_length_coverage"", ""placeholder""]"
66021,淮南,vi,"region south of the Huai River and north of the Yangtze River, esp. central Anhui Province; see 淮南市[Huai2 nan2 Shi4]",Hoài Nam,10,1,"[""partial_sense_coverage"", ""low_length_coverage"", ""placeholder""]"
73327,现眼,vi,to embarrass oneself; to make a fool of oneself,Hiện nay,10,1,"[""partial_sense_coverage"", ""low_length_coverage"", ""placeholder""]"
73693,玛纳斯,vi,"Manas, hero of Kyrghiz epic saga; Manas county and town in Changji Hui autonomous prefecture 昌吉回族自治州[Chang1 ji2 Hui2 zu2 zi4 zhi4 zhou1], Xinjiang",manas,10,1,"[""partial_sense_coverage"", ""low_length_coverage"", ""placeholder""]"
74082,甘南,vi,see 甘南藏族自治州[Gan1 nan2 Zang4 zu2 Zi4 zhi4 zhou1]; see 甘南縣|甘南县[Gan1 nan2 Xian4],cam nam,10,1,"[""partial_sense_coverage"", ""low_length_coverage"", ""placeholder""]"
74646,田中,vi,"Tianzhong Township in Changhua County 彰化縣|彰化县[Zhang1 hua4 Xian4], Taiwan; Tanaka (Japanese surname)",tanaka,10,1,"[""partial_sense_coverage"", ""low_length_coverage"", ""placeholder""]"
74823,男,vi,"(bound form) male; baron, the lowest of the five ranks of nobility 五等爵位[wu3 deng3 jue2 wei4]",nam giới,10,1,"[""partial_sense_coverage"", ""low_length_coverage"", ""placeholder""]"
74908,男足,vi,abbr. for 男子足球 men's soccer; abbr. for 男子足球隊|男子足球队 men's soccer team,bóng đá nam,10,1,"[""partial_sense_coverage"", ""low_length_coverage"", ""placeholder""]"
75327,当今,vi,the present time; (old) (in reference to the reigning monarch) His Majesty,Hôm nay,10,1,"[""partial_sense_coverage"", ""low_length_coverage"", ""placeholder""]"
78781,眬,vi,used in 矇矓|蒙眬[meng2 long2],-,10,1,"[""too_short"", ""placeholder""]"
79879,磁吸,vi,"(of a magnet) to attract metallic objects; (fig.) to exert a magnetic attraction (for investment, tourists etc)",lực hút nam châm,10,1,"[""partial_sense_coverage"", ""low_length_coverage"", ""placeholder""]"
84722,纳吉布,vi,"Mohamed Naguib (1901–1984), first president of the Republic of Egypt; Najib Razak (1953–), Malaysian politician, prime minister 2009–2018",Najib,10,1,"[""partial_sense_coverage"", ""low_length_coverage"", ""placeholder""]"
84732,纳指,vi,"NASDAQ; National Association of Securities Dealers Automated Quotations, a computerized data system to provide brokers with price quotations for securities traded over the counter",Nasdaq,10,1,"[""partial_sense_coverage"", ""low_length_coverage"", ""placeholder""]"
84748,纳秒,vi,"nanosecond, ns, 10^-9 s (PRC); Taiwan equivalent: 奈秒[nai4 miao3]",nano giây,10,1,"[""partial_sense_coverage"", ""low_length_coverage"", ""placeholder""]"
84770,纳赛尔,vi,"Nasr or Nasser (Arab name); Gamal Abdel Nasser (1918-1970), Egyptian President",Nasser,10,1,"[""partial_sense_coverage"", ""low_length_coverage"", ""placeholder""]"
84772,纳达尔,vi,"Nadal (name); Rafael Nadal (1986-), Spanish tennis player",Nadal,10,1,"[""partial_sense_coverage"", ""low_length_coverage"", ""placeholder""]"
87585,罗纳尔多,vi,"Ronaldo (name); Cristiano Ronaldo (1985-), Portuguese soccer player",ronaldo,10,1,"[""partial_sense_coverage"", ""low_length_coverage"", ""placeholder""]"
92962,芨,vi,Bletilla hyacinthina (mucilaginous); Acronym for the Chinese Elder tree 菫草,achnatherum,10,1,"[""partial_sense_coverage"", ""low_length_coverage"", ""placeholder""]"
94363,华屋,vi,magnificent residence; splendid house,hanaya,10,1,"[""partial_sense_coverage"", ""low_length_coverage"", ""placeholder""]"
94882,叶卡捷琳娜,vi,"Yekaterina or Ekaterina (name); Catherine the Great or Catherine the Second (1684-1727), Empress of Russia",Ekaterina,10,1,"[""partial_sense_coverage"", ""low_length_coverage"", ""placeholder""]"
95354,蓇,vi,used in 蓇葖[gu1 tu1]; Taiwan pr. [gu3],nang,10,1,"[""partial_sense_coverage"", ""low_length_coverage"", ""placeholder""]"
104507,越国,vi,Yue state; generic term for states in south China or southeast Asia at different historical periods,Việt Nam,10,1,"[""partial_sense_coverage"", ""low_length_coverage"", ""placeholder""]"
109364,那不勒斯,vi,"Napoli, capital of Campania region of Italy; Naples",Napoli,10,1,"[""partial_sense_coverage"", ""low_length_coverage"", ""placeholder""]"
111333,釪,vi,an alms bowl; a small bell,Nagi,10,1,"[""partial_sense_coverage"", ""low_length_coverage"", ""placeholder""]"
113039,长野,vi,(Japanese surname) Nagano; Nagano (prefecture and city in Japan),nagano,10,1,"[""partial_sense_coverage"", ""low_length_coverage"", ""placeholder""]"
113733,闽南语,vi,"Southern Min, a Sinitic language spoken in southern Fujian and surrounding areas; Hokkien, the most widely spoken variety of Southern Min",tiếng Mân Nam,10,1,"[""partial_sense_coverage"", ""low_length_coverage"", ""placeholder""]"
115720,集纳,vi,to collect; to gather together,Jina,10,1,"[""partial_sense_coverage"", ""low_length_coverage"", ""placeholder""]"
115953,双氯芬酸钠,vi,"diclofenac sodium, a non-steroidal anti-inflammatory drug used to reduce swelling and as painkiller; also called voltaren 扶他林",Natri diclofenac,10,1,"[""partial_sense_coverage"", ""low_length_coverage"", ""placeholder""]"
120089,馕,vi,to stuff one's face; to eat greedily,Naan,10,1,"[""partial_sense_coverage"", ""low_length_coverage"", ""placeholder""]"
124618,齉,vi,stuffy (nose); nasal (voice),nang,10,1,"[""partial_sense_coverage"", ""low_length_coverage"", ""placeholder""]"
220,㧐,vi,(literary) to stand upright; (dialect) to push; to shove,㩳,20,1,"[""low_sense_coverage"", ""too_short""]"
500,一套,vi,suit; a set; a collection; of the same kind; the same old stuff; set pattern of behavior,bộ,20,1,"[""low_sense_coverage"", ""too_short""]"
2975,且,vi,and; moreover; yet; for the time being; to be about to; both (... and...),Và,20,1,"[""low_sense_coverage"", ""too_short""]"
3111,丙,vi,"third of the ten Heavenly Stems 十天干[shi2 tian1 gan1]; third in order; letter ""C"" or Roman ""III"" in list ""A, B, C"", or ""I, II, III"" etc; ancient Chinese compass point: 165°; propyl",C,20,1,"[""low_sense_coverage"", ""too_short""]"
3175,并,vi,and; furthermore; also; together with; (not) at all; simultaneously; to combine; to join; to merge,Và,20,1,"[""low_sense_coverage"", ""too_short""]"
3178,并且,vi,and; besides; moreover; furthermore; in addition,Và,20,1,"[""low_sense_coverage"", ""too_short""]"
4091,久远,vi,old; ancient; far away,cũ,20,1,"[""low_sense_coverage"", ""too_short""]"
4099,幺,vi,"youngest; most junior; tiny; one (unambiguous spoken form when spelling out numbers, esp. on telephone or in military); one or ace on dice or dominoes; variant of 吆[yao1], to shout",út,20,1,"[""low_sense_coverage"", ""too_short""]"
4569,亄,vi,covetous; greedy; stingy,ý,20,1,"[""low_sense_coverage"", ""too_short""]"
5707,人喊马嘶,vi,lit. people shouting and horses neighing (idiom); fig. tumultuous; hubbub,hý,20,1,"[""low_sense_coverage"", ""too_short""]"
6102,今天,vi,today; the present time; now,Hôm nay,20,1,"[""low_sense_coverage"", ""placeholder""]"
6116,今朝有酒今朝醉,vi,to live in the moment (idiom); to live every day as if it were one's last; to enjoy while one can,"Hôm nay say, hôm nay say",20,1,"[""low_sense_coverage"", ""placeholder""]"
6948,伯母,vi,wife of father's elder brother; aunt; (polite form of address for a woman who is about the age of one's mother); CL:個|个[ge4],dì,20,1,"[""low_sense_coverage"", ""too_short""]"
6977,伲,vi,(dialect) I; my; we; our,Ni,20,1,"[""low_sense_coverage"", ""too_short""]"
7296,何,vi,what; how; why; which; carry,Gì,20,1,"[""low_sense_coverage"", ""too_short""]"
7327,何等,vi,"what kind?; how, what; somewhat",Gì,20,1,"[""low_sense_coverage"", ""too_short""]"
7331,何许,vi,(literary) what place; what time; how,Gì,20,1,"[""low_sense_coverage"", ""too_short""]"
7474,作画,vi,to draw; to paint; to create artwork,vẽ,20,1,"[""low_sense_coverage"", ""too_short""]"
7730,侇,vi,(literary) class; category; (literary) to place; to lay out,di,20,1,"[""low_sense_coverage"", ""too_short""]"
7778,侔,vi,similar; comparable; equal,mo,20,1,"[""low_sense_coverage"", ""too_short""]"
7787,供,vi,to provide; to supply; to be for (the use or convenience of),vì,20,1,"[""low_sense_coverage"", ""too_short""]"
7788,供,vi,to lay (sacrificial offerings); (bound form) offerings; to confess (Taiwan pr. [gong1]); confession; statement (Taiwan pr. [gong1]),vì,20,1,"[""low_sense_coverage"", ""too_short""]"
7927,便,vi,plain; informal; suitable; convenient; opportune; to urinate or defecate; equivalent to 就[jiu4]: then; in that case; even if; soon afterwards,sẽ,20,1,"[""low_sense_coverage"", ""too_short""]"
7928,便,vi,used in 便宜[pian2 yi5]; used in 便便[pian2 pian2]; used in 便嬛[pian2 xuan1],sẽ,20,1,"[""low_sense_coverage"", ""too_short""]"
7944,便宜,vi,cheap; inexpensive; a petty advantage; to let sb off lightly,Rẻ,20,1,"[""low_sense_coverage"", ""too_short""]"
7957,便是,vi,(emphasizes that sth is precisely or exactly as stated); precisely; exactly; even; if; just like; in the same way as,là,20,1,"[""low_sense_coverage"", ""too_short""]"
8203,保证金,vi,earnest money; cash deposit; bail; margin (in derivative trading),Lề,20,1,"[""low_sense_coverage"", ""too_short""]"
8253,俞,vi,yes (used by Emperor or ruler); OK; to accede; to assent,Yu,20,1,"[""low_sense_coverage"", ""too_short""]"
8871,倪,vi,(literary) small child; (literary) limit; bound; extremity; (literary) to differentiate; (literary) origin; cause,Ni,20,1,"[""low_sense_coverage"", ""too_short""]"
9058,偏僻,vi,remote; desolate; far from the city,xa,20,1,"[""low_sense_coverage"", ""too_short""]"
9164,做梦,vi,to dream; to have a dream; (fig.) to indulge in wishful thinking,mơ,20,1,"[""low_sense_coverage"", ""too_short""]"
9165,做大,vi,arrogant; to put on airs; (business etc) to expand; to enlarge; to do sth on a big scale,to hơn,20,1,"[""low_sense_coverage"", ""low_length_coverage"", ""english_leakage""]"
9337,偲,vi,(literary) learned; erudite; (literary) gifted; highly talented; Taiwan pr. [sai1],ti,20,1,"[""low_sense_coverage"", ""too_short""]"
9553,傒,vi,(old) native of Jiangxi 江西[Jiang1 xi1]; to wait; servant; path,hề,20,1,"[""low_sense_coverage"", ""too_short""]"
9918,倾,vi,to overturn; to collapse; to lean; to tend; to incline; to pour out,đổ,20,1,"[""low_sense_coverage"", ""too_short""]"
10016,僖,vi,cautious; merry; joyful,xi,20,1,"[""low_sense_coverage"", ""too_short""]"
10107,僾,vi,indistinct; hazy; misty; to seem; to appear,ái,20,1,"[""low_sense_coverage"", ""too_short""]"
10284,俪,vi,(bound form) paired; coupled; (bound form) husband and wife,Lý,20,1,"[""low_sense_coverage"", ""too_short""]"
10431,充足,vi,adequate; sufficient; abundant,đủ,20,1,"[""low_sense_coverage"", ""too_short""]"
12233,具备,vi,to possess; to have; equipped with; able to fulfill (conditions or requirements),có,20,1,"[""low_sense_coverage"", ""too_short""]"
12585,冰,vi,ice; CL:塊|块[kuai4]; to chill sth; (of an object or substance) to feel cold; (of a person) cold; unfriendly; (slang) methamphetamine,đá,20,1,"[""low_sense_coverage"", ""too_short""]"
13740,刊印,vi,to set in print; to diffuse; to publish,in,20,1,"[""low_sense_coverage"", ""too_short""]"
14160,到此为止,vi,to stop at this point; to end here; to call it a day,cho đến nay,20,1,"[""low_sense_coverage"", ""placeholder""]"
14178,刳,vi,to cut open; rip up; scoop out,xé,20,1,"[""low_sense_coverage"", ""too_short""]"
15024,劐,vi,(coll.) to slit with a knife; (variant of 耠[huo1]) hoe; to loosen soil with a hoe,劐,20,1,"[""low_sense_coverage"", ""too_short""]"
15519,勒,vi,(literary) bridle; halter; headstall; to rein in; to compel; to force; (literary) to carve; to engrave; (literary) to command; to lead (an army etc); (physics) lux (abbr. for 勒克斯[le4 ke4 si1]),le,20,1,"[""low_sense_coverage"", ""too_short""]"
17253,博,vi,(bound form) abundant; plentiful; extensive; wide; to win; to gain; to play; to gamble; learned; well-read; (bound form) doctoral degree (abbr. for 博士[bo2 shi4]); (bound form) blog (abbr. for 博客[bo2 ke4]),Bồ,20,1,"[""low_sense_coverage"", ""too_short""]"
17555,印,vi,to print; to mark; to engrave; a seal; a print; a stamp; a mark; a trace; image,in,20,1,"[""low_sense_coverage"", ""too_short""]"
18046,去,vi,to go; to go to (a place); (of a time etc) last; just passed; to send; to remove; to get rid of; to reduce; to be apart from in space or time; to die (euphemism); to play (a part); (when used either before or after a verb) to go in order to do sth; (after a verb of motion indicates movement away from the speaker); (used after certain verbs to indicate detachment or separation),đi,20,1,"[""low_sense_coverage"", ""too_short""]"
18203,及,vi,and; to reach; up to; in time for,Và,20,1,"[""low_sense_coverage"", ""too_short""]"
18204,及其,vi,(conjunction linking two nouns) and its ...; and their ...; and his ...; and her ...,Và,20,1,"[""low_sense_coverage"", ""too_short""]"
19506,吃,vi,"to eat; to consume; to eat at (a cafeteria etc); to eradicate; to destroy; to absorb; to suffer (shock, injury, defeat etc)",ăn,20,1,"[""low_sense_coverage"", ""too_short""]"
20066,同志,vi,comrade; (slang) homosexual; CL:位[wei4],đồng tính nam,20,1,"[""low_sense_coverage"", ""placeholder""]"
20069,同性恋,vi,homosexuality; gay person; gay love,đồng tính nam,20,1,"[""low_sense_coverage"", ""placeholder""]"
20843,告,vi,(bound form) to say; to tell; to announce; to report; to denounce; to file a lawsuit; to sue,kể,20,1,"[""low_sense_coverage"", ""too_short""]"
20870,告诉,vi,to tell; to inform; to let know,Kể,20,1,"[""low_sense_coverage"", ""too_short""]"
21012,呰,vi,to slander; to blame; to revile,tử,20,1,"[""low_sense_coverage"", ""too_short""]"
21039,呴,vi,breathe on; yawn; roar,hú,20,1,"[""low_sense_coverage"", ""too_short""]"
21041,呵,vi,(bound form) to scold; to expel breath; (onom.) laughter (usu. reduplicated); interjection of surprise,Ah,20,1,"[""low_sense_coverage"", ""too_short""]"
21100,呼嚎,vi,to roar (of animals); to wail; to cry out in distress; see also 呼號|呼号[hu1 hao2],hú,20,1,"[""low_sense_coverage"", ""too_short""]"
21190,和,vi,(joining two nouns) and; together with; with (Taiwan pr. [han4]); (math.) sum; to make peace; (sports) to draw; to tie; (bound form) harmonious; (bound form) Japan; Japanese,Và,20,1,"[""low_sense_coverage"", ""too_short""]"
21191,和,vi,to compose a poem in reply (to sb's poem) using the same rhyme sequence; to join in the singing; to chime in with others,Và,20,1,"[""low_sense_coverage"", ""too_short""]"
21194,和,vi,to mix (ingredients) together; to blend; classifier for rinses of clothes; classifier for boilings of medicinal herbs,Và,20,1,"[""low_sense_coverage"", ""too_short""]"
21416,咳,vi,"sound of sighing; (interjection expressing surprise, sorrow, regret, disappointment etc) oh; damn; wow",ho,20,1,"[""low_sense_coverage"", ""too_short""]"
21578,哇,vi,Wow!; sound of a child's crying; sound of vomiting,Ồ,20,1,"[""low_sense_coverage"", ""too_short""]"
21587,哈,vi,(interj.) ha!; (onom. for laughter); (slang) to be infatuated with; to adore; (bound form) husky (dog) (abbr. for 哈士奇[ha1 shi4 qi2]),hà,20,1,"[""low_sense_coverage"", ""too_short""]"
21588,哈,vi,a Pekinese; a pug; (dialect) to scold,hà,20,1,"[""low_sense_coverage"", ""too_short""]"
21712,哎哟,vi,hey; ow; ouch; interjection of pain or surprise,ôi,20,1,"[""low_sense_coverage"", ""too_short""]"
21773,哧溜,vi,(onom.) slithering; sliding; slipping,ớt,20,1,"[""low_sense_coverage"", ""too_short""]"
21872,哿,vi,excellent; happy; well-being,哿,20,1,"[""low_sense_coverage"", ""too_short""]"
22094,唵,vi,(interjection) oh!; (dialect) to stuff sth in one's mouth; (used in buddhist transliterations) om,úm,20,1,"[""low_sense_coverage"", ""too_short""]"
1619,上坡,id,uphill; upslope; to move upwards; to climb a slope,menanjak,0,1,"[""low_sense_coverage"", ""low_length_coverage"", ""placeholder""]"
1811,上议院,id,Upper Chamber; Upper House; Senate,senat,0,1,"[""low_sense_coverage"", ""low_length_coverage"", ""placeholder""]"
2041,下身,id,lower part of the body; genitalia; trousers,celana,0,1,"[""low_sense_coverage"", ""low_length_coverage"", ""placeholder""]"
2044,下辈,id,offspring; future generations; younger generation of a family; junior members of a group,keturunan,0,1,"[""low_sense_coverage"", ""low_length_coverage"", ""placeholder""]"
2112,不干不净,id,unclean; filthy; foul-mouthed,najis,0,1,"[""low_sense_coverage"", ""low_length_coverage"", ""placeholder""]"
2200,不分,id,not to distinguish; to make no distinction; (LGBT slang) versatile (open to either penetrative or receptive role),serbaguna,0,1,"[""low_sense_coverage"", ""low_length_coverage"", ""placeholder""]"
2326,不含糊,id,unambiguous; unequivocal; explicit; prudent; cautious; not negligent; unafraid; unhesitating; really good; extraordinary,bagaimana,0,1,"[""low_sense_coverage"", ""low_length_coverage"", ""placeholder""]"
2701,不知就里,id,unaware of the inner workings; naive; unwitting,naif,0,1,"[""low_sense_coverage"", ""low_length_coverage"", ""placeholder""]"
2705,不知所措,id,not knowing what to do (idiom); at one's wits' end; embarrassed and at a complete loss,bagaimana,0,1,"[""low_sense_coverage"", ""low_length_coverage"", ""placeholder""]"
2751,不绝于耳,id,(of sound) to never stop; to fall incessantly on the ear; to linger on,pernah,0,1,"[""low_sense_coverage"", ""low_length_coverage"", ""placeholder""]"
3023,世界各地,id,all over the world; everywhere; in all parts of the world,kemanapun,0,1,"[""low_sense_coverage"", ""low_length_coverage"", ""placeholder""]"
3253,中伤,id,to slander; to defame; to get hit (by a bullet); to be wounded,fitnah,0,1,"[""low_sense_coverage"", ""low_length_coverage"", ""placeholder""]"
3269,中南半岛,id,Indochina,Indochina,0,0,"[""untranslated_copy"", ""placeholder""]"
3273,中印半岛,id,Indochina,Indochina,0,0,"[""untranslated_copy"", ""placeholder""]"
3487,中将,id,lieutenant general; vice admiral; air marshal,letnan,0,1,"[""low_sense_coverage"", ""low_length_coverage"", ""placeholder""]"
3489,中尉,id,lieutenant (navy); first lieutenant (army); subaltern,letnan,0,1,"[""low_sense_coverage"", ""low_length_coverage"", ""placeholder""]"
3496,中山,id,see 中山市[Zhong1 shan1 Shi4]; see 中山區|中山区[Zhong1 shan1 Qu1]; Nakayama (Japanese surname); see 孫中山|孙中山[Sun1 Zhong1 shan1],nakayama,0,1,"[""low_sense_coverage"", ""low_length_coverage"", ""placeholder""]"
3513,中常,id,ordinary; average; medium; mid-range; moderate,ordinary,0,1,"[""low_sense_coverage"", ""low_length_coverage"", ""placeholder""]"
3518,中庸,id,golden mean (Confucianism); (literary) (of person) mediocre; ordinary,ordinary,0,1,"[""low_sense_coverage"", ""low_length_coverage"", ""placeholder""]"
4566,乱麻,id,lit. tangled skein; in a tremendous muddle; confused,bagaimana,0,1,"[""low_sense_coverage"", ""low_length_coverage"", ""placeholder""]"
4591,了当,id,frank; outspoken; ready; settled; in order; (old) to deal with; to handle,bagaimana,0,1,"[""low_sense_coverage"", ""low_length_coverage"", ""placeholder""]"
4969,五光十色,id,(idiom) bright and multicolored; of rich variety; dazzling; glitzy,mempesona,0,1,"[""low_sense_coverage"", ""low_length_coverage"", ""placeholder""]"
5192,亚利桑那,id,Arizona,arizona,0,0,"[""untranslated_copy"", ""placeholder""]"
5322,亡,id,to die; to lose; to be gone; to flee; deceased,binasa,0,1,"[""low_sense_coverage"", ""low_length_coverage"", ""placeholder""]"
5927,人设,id,"character design (in games, manga etc) (abbr. for 人物設定|人物设定[ren2 wu4 she4 ding4]); (fig.) public image; (esp. a deliberately crafted) persona",persona,0,1,"[""low_sense_coverage"", ""low_length_coverage"", ""placeholder""]"
6272,仙药,id,legendary magic potion of immortals; panacea; fig. wonder solution to a problem,panacea,0,1,"[""low_sense_coverage"", ""low_length_coverage"", ""placeholder""]"
6451,以外,id,apart from; other than; except for; external; outside of; on the other side of; beyond,eksternal,0,1,"[""low_sense_coverage"", ""low_length_coverage"", ""placeholder""]"
7193,低能儿,id,retarded child; moron; idiot,kanak,0,1,"[""low_sense_coverage"", ""low_length_coverage"", ""placeholder""]"
8618,倒反,id,instead; on the contrary; contrary (to expectations),bagaimana,0,1,"[""low_sense_coverage"", ""low_length_coverage"", ""placeholder""]"
8974,假手,id,to get (sb else) to perform the task; to rely on (sb else) to do it; prosthetic hand,bagaimana,0,1,"[""low_sense_coverage"", ""low_length_coverage"", ""placeholder""]"
9265,停当,id,settled; accomplished; ready; Taiwan pr. [ting2 dang4],bagaimana,0,1,"[""low_sense_coverage"", ""low_length_coverage"", ""placeholder""]"
9954,倾箱倒箧,id,(idiom) to exhaust all one has; to leave no stone unturned; to try one's best,knalpot,0,1,"[""low_sense_coverage"", ""low_length_coverage"", ""placeholder""]"
9971,傿,id,name of an immortal; ancient place name; surname Yan,nama,0,1,"[""low_sense_coverage"", ""low_length_coverage"", ""placeholder""]"
10366,元老院,id,upper house; senate; senior statesmen's assembly,senat,0,1,"[""low_sense_coverage"", ""low_length_coverage"", ""placeholder""]"
10835,克隆,id,(biology) (loanword) to clone; a clone; (fig.) to make an identical copy of (a website etc),klona,0,1,"[""low_sense_coverage"", ""low_length_coverage"", ""placeholder""]"
10899,儿女,id,children; sons and daughters; a young man and a young woman (in love),anak,0,1,"[""low_sense_coverage"", ""low_length_coverage"", ""placeholder""]"
10985,入味,id,tasty; to be absorbed in sth; interesting,enak,0,1,"[""low_sense_coverage"", ""low_length_coverage"", ""placeholder""]"
10987,入围者,id,finalist; qualifier; person or item selected as one of the best,finalis,0,1,"[""low_sense_coverage"", ""low_length_coverage"", ""placeholder""]"
11063,内乱,id,internal disorder; civil strife; civil unrest,internal,0,1,"[""low_sense_coverage"", ""low_length_coverage"", ""placeholder""]"
11189,内耗,id,internal friction; internal dissipation of energy (in mechanics); fig. waste or discord within an organization,internal,0,1,"[""low_sense_coverage"", ""low_length_coverage"", ""placeholder""]"
11247,内斗,id,internal strife; power struggle; (of members of an organization) to fight each other,internal,0,1,"[""low_sense_coverage"", ""low_length_coverage"", ""placeholder""]"
11272,全国,id,whole nation; nationwide; countrywide; national,nasional,0,1,"[""low_sense_coverage"", ""low_length_coverage"", ""placeholder""]"
11343,全歼,id,to annihilate; to wipe out completely; to exterminate,musnahkan,0,1,"[""low_sense_coverage"", ""low_length_coverage"", ""placeholder""]"
11627,八强赛,id,quarterfinals,quarterfinals,0,0,"[""untranslated_copy"", ""placeholder""]"
11860,公有,id,publicly owned; communal; held in common,komunal,0,1,"[""low_sense_coverage"", ""low_length_coverage"", ""placeholder""]"
11923,公称,id,nominal,nominal,0,0,"[""untranslated_copy"", ""placeholder""]"
12196,兵船,id,man-of-war; naval vessel; warship,naval,0,1,"[""low_sense_coverage"", ""low_length_coverage"", ""placeholder""]"
12647,冰清玉洁,id,clear as ice and clean as jade (idiom); spotless; irreproachable; incorruptible,fana,0,1,"[""low_sense_coverage"", ""low_length_coverage"", ""placeholder""]"
12783,冷若冰霜,id,"as cold as ice and frost (idiom, usually of woman); icy manner; frigid",bagaimana,0,1,"[""low_sense_coverage"", ""low_length_coverage"", ""placeholder""]"
12893,凛,id,cold; to shiver with cold; to tremble with fear; afraid; apprehensive; strict; stern; severe; austere; awe-inspiring; imposing; majestic,cold; kedinginan,0,1,"[""low_sense_coverage"", ""low_length_coverage"", ""placeholder""]"
12900,凝固汽油弹,id,napalm,napalm,0,0,"[""untranslated_copy"", ""placeholder""]"
12932,凡,id,ordinary; commonplace; mundane; temporal; of the material world (as opposed to supernatural or immortal levels); every; all; whatever; altogether; gist; outline; note of Chinese musical scale,ordinary,0,1,"[""low_sense_coverage"", ""low_length_coverage"", ""placeholder""]"
12955,凡响,id,ordinary tones; everyday harmony; common chord,ordinary,0,1,"[""low_sense_coverage"", ""low_length_coverage"", ""placeholder""]"
13011,凶狠,id,cruel; vicious; fierce and malicious; vengeful,ganas,0,1,"[""low_sense_coverage"", ""low_length_coverage"", ""placeholder""]"
13161,出彩,id,to perform outstandingly; outstanding; dazzling; brilliant,mempesona,0,1,"[""low_sense_coverage"", ""low_length_coverage"", ""placeholder""]"
13887,初潮,id,menarche,menarche,0,0,"[""untranslated_copy"", ""placeholder""]"
13961,别有天地,id,enchanting scenery; beautiful surroundings; world of its own,mempesona,0,1,"[""low_sense_coverage"", ""low_length_coverage"", ""placeholder""]"
14186,制胜,id,to win; to prevail; to come out on top,menang,0,1,"[""low_sense_coverage"", ""low_length_coverage"", ""placeholder""]"
15267,加注,id,to increase a bet; to raise (in poker); to raise the stakes; to add; to pour in; variant of 加註|加注[jia1 zhu4],angkat; naikkan,0,1,"[""low_sense_coverage"", ""low_length_coverage"", ""placeholder""]"
15293,加纳,id,Ghana,ghana,0,0,"[""untranslated_copy"", ""placeholder""]"
15684,胜,id,victory; success; to beat; to defeat; to surpass; victorious; superior to; to get the better of; better than; surpassing; superb (of vista); beautiful (scenery); wonderful (view); (Taiwan pr. [sheng1]) able to bear; equal to (a task),kemenangan; victory,0,1,"[""low_sense_coverage"", ""low_length_coverage"", ""placeholder""]"
15702,胜者王侯败者寇,id,the winners become princes and marquises; the losers are vilified as bandits (idiom); history is written by the victors,pemenang,0,1,"[""low_sense_coverage"", ""low_length_coverage"", ""placeholder""]"
15780,势,id,power; influence; potential; momentum; tendency; trend; situation; conditions; outward appearance; sign; gesture; male genitals,tenaga; kekuasaan,0,1,"[""low_sense_coverage"", ""low_length_coverage"", ""placeholder""]"
16489,区域性,id,regional,regional,0,0,"[""untranslated_copy"", ""placeholder""]"
16644,千层面,id,lasagna,lasagna,0,0,"[""untranslated_copy"", ""placeholder""]"
16738,升温,id,to become hot; temperature rise; (fig.) to intensify; to hot up; to escalate; to get a boost,pemanasan,0,1,"[""low_sense_coverage"", ""low_length_coverage"", ""placeholder""]"
17085,南希,id,Nancy,nancy,0,0,"[""untranslated_copy"", ""placeholder""]"
17308,博洛尼亚,id,Bologna,bologna,0,0,"[""untranslated_copy"", ""placeholder""]"
17339,博茨瓦纳,id,Botswana,botswana,0,0,"[""untranslated_copy"", ""placeholder""]"
17426,卡塔赫纳,id,Cartagena,cartagena,0,0,"[""untranslated_copy"", ""placeholder""]"
17587,印度支那,id,Indochina,indochina,0,0,"[""untranslated_copy"", ""placeholder""]"
17672,危如累卵,id,precarious as pile of eggs (idiom); ready to fall and break at any moment; in a dangerous state,bagaimana,0,1,"[""low_sense_coverage"", ""low_length_coverage"", ""placeholder""]"
17882,原来,id,"original; former; originally; formerly; at first; so, actually, as it turns out",asli; original,0,1,"[""low_sense_coverage"", ""low_length_coverage"", ""placeholder""]"
18152,参议员,id,senator,senator,0,0,"[""untranslated_copy"", ""placeholder""]"
18810,口语,id,colloquial speech; spoken language; vernacular language; slander; gossip; CL:門|门[men2],fitnah,0,1,"[""low_sense_coverage"", ""low_length_coverage"", ""placeholder""]"
18988,句群,id,discourse; group of sentences with clear meaning; narrative,wacana,0,1,"[""low_sense_coverage"", ""low_length_coverage"", ""placeholder""]"
19043,只好,id,to have no other option but to ...; to have to; to be forced to,bagaimana,0,1,"[""low_sense_coverage"", ""low_length_coverage"", ""placeholder""]"
19130,可人,id,pleasant; agreeable; a person after one's heart (charming person); a gifted person,menyenangkan,0,1,"[""low_sense_coverage"", ""low_length_coverage"", ""placeholder""]"
19242,可知,id,evidently; clearly; no wonder; knowable,kenal,0,1,"[""low_sense_coverage"", ""low_length_coverage"", ""placeholder""]"
19420,右倾,id,right-wing; reactionary; conservative; (PRC) rightist deviation,kanan,0,1,"[""low_sense_coverage"", ""low_length_coverage"", ""placeholder""]"
19740,合成代谢,id,anabolism (biology); constructive metabolism (using energy to make proteins etc); assimilation,anabolisme,0,1,"[""low_sense_coverage"", ""low_length_coverage"", ""placeholder""]"
20190,名不副实,id,"the name does not reflect the reality (idiom); more in name than in fact; Reality does not live up to the name.; Excellent theory, but the practice does not bear it out.",nama,0,1,"[""low_sense_coverage"", ""low_length_coverage"", ""placeholder""]"
20267,名目,id,name; designation; item; rubric; (formal usage) fame,nama,0,1,"[""low_sense_coverage"", ""low_length_coverage"", ""placeholder""]"
20278,名义,id,name; titular; nominal; in name; ostensible purpose,nama,0,1,"[""low_sense_coverage"", ""low_length_coverage"", ""placeholder""]"
20290,名号,id,name; title; good reputation,nama,0,1,"[""low_sense_coverage"", ""low_length_coverage"", ""placeholder""]"
20311,名门望族,id,offspring a famous family (idiom); good breeding; blue blood,keturunan,0,1,"[""low_sense_coverage"", ""low_length_coverage"", ""placeholder""]"
21066,呼之欲出,id,lit. ready to appear at the call (idiom); fig. on the verge of coming out into the open; (of a person's choice etc) on the point of being disclosed; (of an artistic depiction) vividly portrayed,bagaimana,0,1,"[""low_sense_coverage"", ""low_length_coverage"", ""placeholder""]"
21261,和缓,id,mild; gentle; to ease up; to relax,lunak,0,1,"[""low_sense_coverage"", ""low_length_coverage"", ""placeholder""]"
21470,哀嚎,id,to wail; to cry piteously; (of a wild animal) to howl,menangis,0,1,"[""low_sense_coverage"", ""low_length_coverage"", ""placeholder""]"
21502,哀鸣,id,"(of animals, the wind etc) to make a mournful sound; whine; moan; wail",menangis,0,1,"[""low_sense_coverage"", ""low_length_coverage"", ""placeholder""]"
21804,哪里,id,where?; somewhere; anywhere; wherever; nowhere (negative answer to question); humble expression denying compliment; also written 哪裡|哪里,dimanapun; kemanapun,0,1,"[""low_sense_coverage"", ""low_length_coverage"", ""placeholder""]"
21805,哪里,id,where?; somewhere; anywhere; wherever; nowhere (negative answer to question); humble expression denying compliment,dimanapun; kemanapun,0,1,"[""low_sense_coverage"", ""low_length_coverage"", ""placeholder""]"
22929,喻,id,to describe sth as; an analogy; a simile; a metaphor; an allegory,analogi,0,1,"[""low_sense_coverage"", ""low_length_coverage"", ""placeholder""]"
23146,嘎,id,(dialect) ill-tempered; ornery; (dialect) naughty; mischievous,nakal,0,1,"[""low_sense_coverage"", ""low_length_coverage"", ""placeholder""]"
23209,哗众取宠,id,sensationalism; vulgar claptrap to please the crowds; playing to the gallery; demagogy,sensasionalisme,0,1,"[""low_sense_coverage"", ""low_length_coverage"", ""placeholder""]"
23400,噱头,id,amusing speech or act; jokes; antics; funny; amusing; Taiwan pr. [xue1 tou2],bagaimana,0,1,"[""low_sense_coverage"", ""low_length_coverage"", ""placeholder""]"
23476,吨位,id,tonnage,tonnage,0,0,"[""untranslated_copy"", ""placeholder""]"
23478,吨数,id,tonnage,tonnage,0,0,"[""untranslated_copy"", ""placeholder""]"
23757,四方,id,four-way; four-sided; in all directions; everywhere,kemanapun,0,1,"[""low_sense_coverage"", ""low_length_coverage"", ""placeholder""]"
24549,围产,id,perinatal,perinatal,0,0,"[""untranslated_copy"", ""placeholder""]"
24574,园游会,id,(Tw) garden party; fete (held in a garden or park); carnival; fair,karnaval,0,1,"[""low_sense_coverage"", ""low_length_coverage"", ""placeholder""]"
24756,土,id,earth; dust; clay; local; indigenous; crude opium; unsophisticated; one of the eight categories of ancient musical instruments 八音[ba1 yin1],bumi; tanah,0,1,"[""low_sense_coverage"", ""low_length_coverage"", ""placeholder""]"
24961,圭亚那,id,Guyana,guyana,0,0,"[""untranslated_copy"", ""placeholder""]"
26170,报道摄影师,id,photojournalist,photojournalist,0,0,"[""untranslated_copy"", ""placeholder""]"
26244,塑封,id,to laminate (a photo etc); to seal sth in plastic; plastic wrapping,laminasi,0,1,"[""low_sense_coverage"", ""low_length_coverage"", ""placeholder""]"
26264,塔,id,"pagoda (abbr. for 塔婆[ta3 po2], a loanword from Sanskrit stūpa); tower; pylon (CL:座[zuo4]); (loanword) (pastry) tart",menara,0,1,"[""low_sense_coverage"", ""low_length_coverage"", ""placeholder""]"
26480,境内,id,"within the borders; internal (to a country, province, city etc); domestic",internal,0,1,"[""low_sense_coverage"", ""low_length_coverage"", ""placeholder""]"
26783,压线,id,pressure crease; fig. to toil for sb else's benefit; line ball (i.e. on the line),tekanan,0,1,"[""low_sense_coverage"", ""low_length_coverage"", ""placeholder""]"
26855,士,id,member of the senior ministerial class (old); scholar (old); bachelor; honorific; soldier; noncommissioned officer; specialist worker,cendekia; sarjana,0,1,"[""low_sense_coverage"", ""low_length_coverage"", ""placeholder""]"
26960,夏,id,the Xia or Hsia dynasty c. 2000 BC; Xia of the Sixteen Kingdoms (407–432); surname Xia,musim panas,0,1,"[""low_sense_coverage"", ""low_length_coverage"", ""placeholder""]"
27128,外心,id,(of a married person) interest in a third person; (old) (of a minister etc) disloyal disposition; (math.) circumcenter (of a polygon),minat,0,1,"[""low_sense_coverage"", ""low_length_coverage"", ""placeholder""]"
27340,多学科,id,interdisciplinary,interdisciplinary,0,1,"[""untranslated_copy"", ""placeholder""]"
27381,多方位,id,many-sided; versatile; various aspects; all-round; multidirectional,serbaguna,0,1,"[""low_sense_coverage"", ""low_length_coverage"", ""placeholder""]"
27588,够味,id,lit. just the right flavor; just right; just the thing; excellent,enak,0,1,"[""low_sense_coverage"", ""low_length_coverage"", ""placeholder""]"
27656,大乘,id,"Mahayana, the Great Vehicle; Buddhism based on the Mayahana sutras, as spread to Central Asia, China and beyond; also pr. [Da4 cheng2]",mahāyāna,0,1,"[""low_sense_coverage"", ""low_length_coverage"", ""placeholder""]"
27772,大名,id,famous name; your distinguished name; one's formal personal name; (Japanese history) daimyo,bagaimana,0,1,"[""low_sense_coverage"", ""low_length_coverage"", ""placeholder""]"
28326,大肆,id,wantonly; without restraint (of enemy or malefactor); unbridled,bagaimana,0,1,"[""low_sense_coverage"", ""low_length_coverage"", ""placeholder""]"
28523,大限,id,the limit; maximum; one's allocated lifespan,ganas,0,1,"[""low_sense_coverage"", ""low_length_coverage"", ""placeholder""]"
28773,天数,id,number of days; fate; destiny,nasib,0,1,"[""low_sense_coverage"", ""low_length_coverage"", ""placeholder""]"
28909,天线,id,antenna; aerial; (fig.) connection to higher authorities; channel to influential people,antena,0,1,"[""low_sense_coverage"", ""low_length_coverage"", ""placeholder""]"
29273,失准,id,not up to scratch; subpar; off; gone awry; (of an instrument) to be out of kilter; (of a forecast) to be off the mark,nonaktif; off,0,1,"[""low_sense_coverage"", ""low_length_coverage"", ""placeholder""]"
29493,奉,id,"to offer (tribute); to present respectfully (to superior, ancestor, deity etc); to esteem; to revere; to believe in (a religion); to wait upon; to accept orders (from superior)",promo; menawarkan,0,1,"[""low_sense_coverage"", ""low_length_coverage"", ""placeholder""]"
29548,奏鸣曲,id,sonata,sonata,0,0,"[""untranslated_copy"", ""placeholder""]"
30081,好好儿,id,in good condition; perfectly good; carefully; well; thoroughly,bagaimana,0,1,"[""low_sense_coverage"", ""low_length_coverage"", ""placeholder""]"
30201,如影随形,id,lit. as the shadow follows the body (idiom); fig. closely associated with each other; inseparable; to follow relentlessly,bagaimana,0,1,"[""low_sense_coverage"", ""low_length_coverage"", ""placeholder""]"
30236,如临大敌,id,lit. as if meeting a great enemy (idiom); fig. cautious; with great preoccupation; with strict precaution,bagaimana,0,1,"[""low_sense_coverage"", ""low_length_coverage"", ""placeholder""]"
30257,如饥似渴,id,to hunger for sth (idiom); eagerly; to long for sth,bagaimana,0,1,"[""low_sense_coverage"", ""low_length_coverage"", ""placeholder""]"
30373,妥帖,id,properly; satisfactorily; firmly; very fitting; appropriate; proper; to be in good order; also written 妥貼|妥贴[tuo3 tie1],bagaimana,0,1,"[""low_sense_coverage"", ""low_length_coverage"", ""placeholder""]"
30376,妥贴,id,properly; satisfactorily; firmly; very fitting; appropriate; proper; to be in good order; also written 妥帖,bagaimana,0,1,"[""low_sense_coverage"", ""low_length_coverage"", ""placeholder""]"
30728,娃子,id,baby; small child; (arch.) slave among ethnic minorities,kanak,0,1,"[""low_sense_coverage"", ""low_length_coverage"", ""placeholder""]"
31189,子,id,"son; child; seed; egg; small thing; 1st earthly branch: 11 p.m.–1 a.m., midnight, 11th solar month (7th December to 5th January), year of the rat; viscount, fourth of five orders of nobility 五等爵位[wu3 deng3 jue2 wei4]; ancient Chinese compass point: 0° (north); subsidiary; subordinate; (prefix) sub-",nak; putra,0,1,"[""low_sense_coverage"", ""low_length_coverage"", ""placeholder""]"
31402,存储,id,to store up; to stockpile; (computer) to save; to store; memory; storage,penyimpanan,0,1,"[""low_sense_coverage"", ""low_length_coverage"", ""placeholder""]"
31579,孤芳自赏,id,lone flower admiring itself (idiom); narcissism; self-love,narsisisme,0,1,"[""low_sense_coverage"", ""low_length_coverage"", ""placeholder""]"
31777,孽子,id,unfilial son; unworthy son; illegitimate son; concubine's son,kanak,0,1,"[""low_sense_coverage"", ""low_length_coverage"", ""placeholder""]"
31882,安,id,(bound form) calm; peaceful; to calm; to set at ease; safe; secure; in good health; content; satisfied (as in 安於|安于[an1 yu2]); to place (sb) in a suitable position (job); to install; to fix; to fit; to bring (a charge against sb); to harbor (certain intentions); ampere (abbr. for 安培[an1 pei2]),kalem; tenang,0,1,"[""low_sense_coverage"", ""low_length_coverage"", ""placeholder""]"
31929,安南,id,"Annam (Tang Dynasty protectorate located in what is now northern Vietnam); Annam (autonomous kingdom located in what is now northern Vietnam, 10th-15th century); Annam (central part of Vietnam during the French colonial period); old name for Vietnam; Annan District in Tainan 臺南|台南[Tai2 nan2], Taiwan; Kofi Annan (1938-2018), UN secretary-general 1997-2006",annam,0,1,"[""low_sense_coverage"", ""low_length_coverage"", ""placeholder""]"
32008,安得,id,"(literary) How can one get...?; Oh, if only there were... (rhetorical wish); (literary) Is it possible that...?; How can this be? (interrogative disbelief)",bagaimana,0,1,"[""low_sense_coverage"", ""low_length_coverage"", ""placeholder""]"
32230,完美无缺,id,perfect and without blemish; flawless; to leave nothing to be desired,sempurna,0,1,"[""low_sense_coverage"", ""low_length_coverage"", ""placeholder""]"
32691,宫,id,palace; temple; castration (as corporal punishment); first note in pentatonic scale,istana,0,1,"[""low_sense_coverage"", ""low_length_coverage"", ""placeholder""]"
32764,宵小,id,thief; bandit; scoundrel; villain,ganas,0,1,"[""low_sense_coverage"", ""low_length_coverage"", ""placeholder""]"
33294,察,id,to examine; to inquire; to observe; to inspect; to look into; obvious; clearly evident,menanyakan,0,1,"[""low_sense_coverage"", ""low_length_coverage"", ""placeholder""]"
33525,宁静致远,id,tranquility yields transcendence (idiom); quiet life of profound study; cf Still waters run deep.,ketenangan,0,1,"[""low_sense_coverage"", ""low_length_coverage"", ""placeholder""]"
33866,射手,id,archer; shooter; marksman; (football etc) striker,pemanah,0,1,"[""low_sense_coverage"", ""low_length_coverage"", ""placeholder""]"
34105,对,id,right; correct; towards; at; for; concerning; regarding; to treat (sb a certain way); to face; (bound form) opposite; facing; matching; to match together; to adjust; to fit; to suit; to answer; to reply; to add; to pour in (a fluid); to check; to compare; classifier: couple; pair,benar; berhadapan; betul; jitu,0,1,"[""low_sense_coverage"", ""low_length_coverage"", ""placeholder""]"
34141,对外,id,external; foreign; pertaining to external or foreign (affairs),eksternal,0,1,"[""low_sense_coverage"", ""low_length_coverage"", ""placeholder""]"
34431,小夜曲,id,serenade,serenade,0,0,"[""untranslated_copy"", ""placeholder""]"
34445,小姐,id,"young lady; miss; (slang) prostitute; CL:個|个[ge4],位[wei4]",nona,0,1,"[""low_sense_coverage"", ""low_length_coverage"", ""placeholder""]"
34457,小子,id,"(literary) youngster; (old) young fellow (term of address used by the older generation); (old) I, me (used in speaking to one's elders)",anak laki-laki,0,1,"[""low_sense_coverage"", ""low_length_coverage"", ""placeholder""]"
34875,少东,id,boss's son; young master; young boss,inang,0,1,"[""low_sense_coverage"", ""low_length_coverage"", ""placeholder""]"
34991,尤尔钦科,id,"Yurchenko (name); Natalia Yurchenko (1965-), Russian gymnast; Yurchenko, a type of jump-off for vaulting",natalia,0,1,"[""low_sense_coverage"", ""low_length_coverage"", ""placeholder""]"
35165,尾翼,id,"empennage (of an aircraft); fletching (of an arrow); fins (of a missile, rocket etc); rear spoiler (of a car)",empennage,0,1,"[""low_sense_coverage"", ""low_length_coverage"", ""placeholder""]"
36722,巴不得,id,(coll.) to be eager for; to long for; to look forward to,bagaimana,0,1,"[""low_sense_coverage"", ""low_length_coverage"", ""placeholder""]"
37402,带气,id,carbonated (drink); sparkling (mineral water); to display annoyance; to be dissatisfied,berkarbonasi,0,1,"[""low_sense_coverage"", ""low_length_coverage"", ""placeholder""]"
37710,平平无奇,id,(idiom) ordinary; unremarkable; nothing special,ordinary,0,1,"[""low_sense_coverage"", ""low_length_coverage"", ""placeholder""]"
37923,年年,id,year after year; yearly; every year; annually,tahunan,0,1,"[""low_sense_coverage"", ""low_length_coverage"", ""placeholder""]"
38153,几多,id,(dialect) how much; how many; how (smart etc); such ...,bagaimana,0,1,"[""low_sense_coverage"", ""low_length_coverage"", ""placeholder""]"
38225,序号,id,ordinal number; serial number; sequence number,ordinal,0,1,"[""low_sense_coverage"", ""low_length_coverage"", ""placeholder""]"
38247,底气,id,lung capacity; lung power; boldness; confidence; self-assurance; vigor,keyakinan,0,1,"[""low_sense_coverage"", ""low_length_coverage"", ""placeholder""]"
38276,店家,id,(old) shopkeeper; innkeeper; (dialect) shop; store,inang,0,1,"[""low_sense_coverage"", ""low_length_coverage"", ""placeholder""]"
38414,庶,id,(bound form) ordinary; numerous; (bound form) pertaining to a concubine (contrasted with 嫡[di2]),ordinary,0,1,"[""low_sense_coverage"", ""low_length_coverage"", ""placeholder""]"
38519,廉直,id,upright and honest; incorruptible; squeaky clean,fana,0,1,"[""low_sense_coverage"", ""low_length_coverage"", ""placeholder""]"
39069,引爆装置,id,detonator,detonator,0,0,"[""untranslated_copy"", ""placeholder""]"
39211,弱小,id,small and weak; puny; the small and weak; children; women and children,anak,0,1,"[""low_sense_coverage"", ""low_length_coverage"", ""placeholder""]"
40225,得法,id,(doing sth) in the right way; suitable; properly,benar,0,1,"[""low_sense_coverage"", ""low_length_coverage"", ""placeholder""]"
40250,得过且过,id,"satisfied just to get through (idiom); to muddle through; without high ambitions, but getting by",bagaimana,0,1,"[""low_sense_coverage"", ""low_length_coverage"", ""placeholder""]"
40478,微商,id,derivative (math.); business on WeChat 微信[Wei1 xin4] leveraging one's social network; person who operates such a business,turunan,0,1,"[""low_sense_coverage"", ""low_length_coverage"", ""placeholder""]"
40751,心乱如麻,id,one's thoughts in a whirl (idiom); confused; disconcerted; upset,bagaimana,0,1,"[""low_sense_coverage"", ""low_length_coverage"", ""placeholder""]"
40863,心猿意马,id,"lit. heart like a frisky monkey, mind like a cantering horse (idiom); fig. capricious (derog.); to have ants in one's pants; hyperactive; adventurous and uncontrollable",bagaimana,0,1,"[""low_sense_coverage"", ""low_length_coverage"", ""placeholder""]"
40999,心驰神往,id,one's thoughts fly to a longed-for place or person; to long for; infatuated; fascinated,terpesona,0,1,"[""low_sense_coverage"", ""low_length_coverage"", ""placeholder""]"
41195,快感,id,pleasure; thrill; delight; joy; pleasurable sensation; a high,kesenangan,0,1,"[""low_sense_coverage"", ""low_length_coverage"", ""placeholder""]"
41274,念想,id,to miss (the presence of); to cherish the memory of; aspiration; desire; sth one keeps thinking about; (coll.) keepsake; memento; (coll.) impression (of sb or sth in one's mind),miss; nona,0,1,"[""low_sense_coverage"", ""low_length_coverage"", ""placeholder""]"
41488,急如星火,id,lit. as hurried as a shooting star (idiom); requiring immediate action; extremely urgent,bagaimana,0,1,"[""low_sense_coverage"", ""low_length_coverage"", ""placeholder""]"
41535,怦怦,id,thumping sound (onom.); to be eager and anxious (to do sth); faithful and upright,panas,0,1,"[""low_sense_coverage"", ""low_length_coverage"", ""placeholder""]"
41538,性,id,"nature; character; property; quality; attribute; sexuality; sex; gender; suffix forming adjective from verb; suffix forming noun from adjective, corresponding to -ness or -ity; essence; CL:個|个[ge4]",alam; nature,0,1,"[""low_sense_coverage"", ""low_length_coverage"", ""placeholder""]"
41946,息,id,breath; news; interest (on an investment or loan); to cease; to stop; to rest; Taiwan pr. [xi2],napas; nafas,0,1,"[""low_sense_coverage"", ""low_length_coverage"", ""placeholder""]"
41972,恰恰,id,exactly; just; precisely; (loanword) cha-cha; cha-cha-cha (dance),bagaimana,0,1,"[""low_sense_coverage"", ""low_length_coverage"", ""placeholder""]"
42606,意思,id,"idea; opinion; meaning; wish; desire; interest; fun; token of appreciation, affection etc; CL:個|个[ge4]; to give as a small token; to do sth as a gesture of goodwill etc",erti; implikasi; makna; maksud,0,1,"[""low_sense_coverage"", ""low_length_coverage"", ""placeholder""]"
43933,戗,id,contrary; pushing against; bump; knock; used as equivalent for 搶|抢[qiang1],berlawanan,0,1,"[""low_sense_coverage"", ""low_length_coverage"", ""placeholder""]"
44203,所,id,"actually; place; classifier for houses, small buildings, institutions etc; that which; particle introducing a relative clause or passive; CL:個|个[ge4]",sebenarnya; actually,0,1,"[""low_sense_coverage"", ""low_length_coverage"", ""placeholder""]"
44432,手舞足蹈,id,lit. to move one's hands and feet about (idiom); fig. to dance about; to express one's feelings in body language; to gesture animatedly; (TCM) involuntary movements of the limbs,menari,0,1,"[""low_sense_coverage"", ""low_length_coverage"", ""placeholder""]"
44976,扣屎盆子,id,to make a scapegoat of sb; to defame; to slander,fitnah,0,1,"[""low_sense_coverage"", ""low_length_coverage"", ""placeholder""]"
45258,承销,id,to underwrite (i.e. guarantee financing); underwriting; to sell as agent; consignee,penjaminan,0,1,"[""low_sense_coverage"", ""low_length_coverage"", ""placeholder""]"
45414,抓挠,id,to scratch; to mess about with; to quarrel; to scramble to do; sb or sth that one can rely on,dimana,0,1,"[""low_sense_coverage"", ""low_length_coverage"", ""placeholder""]"
46705,拾芥,id,to pick up cress; fig. sth easy to do; a piece of cake,bagaimana,0,1,"[""low_sense_coverage"", ""low_length_coverage"", ""placeholder""]"
46916,按理,id,according to reason; in the ordinary course of events; normally,bagaimana,0,1,"[""low_sense_coverage"", ""low_length_coverage"", ""placeholder""]"
46970,挑毛病,id,to nitpick; petty criticism; to nag,nag,0,1,"[""low_sense_coverage"", ""low_length_coverage"", ""placeholder""]"
47130,捂,id,"to enclose; to cover with the hand (one's eyes, nose or ears); to cover up (an affair); contrary; to contradict",berlawanan,0,1,"[""low_sense_coverage"", ""low_length_coverage"", ""placeholder""]"
47168,捍,id,to ward off (a blow); to withstand; to defend,menahan,0,1,"[""low_sense_coverage"", ""low_length_coverage"", ""placeholder""]"
47438,掉书袋,id,lit. to wave around one's bookbag (idiom); fig. to show off one's erudition; a person who does so,bagaimana,0,1,"[""low_sense_coverage"", ""low_length_coverage"", ""placeholder""]"
47635,挂名,id,to attach sb's name to (a role); to go by the title of; nominal; in name only,nominal,0,1,"[""low_sense_coverage"", ""low_length_coverage"", ""placeholder""]"
48307,扬,id,to raise; to hoist; the action of tossing or winnowing; scattering (in the wind); to flutter; to propagate,angkat; naikkan,0,1,"[""low_sense_coverage"", ""low_length_coverage"", ""placeholder""]"
48332,扬长,id,with swagger; ostentatiously; to make the best use of one's strengths,bagaimana,0,1,"[""low_sense_coverage"", ""low_length_coverage"", ""placeholder""]"
48678,搪瓷,id,enamel,enamel,0,0,"[""untranslated_copy"", ""placeholder""]"
48706,搭,id,"to put up; to build (scaffolding); to hang (clothes on a pole); to connect; to join; to arrange in pairs; to match; to add; to throw in (resources); to take (boat, train); variant of 褡[da1]",membangun; bina,0,1,"[""low_sense_coverage"", ""low_length_coverage"", ""placeholder""]"
49016,摽,id,to bind tightly; to link (arms); to hang around with; to stick close to (sb); to compete; (literary) to hit; to beat,pranala; link,0,1,"[""low_sense_coverage"", ""low_length_coverage"", ""placeholder""]"
49178,挢,id,to raise; to lift; to pretend; counterfeit; unyielding; variant of 矯|矫[jiao3]; to correct,angkat; naikkan,0,1,"[""low_sense_coverage"", ""low_length_coverage"", ""placeholder""]"
49668,拧开,id,to unscrew; to twist off (a lid); to turn on (a faucet); to switch on (by turning a knob); to turn (a door handle); to wrench apart,istana benteng,0,1,"[""low_sense_coverage"", ""low_length_coverage"", ""placeholder""]"
49884,摄影记者,id,photojournalist,photojournalist,0,0,"[""untranslated_copy"", ""placeholder""]"
50162,改判,id,(law) to amend a judgment; to commute; (in a contest or exam) to change the original decision or score,bagaimana,0,1,"[""low_sense_coverage"", ""low_length_coverage"", ""placeholder""]"
50778,教诲,id,(literary) to instruct; to admonish; to counsel; teachings; instruction; guidance,penasihat,0,1,"[""low_sense_coverage"", ""low_length_coverage"", ""placeholder""]"
90510,脱氧核糖核酸,ar,DNA,dna,0,0,"[""untranslated_copy"", ""placeholder""]"
18071,去氧核糖核酸,ar,deoxyribonucleic acid; DNA,dna,10,1,"[""partial_sense_coverage"", ""low_length_coverage"", ""placeholder""]"
22464,善变,ar,fickle; mercurial; changeable; capricious; to be apt to change,mercurial,15,1,"[""low_sense_coverage"", ""low_length_coverage"", ""unexpected_script""]"
57848,栀,ar,gardenia; cape jasmine (Gardenia jasminoides); same as 梔子|栀子[zhi1 zi5],gardenia,15,1,"[""low_sense_coverage"", ""low_length_coverage"", ""unexpected_script""]"
114,ins,ar,Instagram,instagram,20,0,"[""untranslated_copy"", ""unexpected_script""]"
346,一下,ar,"(after a verb) a bit; a little (indicating brief duration, or softening the tone, or suggesting giving sth a try); all at once; suddenly",عض,20,1,"[""low_sense_coverage"", ""too_short""]"
986,一点,ar,"a bit; a little bit; (used in negative expressions) (not) the least bit; (after an adjective, used to form the comparative) a bit more, -er; a point (in a discussion etc); (calligraphy) dot stroke (、); one o'clock (abbr. for 一點鍾|一点钟[yi1 dian3 zhong1])",عض,20,1,"[""low_sense_coverage"", ""too_short""]"
1795,上行,ar,(of trains) up (i.e. towards the capital); (of river boats) to go against the current; to submit (a document) to higher authorities,ضد,20,1,"[""low_sense_coverage"", ""too_short""]"
4131,乎,ar,"(classical particle similar to 於|于[yu2]) in; at; from; because; than; (classical final particle similar to 嗎|吗[ma5], 吧[ba5], 呢[ne5], expressing question, doubt or astonishment)",من; from,20,1,"[""low_sense_coverage"", ""low_length_coverage"", ""english_leakage""]"
4374,乳杆菌,ar,lactobacillus,lactobacillus,20,0,"[""untranslated_copy"", ""unexpected_script""]"
4955,亓,ar,his; her; its; their,ده,20,1,"[""low_sense_coverage"", ""too_short""]"
8696,倒行逆施,ar,to go against the tide (idiom); to do things all wrong; to try to turn back history; a perverse way of doing things,ضد,20,1,"[""low_sense_coverage"", ""too_short""]"
9380,侦破,ar,to investigate (as detective); to solve (crime); to uncover (a plot); to sniff out; to break in and analyze; detective work; to scout,حل,20,1,"[""low_sense_coverage"", ""too_short""]"
9927,倾吐,ar,to pour out (emotions); to unburden oneself (of strong feelings); to vomit comprehensively,صب,20,1,"[""low_sense_coverage"", ""too_short""]"
9929,倾吐衷肠,ar,to pour out (emotions); to pour one's heart out; to say everything that is on one's mind,صب,20,1,"[""low_sense_coverage"", ""too_short""]"
12209,其,ar,his; her; its; their; that; such; it (refers to sth preceding it),ده,20,1,"[""low_sense_coverage"", ""too_short""]"
18006,厥,ar,to faint; to lose consciousness; his; her; its; their,ده,20,1,"[""low_sense_coverage"", ""too_short""]"
19036,叩关,ar,to knock at the gate (old); to make an approach; to invade; to attack the goal (sports),طق,20,1,"[""low_sense_coverage"", ""too_short""]"
27464,多胞形,ar,polytope,polytope,20,0,"[""untranslated_copy"", ""unexpected_script""]"
27674,大作,ar,"your work (book, musical composition etc) (honorific); to erupt; to begin abruptly",تك,20,1,"[""low_sense_coverage"", ""too_short""]"
29581,奔流,ar,to flow at great speed; to pour; racing current,صب,20,1,"[""low_sense_coverage"", ""too_short""]"
30043,好事,ar,"good action, deed, thing or work (also sarcastic, ""a fine thing indeed""); charity; happy occasion; Daoist or Buddhist ceremony for the souls of the dead",صك,20,1,"[""low_sense_coverage"", ""too_short""]"
34238,对簿公堂,ar,public courtroom accusation (idiom); legal confrontation; to take sb to court; to sue,سو,20,1,"[""low_sense_coverage"", ""too_short""]"
40264,从,ar,from; through; via; (bound form) to follow; (bound form) to obey; (bound form) to engage in (an activity); (used before a negative) ever; (bound form) (Taiwan pr. [zong4]) retainer; attendant; (bound form) (Taiwan pr. [zong4]) assistant; auxiliary; subordinate; (bound form) (Taiwan pr. [zong4]) related by common paternal grandfather or earlier ancestor,من; from,20,1,"[""low_sense_coverage"", ""low_length_coverage"", ""english_leakage""]"
44641,打官司,ar,to file a lawsuit; to sue; to dispute,سو,20,1,"[""low_sense_coverage"", ""too_short""]"
44827,打退,ar,to beat back; to repel; to repulse,صد,20,1,"[""low_sense_coverage"", ""too_short""]"
45538,抖动,ar,to quiver; to vibrate; to shake (sth),هز,20,1,"[""low_sense_coverage"", ""too_short""]"
45539,抖搂,ar,to shake out; to bring to light; to squander,هز,20,1,"[""low_sense_coverage"", ""too_short""]"
45552,抗命,ar,against orders; to disobey; to refuse to accept orders,ضد,20,1,"[""low_sense_coverage"", ""too_short""]"
45616,折刀,ar,folding knife; jackknife; pocketknife; Tibetan waist knife,طي,20,1,"[""low_sense_coverage"", ""too_short""]"
46228,拒,ar,to resist; to repel; to refuse,صد,20,1,"[""low_sense_coverage"", ""too_short""]"
47066,振,ar,to shake; to flap; to vibrate; to resonate; to rise up with spirit; to rouse oneself,هز,20,1,"[""low_sense_coverage"", ""too_short""]"
47068,振动,ar,to vibrate; to shake; vibration,هز,20,1,"[""low_sense_coverage"", ""too_short""]"
47527,排屋,ar,row house; townhouse; terrace house,صف,20,1,"[""low_sense_coverage"", ""too_short""]"
47541,排档,ar,(coll.) row of vendor stalls; street stall area; (Tw) gear shift; gear selector; transmission control (in cars or motorcycles),صف,20,1,"[""low_sense_coverage"", ""too_short""]"
47605,排面,ar,a row of things facing oneself (esp. a row of products on a shelf facing customers in a store); (neologism c. 2019) (coll.) ostentation; showiness; impressiveness,صف,20,1,"[""low_sense_coverage"", ""too_short""]"
48593,摇身,ar,lit. to shake one's body; refers to abrupt transformation; same as 搖身一變|摇身一变,هز,20,1,"[""low_sense_coverage"", ""too_short""]"
48668,搢,ar,shake; stick into; strike,هز,20,1,"[""low_sense_coverage"", ""too_short""]"
48771,抢,ar,(literary) to knock against (esp. to knock one's head on the ground in grief or rage); opposite in direction; contrary,طق,20,1,"[""low_sense_coverage"", ""too_short""]"
48828,摔打,ar,to knock; to grasp sth in the hand and beat it; to toughen oneself up,طق,20,1,"[""low_sense_coverage"", ""too_short""]"
49156,撞,ar,to knock against; to bump into; to run into; to meet by accident,طق,20,1,"[""low_sense_coverage"", ""too_short""]"
49351,撼动,ar,to shake up; to deal a shock; (fig.) to stir (sb's heart),هز,20,1,"[""low_sense_coverage"", ""too_short""]"
52149,方命,ar,against orders; to disobey; to refuse to accept orders,ضد,20,1,"[""low_sense_coverage"", ""too_short""]"
53469,晃,ar,to sway; to shake; to wander about,هز,20,1,"[""low_sense_coverage"", ""too_short""]"
53470,晃动,ar,to shake; to sway; to rock,هز,20,1,"[""low_sense_coverage"", ""too_short""]"
62590,求和,ar,to sue for peace; to look for a draw (chess); summation (math.),سو,20,1,"[""low_sense_coverage"", ""too_short""]"
65796,淋,ar,to sprinkle; to drip; to pour; to drench,صب,20,1,"[""low_sense_coverage"", ""too_short""]"
68244,滗,ar,to pour off (the liquid); to decant; to strain off,صب,20,1,"[""low_sense_coverage"", ""too_short""]"
68380,澳洲小鹦鹉,ar,lorikeet,lorikeet,20,0,"[""untranslated_copy"", ""unexpected_script""]"
68761,灌水,ar,to irrigate; to pour water into; to inject water into meat to increase its weight (plumping); to cook the books; to post low-value messages (small talk etc) on Internet forums,صب,20,1,"[""low_sense_coverage"", ""too_short""]"
68762,灌注,ar,"to pour or inject (a liquid or substance) into sth; (fig.) to concentrate (one's energy, spirit etc) on sth; (medicine) to perfuse",صب,20,1,"[""low_sense_coverage"", ""too_short""]"
68830,火上浇油,ar,to pour oil on the fire (idiom); fig. to aggravate a situation; to enrage people and make matters worse,صب,20,1,"[""low_sense_coverage"", ""too_short""]"
72042,状告,ar,to sue; to take to court; to file a lawsuit,سو,20,1,"[""low_sense_coverage"", ""too_short""]"
74357,生物力学,ar,biomechanics,biomechanics,20,0,"[""untranslated_copy"", ""unexpected_script""]"
74610,甩动,ar,to shake; to fling one's arm; to lash; to swing,هز,20,1,"[""low_sense_coverage"", ""too_short""]"
89446,耸动,ar,to shake (a part of one's body); to shrug (shoulders); to create a sensation; to incite,هز,20,1,"[""low_sense_coverage"", ""too_short""]"
93993,荵,ar,polemonium,polemonium,20,0,"[""untranslated_copy"", ""unexpected_script""]"
96273,蘁,ar,"to disobey; contrary; against; to go against; to violate; obscure character, possibly variant of 惡|恶[e4]",ضد,20,1,"[""low_sense_coverage"", ""too_short""]"
97850,行,ar,"(bound form) row; line; (bound form) line of business; trade; profession; (bound form) commercial firm; (bound form) to rank (first, second etc) among one's siblings (by age); (in data tables) row; (Tw) column; classifier for rows or lines",صف,20,1,"[""low_sense_coverage"", ""too_short""]"
100066,解开,ar,to untie; to undo; to solve (a mystery),حل,20,1,"[""low_sense_coverage"", ""too_short""]"
100530,诉,ar,to complain; to sue; to tell,سو,20,1,"[""low_sense_coverage"", ""too_short""]"
101503,请求宽恕,ar,to sue for mercy; to ask for forgiveness; begging for magnanimity,سو,20,1,"[""low_sense_coverage"", ""too_short""]"
103894,赠,ar,to give as a present; to repel; to bestow an honorary title after death (old),صد,20,1,"[""low_sense_coverage"", ""too_short""]"
104579,赶跑,ar,to drive away; to force out; to repel,صد,20,1,"[""low_sense_coverage"", ""too_short""]"
107341,逆流,ar,against the stream; adverse current; a countercurrent; fig. reactionary tendency; to go against the trend,ضد,20,1,"[""low_sense_coverage"", ""too_short""]"
107352,逆行倒施,ar,to go against the tide (idiom); to do things all wrong; to try to turn back history; a perverse way of doing things,ضد,20,1,"[""low_sense_coverage"", ""too_short""]"
107361,逆风,ar,to go against the wind; contrary wind; a headwind,ضد,20,1,"[""low_sense_coverage"", ""too_short""]"
107377,透天厝,ar,(Tw) row house; townhouse; terrace house,صف,20,1,"[""low_sense_coverage"", ""too_short""]"
108483,遐弃,ar,to cast away; to reject; to shun; to desert one's post,شن,20,1,"[""low_sense_coverage"", ""too_short""]"
111667,衔,ar,bit (of a bridle); to hold in the mouth; to harbor (feelings); to link; to accept; rank; title,عض,20,1,"[""low_sense_coverage"", ""too_short""]"
115625,雅意,ar,your kind offer; your valued advice; delicate interest and charm,تك,20,1,"[""low_sense_coverage"", ""too_short""]"
116229,鸡飞狗跳,ar,lit. chickens flying and dogs jumping (idiom); fig. in chaos; in disarray,دج,20,1,"[""low_sense_coverage"", ""too_short""]"
117040,震,ar,"to shake; to vibrate; to jolt; to quake; excited; shocked; one of the Eight Trigrams 八卦[ba1 gua4], symbolizing thunder; ☳",هز,20,1,"[""low_sense_coverage"", ""too_short""]"
117042,震动,ar,to shake; to vibrate; to strongly affect; shock; vibration,هز,20,1,"[""low_sense_coverage"", ""too_short""]"
117057,震撼,ar,to shake; to shock; to stun; shocking; stunning; shock,هز,20,1,"[""low_sense_coverage"", ""too_short""]"
117069,震荡,ar,to shake up; to jolt; to vibrate; to oscillate; to fluctuate,هز,20,1,"[""low_sense_coverage"", ""too_short""]"
117075,震荡,ar,to vibrate; to shake; to shudder,هز,20,1,"[""low_sense_coverage"", ""too_short""]"
119106,颤,ar,to tremble; to shiver; to shake; to vibrate; Taiwan pr. [zhan4],هز,20,1,"[""low_sense_coverage"", ""too_short""]"
123258,麀,ar,female deer; doe; female animal,دو,20,1,"[""low_sense_coverage"", ""too_short""]"
124291,点津,ar,to solve a problem; to answer a question; (Internet) Q&A forum; advice column,حل,20,1,"[""low_sense_coverage"", ""too_short""]"
124356,点点滴滴,ar,bit by bit; dribs and drabs; the little details; every aspect,عض,20,1,"[""low_sense_coverage"", ""too_short""]"
14562,前鼻音,ar,alveolar nasal; consonant n produced in the nose with the tongue against the alveolar ridge,alveolar,30,1,"[""partial_sense_coverage"", ""low_length_coverage"", ""unexpected_script""]"
37814,平舌音,ar,"alveolar; consonants z, c, s produced with the tip of the tongue on the alveolar ridge",alveolar,30,1,"[""partial_sense_coverage"", ""low_length_coverage"", ""unexpected_script""]"
40627,德国标准化学会,ar,Deutsches Institut für Normung e.V. (DIN); German Institute for Standardization,deutsches,30,1,"[""partial_sense_coverage"", ""low_length_coverage"", ""unexpected_script""]"
86073,维基词典,ar,Wiktionary (online dictionary),wiktionary,30,1,"[""placeholder"", ""unexpected_script""]"
92342,舌尖前音,ar,"alveolar; consonants z, c, s produced with the tip of the tongue on the alveolar ridge",alveolar,30,1,"[""partial_sense_coverage"", ""low_length_coverage"", ""unexpected_script""]"
114376,阿普尔顿,ar,"Appleton (name); Sir Edward Appleton (1892-1965), British physicist, Nobel laureate who discovered the ionosphere",appleton,30,1,"[""partial_sense_coverage"", ""low_length_coverage"", ""unexpected_script""]"
40,DNA鉴定,ar,DNA test; DNA testing,dna,35,1,"[""partial_sense_coverage"", ""placeholder""]"
987,一点一滴,ar,bit by bit; every little bit,عض,35,1,"[""partial_sense_coverage"", ""too_short""]"
1938,下工,ar,to knock off (at the end of a day's work); to finish work,طق,35,1,"[""partial_sense_coverage"", ""too_short""]"
3907,主公,ar,Your Highness; Your Majesty,تك,35,1,"[""partial_sense_coverage"", ""too_short""]"
6435,以儆效尤,ar,(idiom) to warn against following bad examples; as a warning to others,ضد,35,1,"[""partial_sense_coverage"", ""too_short""]"
11640,八月,ar,August; eighth month (of the lunar year),آب,35,1,"[""partial_sense_coverage"", ""too_short""]"
19028,叩,ar,to knock; to kowtow,طق,35,1,"[""partial_sense_coverage"", ""too_short""]"
20435,君长,ar,the monarch and his ministers; tribal chief,ده,35,1,"[""partial_sense_coverage"", ""too_short""]"
23616,嚼子,ar,bit; mouthpiece,عض,35,1,"[""partial_sense_coverage"", ""too_short""]"
31023,嫌弃,ar,to regard with disdain; to shun,شن,35,1,"[""partial_sense_coverage"", ""too_short""]"
33234,寐龙,ar,"Mei, dinosaur genus; Mei long, dinosaur species",مي,35,1,"[""partial_sense_coverage"", ""too_short""]"
34047,尊意,ar,"(honorific) your respected opinion; What do you think, your majesty?",تك,35,1,"[""partial_sense_coverage"", ""too_short""]"
35043,就着,ar,(eat sth) with (sth else); taking advantage of; using,with; مع,35,1,"[""partial_sense_coverage"", ""low_length_coverage"", ""english_leakage""]"
35159,尾生,ar,Wei Sheng (legendary character who waited for his love under a bridge until he was drowned in the surging waters); sb who keeps to their word no matter what,وي,35,1,"[""partial_sense_coverage"", ""too_short""]"
35919,峨嵋拳,ar,Emeiquan; O Mei Ch'uan (kungfu style),مي,35,1,"[""partial_sense_coverage"", ""too_short""]"
38150,几分,ar,somewhat; a bit,عض,35,1,"[""partial_sense_coverage"", ""too_short""]"
44093,戳搭,ar,to knock; to jab,طق,35,1,"[""partial_sense_coverage"", ""too_short""]"
44173,房契,ar,"deed (for a house); CL:張|张[zhang1],份[fen4]",صك,35,1,"[""partial_sense_coverage"", ""too_short""]"
44854,打门,ar,to knock on the door; to take a shot on goal (sports),طق,35,1,"[""partial_sense_coverage"", ""too_short""]"
44998,扤,ar,to shake; to sway,هز,35,1,"[""partial_sense_coverage"", ""too_short""]"
45512,投袂而起,ar,lit. to shake one's sleeves and rise (idiom); fig. to get excited and move to action,هز,35,1,"[""partial_sense_coverage"", ""too_short""]"
45646,折叠椅,ar,folding chair; deck chair,طي,35,1,"[""partial_sense_coverage"", ""too_short""]"
46538,拜登,ar,"Biden (name); Joe Biden (1942-), US president (2021-), vice-president 2009-2017",جو,35,1,"[""partial_sense_coverage"", ""too_short""]"
47952,推却,ar,to repel; to decline,صد,35,1,"[""partial_sense_coverage"", ""too_short""]"
48569,摇撼,ar,to shake; to rock,هز,35,1,"[""partial_sense_coverage"", ""too_short""]"
48591,摇船,ar,to scull; to row a boat,صف,35,1,"[""partial_sense_coverage"", ""too_short""]"
48969,摷,ar,to knock; strike,طق,35,1,"[""partial_sense_coverage"", ""too_short""]"
49002,折子,ar,folding notebook; accounts book,طي,35,1,"[""partial_sense_coverage"", ""too_short""]"
49018,撂倒,ar,to knock down; to mow down,طق,35,1,"[""partial_sense_coverage"", ""too_short""]"
49350,撼,ar,to shake; to vibrate,هز,35,1,"[""partial_sense_coverage"", ""too_short""]"
49417,击倒,ar,to knock down; knocked down,طق,35,1,"[""partial_sense_coverage"", ""too_short""]"
49437,击退,ar,to beat back; to repel,صد,35,1,"[""partial_sense_coverage"", ""too_short""]"
50487,叩,ar,old variant of 叩[kou4]; to knock,طق,35,1,"[""partial_sense_coverage"", ""too_short""]"
51598,斟,ar,to pour; to deliberate,صب,35,1,"[""partial_sense_coverage"", ""too_short""]"
54263,曲意,ar,against one's will; willy-nilly,ضد,35,1,"[""partial_sense_coverage"", ""too_short""]"
54803,有一点儿,ar,a bit; a little,عض,35,1,"[""partial_sense_coverage"", ""too_short""]"
55953,李卫公,ar,"Li Wei Gong; Duke Li of Wei, official title of Li Jing 李靖[Li3 Jing4]",وي,35,1,"[""partial_sense_coverage"", ""too_short""]"
56042,杜威,ar,"Du Wei (1982-), Shanghai soccer star; Dewey (name)",وي,35,1,"[""partial_sense_coverage"", ""too_short""]"
57814,梅派,ar,the Mei Lanfang School; see 梅蘭芳|梅兰芳[Mei2 Lan2 fang1],مي,35,1,"[""partial_sense_coverage"", ""too_short""]"
58841,杠荡,ar,to shake; to rock,هز,35,1,"[""partial_sense_coverage"", ""too_short""]"
59995,欸,ar,eh; huh (used to express surprise),هه,35,1,"[""partial_sense_coverage"", ""too_short""]"
61251,殿下,ar,Your Majesty (honorific); His or Her Highness,تك,35,1,"[""partial_sense_coverage"", ""too_short""]"
64160,注入,ar,to pour into; to empty into,صب,35,1,"[""partial_sense_coverage"", ""too_short""]"
64177,注水,ar,to pour water into; to inject water into,صب,35,1,"[""partial_sense_coverage"", ""too_short""]"
67558,满口脏话,ar,to pour out obscenities; filthy mouthed,صب,35,1,"[""partial_sense_coverage"", ""too_short""]"
68033,潎,ar,rippling; pour,صب,35,1,"[""partial_sense_coverage"", ""too_short""]"
68036,泼冷水,ar,to pour cold water on; (fig.) to dampen sb's enthusiasm,صب,35,1,"[""partial_sense_coverage"", ""too_short""]"
68283,浇冷水,ar,to pour cold water; fig. to discourage,صب,35,1,"[""partial_sense_coverage"", ""too_short""]"
71800,特拉维夫,ar,Tel Aviv; Tel Aviv-Jaffa,تل,35,1,"[""partial_sense_coverage"", ""too_short""]"
72011,犯戒,ar,to go against the rules (of a religious order); to break a ban (e.g. medical),ضد,35,1,"[""partial_sense_coverage"", ""too_short""]"
72186,狗血淋头,ar,lit. to pour dog's blood on (idiom); fig. torrent of abuse,صب,35,1,"[""partial_sense_coverage"", ""too_short""]"
72752,玄学,ar,Wei and Jin philosophical school amalgamating Daoist and Confucian ideals; translation of metaphysics (also translated 形而上學|形而上学),وي,35,1,"[""partial_sense_coverage"", ""too_short""]"
74624,甩开,ar,to shake off; to get rid of,هز,35,1,"[""partial_sense_coverage"", ""too_short""]"
77976,盼睐,ar,your favors; your consideration,تك,35,1,"[""partial_sense_coverage"", ""too_short""]"
80816,御寒,ar,to defend against the cold; to keep warm,ضد,35,1,"[""partial_sense_coverage"", ""too_short""]"
82248,穷抖,ar,to shake uncontrollably; to jiggle (one's leg etc),هز,35,1,"[""partial_sense_coverage"", ""too_short""]"
85717,丝毫,ar,the slightest amount or degree; a bit,عض,35,1,"[""partial_sense_coverage"", ""too_short""]"
91903,臭名昭彰,ar,notorious for his misdeeds (idiom); infamous,ده,35,1,"[""partial_sense_coverage"", ""too_short""]"
92924,芝宇,ar,your appearance (honorific); cf 紫芝眉宇,تك,35,1,"[""partial_sense_coverage"", ""too_short""]"
99050,褶曲,ar,creasing; folding,طي,35,1,"[""partial_sense_coverage"", ""too_short""]"
99581,见访,ar,your visit (honorific); you honor me with your visit,تك,35,1,"[""partial_sense_coverage"", ""too_short""]"
99992,解手,ar,to relieve oneself (i.e. use the toilet); to solve,حل,35,1,"[""partial_sense_coverage"", ""too_short""]"
100030,解疑释惑,ar,(idiom) to solve a problem; to resolve a difficult issue,حل,35,1,"[""partial_sense_coverage"", ""too_short""]"
100061,解扣,ar,to unbutton; (fig.) to solve a dispute,حل,35,1,"[""partial_sense_coverage"", ""too_short""]"
100071,解题,ar,to solve problems; to explicate,حل,35,1,"[""partial_sense_coverage"", ""too_short""]"
103185,贵干,ar,(polite) your business; what brings you?,تك,35,1,"[""partial_sense_coverage"", ""too_short""]"
107030,迷晕,ar,to knock sb out with a drug; to render sb unconscious,طق,35,1,"[""partial_sense_coverage"", ""too_short""]"
108654,违令,ar,to disobey; to go against orders,ضد,35,1,"[""partial_sense_coverage"", ""too_short""]"
109778,鄙人,ar,your humble servant; I,تك,35,1,"[""partial_sense_coverage"", ""too_short""]"
110241,酹,ar,pour out libation; sprinkle,صب,35,1,"[""partial_sense_coverage"", ""too_short""]"
112689,镳,ar,bit (of a bridle); variant of 鏢|镖[biao1],عض,35,1,"[""partial_sense_coverage"", ""too_short""]"
113885,关你屁事,ar,(coll.) None of your goddamn business!; Mind your own business!,تك,35,1,"[""partial_sense_coverage"", ""too_short""]"
114699,陛下,ar,Your Majesty; His or Her Majesty,تك,35,1,"[""partial_sense_coverage"", ""too_short""]"
115634,雅教,ar,(hon.) your distinguished thoughts; Thank you (for your esteemed contribution to our discussion).,تك,35,1,"[""partial_sense_coverage"", ""too_short""]"
116645,零杂,ar,bit and pieces; small odds and ends,عض,35,1,"[""partial_sense_coverage"", ""too_short""]"
118771,头悬梁，锥刺股,ar,lit. with his head attached to a beam and stabbing his thigh with an awl (idiom); fig. to study assiduously and tirelessly,ده,35,1,"[""partial_sense_coverage"", ""too_short""]"
120541,马扎,ar,campstool; folding stool (with fabric stretched across the top to sit on),طي,35,1,"[""partial_sense_coverage"", ""too_short""]"
120610,马衔,ar,bit; mouthpiece,عض,35,1,"[""partial_sense_coverage"", ""too_short""]"
120996,驱虫,ar,to repel insects; to deworm,صد,35,1,"[""partial_sense_coverage"", ""too_short""]"
121761,高足,ar,honorific: Your distinguished disciple; Your most brilliant pupil,تك,35,1,"[""partial_sense_coverage"", ""too_short""]"
122164,魏国,ar,"Wei State (407-225 BC), one of the Seven Hero States of the Warring States 戰國七雄|战国七雄; Wei State or Cao Wei 曹魏 (220-265), the most powerful of the Three Kingdoms",وي,35,1,"[""partial_sense_coverage"", ""too_short""]"
122172,魏晋南北朝,ar,"Wei, Jin and North-South dynasties; generic term for historic period 220-589 between Han and Sui",وي,35,1,"[""partial_sense_coverage"", ""too_short""]"
124439,鼎力,ar,(honorific) your kind efforts; thanks to your help,تك,35,1,"[""partial_sense_coverage"", ""too_short""]"
124441,鼎助,ar,(honorific) your inestimable assistance; thanks to your help,تك,35,1,"[""partial_sense_coverage"", ""too_short""]"
98,UP主,ar,"(Internet slang) uploader (person who uploads a video or other content to the Internet); pronounced [a4 pu5 zhu3]; (loanword from Japanese うｐ主, ""upunushi"")",تنطق,40,1,"[""low_sense_coverage"", ""low_length_coverage""]"
107,V沟,ar,low neckline that reveals the cleavage; décolleté; gully,المجرى,40,1,"[""low_sense_coverage"", ""low_length_coverage""]"
280,筲,ar,pot-scrubbing brush made of bamboo strips; basket (container) for chopsticks; variant of 筲[shao1],فرشاة,40,1,"[""low_sense_coverage"", ""low_length_coverage""]"
334,鹮,ar,spoonbill; ibis; family Threskiornithidae,ibis,40,1,"[""low_sense_coverage"", ""low_length_coverage""]"
340,一,ar,"one; single; a (article); as soon as; entire; whole; all; throughout; ""one"" radical in Chinese characters (Kangxi radical 1); also pr. [yao1] for greater clarity when spelling out numbers digit by digit",احد; واحدة,40,1,"[""low_sense_coverage"", ""low_length_coverage""]"
351,一世,ar,generation; period of 30 years; one's whole lifetime; lifelong; age; era; times; the whole world; the First (of numbered European kings),توليد; الجيل,40,1,"[""low_sense_coverage"", ""low_length_coverage""]"
361,一事无成,ar,(idiom) to have achieved nothing; to be a total failure; to get nowhere,عندي,40,1,"[""low_sense_coverage"", ""low_length_coverage""]"
375,一来二去,ar,gradually; little by little; in the course of time,تدريجيا,40,1,"[""low_sense_coverage"", ""low_length_coverage""]"
403,一刀切,ar,lit. to cut all at one stroke (idiom); to impose uniformity; one solution fits a diversity of problems; one size fits all,قطع,40,1,"[""low_sense_coverage"", ""low_length_coverage""]"
432,一口,ar,"readily; flatly (deny, admit and so on); a mouthful; a bite",عضة,40,1,"[""low_sense_coverage"", ""low_length_coverage""]"
435,一口吃个胖子,ar,lit. to want to get fat with only one mouthful (proverb); fig. to try to achieve one's goal in the shortest time possible; to be impatient for success,اريد,40,1,"[""low_sense_coverage"", ""low_length_coverage""]"
476,一块,ar,"a piece; a chunk; (fig.) (coll.) (typically preceded by a specifier such as 這|这[zhe4]) aspect; area; dimension (Example: 情感這一塊|情感这一块[qing2 gan3 zhe4 yi1 kuai4] ""the emotional aspect (of it)""); (coll.) one yuan; a dollar; together; in the same place; in company",القطعة; قطعة,40,1,"[""low_sense_coverage"", ""low_length_coverage""]"
480,一壁,ar,at the same time; simultaneously; while,بينما,40,1,"[""low_sense_coverage"", ""low_length_coverage""]"
500,一套,ar,suit; a set; a collection; of the same kind; the same old stuff; set pattern of behavior,جمع; مَجْمُوعَة,40,1,"[""low_sense_coverage"", ""low_length_coverage""]"
562,一弹指顷,ar,a snap of the fingers (idiom); in a flash; in the twinkling of an eye,سناب,40,1,"[""low_sense_coverage"", ""low_length_coverage""]"
590,一把手,ar,working hand; member of a work team; participant; the boss (short form of 第一把手[di4 yi1 ba3 shou3]),مشارك,40,1,"[""low_sense_coverage"", ""low_length_coverage""]"
630,一旦,ar,"in case (sth happens); if; once (sth happens, then...); when; in a short time; in one day",مرة; مره,40,1,"[""low_sense_coverage"", ""low_length_coverage""]"
633,一是一，二是二,ar,"lit. one is one, two is two (idiom); fig. things are (or ought to be) perfectly clear-cut; unequivocal",القاطع,40,1,"[""low_sense_coverage"", ""low_length_coverage""]"
634,一时,ar,a period of time; a while; for a short while; temporary; momentary; at the same time,بينما,40,1,"[""low_sense_coverage"", ""low_length_coverage""]"
646,一会,ar,a moment; a while; in a moment; also pr. [yi1 hui3],اللحظة,40,1,"[""low_sense_coverage"", ""low_length_coverage""]"
647,一会儿,ar,a moment; a while; in a moment; now...now...; also pr. [yi1 hui3 r5],اللحظة,40,1,"[""low_sense_coverage"", ""low_length_coverage""]"
663,一枝独秀,ar,lit. only one branch of the tree is thriving (idiom); fig. to be in a league of one's own; outstanding,فقط,40,1,"[""low_sense_coverage"", ""low_length_coverage""]"
669,一条绳上的蚂蚱,ar,lit. grasshoppers tied together with a piece of string (idiom); fig. people who are in it together for better or worse; people who will sink or swim together,الجنادب,40,1,"[""low_sense_coverage"", ""low_length_coverage""]"
703,一决雌雄,ar,to have a showdown; to fight for mastery; to compete for a championship,عندي,40,1,"[""low_sense_coverage"", ""low_length_coverage""]"
705,一波未平，一波又起,ar,"before the first wave subsides, a new wave rises (idiom); a new problem arises before the old is solved; many twists and turns to a story; one thing after another",قبل,40,1,"[""low_sense_coverage"", ""low_length_coverage""]"
801,一网打尽,ar,lit. to catch everything in the one net (idiom); fig. to scoop up the whole lot; to capture them all in one go,التقاط,40,1,"[""low_sense_coverage"", ""low_length_coverage""]"
803,一线之间,ar,a hair's breadth apart; a fine line; a fine distinction,الاتساع,40,1,"[""low_sense_coverage"", ""low_length_coverage""]"
814,一股子,ar,a whiff of; a taint of; a thread of,نفحة,40,1,"[""low_sense_coverage"", ""low_length_coverage""]"
832,一般,ar,same; ordinary; so-so; common; general; generally; in general,نفس; نفسه,40,1,"[""low_sense_coverage"", ""low_length_coverage""]"
71933,犁头,hi,plowshare; colter; (dialect) plow,हल,20,1,"[""low_sense_coverage"", ""too_short""]"
7931,便便,hi,poo; to do a poo (kiddie or feminine term),पू,35,1,"[""partial_sense_coverage"", ""too_short""]"
88828,耜,hi,plow; plowshare,हल,35,1,"[""partial_sense_coverage"", ""too_short""]"
88829,耝,hi,to plow; (ancient place name),हल,35,1,"[""partial_sense_coverage"", ""too_short""]"
104731,跋扈,hi,domineering; bossy,गौ,35,1,"[""partial_sense_coverage"", ""too_short""]"
83,Q,hi,"cute (loanword); (of food) having a pleasant chewiness (like mochi, tapioca pearls, taro balls etc – foods with a springy or gel-like mouthfeel); (loanword) to cue sb","अति सुन्दर, क्यूट, प्यारा",40,1,"[""low_sense_coverage"", ""low_length_coverage""]"
98,UP主,hi,"(Internet slang) uploader (person who uploads a video or other content to the Internet); pronounced [a4 pu5 zhu3]; (loanword from Japanese うｐ主, ""upunushi"")","अपलोडर, सुनाया, उच्चरित",40,1,"[""low_sense_coverage"", ""low_length_coverage""]"
121,□,hi,"(Tw) (coll.) cool; awesome; (etymologically, a contracted form of 不一樣|不一样[bu4 yi1 yang4]); often written as ㄅㄧㄤˋ","शीतल, ठंडा, शांत",40,1,"[""low_sense_coverage"", ""low_length_coverage""]"
123,□,hi,"uptight; obstinate; to awkwardly force oneself to do sth (from Taiwanese, Tai-lo pr. [king], often written as ㄍㄧㄥ, no generally accepted hanzi form)","चिन्तित, हठीला, जिद्दी",40,1,"[""low_sense_coverage"", ""low_length_coverage""]"
139,ㄅㄧㄤˋ,hi,"(Tw) (coll.) cool; awesome; pr. [biang4]; (etymologically, a contracted form of 不一樣|不一样[bu4 yi1 yang4])","शीतल, ठंडा, शांत",40,1,"[""low_sense_coverage"", ""low_length_coverage""]"
340,一,hi,"one; single; a (article); as soon as; entire; whole; all; throughout; ""one"" radical in Chinese characters (Kangxi radical 1); also pr. [yao1] for greater clarity when spelling out numbers digit by digit","एक, इक, इक्का",40,1,"[""low_sense_coverage"", ""low_length_coverage""]"
349,一不做，二不休,hi,"lit. either don't do it, or don't rest (idiom); fig. if you do it at all, you may as well go the whole hog; in for a penny, in for a pound","हम, ख़्वाह",40,1,"[""low_sense_coverage"", ""low_length_coverage""]"
351,一世,hi,generation; period of 30 years; one's whole lifetime; lifelong; age; era; times; the whole world; the First (of numbered European kings),"पीढ़ी, जेनरेशन, पीढी",40,1,"[""low_sense_coverage"", ""low_length_coverage""]"
384,一个将军一个令,hi,"lit. one general, one order (idiom); fig. every boss has their own rules; everyone has their own way of doing things","एक, इक, इक्का",40,1,"[""low_sense_coverage"", ""low_length_coverage""]"
385,一个巴掌拍不响,hi,lit. one palm alone cannot clap (proverb); fig. it takes two persons to start a dispute; it takes two to tango; it's difficult to achieve anything without support,"एक, इक, इक्का",40,1,"[""low_sense_coverage"", ""low_length_coverage""]"
388,一个萝卜一个坑,hi,lit. every turnip to its hole (idiom); fig. each person has his own position; each to his own; horses for courses; every kettle has its lid,"प्रत्येक, हर, सर्व",40,1,"[""low_sense_coverage"", ""low_length_coverage""]"
403,一刀切,hi,lit. to cut all at one stroke (idiom); to impose uniformity; one solution fits a diversity of problems; one size fits all,"चीरा, घटाव, चीरना",40,1,"[""low_sense_coverage"", ""low_length_coverage""]"
405,一分为二,hi,one divides into two; to be two-sided; there are two sides to everything; to see both sb's good points and shortcomings (idiom),"एक, इक, इक्का",40,1,"[""low_sense_coverage"", ""low_length_coverage""]"
435,一口吃个胖子,hi,lit. to want to get fat with only one mouthful (proverb); fig. to try to achieve one's goal in the shortest time possible; to be impatient for success,"आवश्यकता, चाहना, को",40,1,"[""low_sense_coverage"", ""low_length_coverage""]"
444,一向,hi,a period of time in the recent past; (indicating a period of time up to the present) all along; the whole time,"काल, युग, कल्प",40,1,"[""low_sense_coverage"", ""low_length_coverage""]"
459,一哥,hi,"(coll.) top-ranked male; leading male; top male personality (in a particular field, esp. in entertainment or sports)","नर, पुरुष, पुरूष",40,1,"[""low_sense_coverage"", ""low_length_coverage""]"
476,一块,hi,"a piece; a chunk; (fig.) (coll.) (typically preceded by a specifier such as 這|这[zhe4]) aspect; area; dimension (Example: 情感這一塊|情感这一块[qing2 gan3 zhe4 yi1 kuai4] ""the emotional aspect (of it)""); (coll.) one yuan; a dollar; together; in the same place; in company","टुकडा, एक सेट में से पृथक, खण्ड",40,1,"[""low_sense_coverage"", ""low_length_coverage""]"
517,一字千金,hi,one word worth a thousand in gold (idiom); (in praise of a piece of writing or calligraphy) each character is perfect; each word is highly valued,"एक, इक, इक्का",40,1,"[""low_sense_coverage"", ""low_length_coverage""]"
527,一家人不说两家话,hi,"lit. family members speak frankly with one another, not courteously, as if they were from two different families (idiom); fig. people don't need to be deferential when they ask a family member for help; people from the same family should stick together (and good friends likewise)","कुटुम्ब, फैमिली, परिवार",40,1,"[""low_sense_coverage"", ""low_length_coverage""]"
542,一山不容二虎,hi,lit. the mountain can't have two tigers (idiom); fig. this town ain't big enough for the two of us; (of two rivals) to be fiercely competitive,"पहाड़, पर्वत, गिरि",40,1,"[""low_sense_coverage"", ""low_length_coverage""]"
582,一手交钱，一手交货,hi,"lit. one hand exchanges the cash, the other the goods (idiom); fig. to pay for what you want in cash; simple and direct transaction","एक, इक, इक्का",40,1,"[""low_sense_coverage"", ""low_length_coverage""]"
633,一是一，二是二,hi,"lit. one is one, two is two (idiom); fig. things are (or ought to be) perfectly clear-cut; unequivocal","एक, इक, इक्का",40,1,"[""low_sense_coverage"", ""low_length_coverage""]"
634,一时,hi,a period of time; a while; for a short while; temporary; momentary; at the same time,"काल, युग, कल्प",40,1,"[""low_sense_coverage"", ""low_length_coverage""]"
644,一曝十寒,hi,"one day's sun, ten days' frost (idiom, from Mencius); fig. to work for a bit then skimp; sporadic effort; lack of sticking power; short attention span","एक, इक, इक्का",40,1,"[""low_sense_coverage"", ""low_length_coverage""]"
647,一会儿,hi,a moment; a while; in a moment; now...now...; also pr. [yi1 hui3 r5],"क्षण, पल, दम",40,1,"[""low_sense_coverage"", ""low_length_coverage""]"
653,一朝一夕,hi,lit. one morning and one evening (idiom); fig. in a short period of time; overnight,"एक, इक, इक्का",40,1,"[""low_sense_coverage"", ""low_length_coverage""]"
661,一板一眼,hi,lit. one strong beat and one weak beats in a measure of music (two beats in the bar) (idiom); fig. follow a prescribed pattern to the letter; scrupulous attention to detail,"एक, इक, इक्का",40,1,"[""low_sense_coverage"", ""low_length_coverage""]"
669,一条绳上的蚂蚱,hi,lit. grasshoppers tied together with a piece of string (idiom); fig. people who are in it together for better or worse; people who will sink or swim together,"टिड्डे, बंद, बद्ध",40,1,"[""low_sense_coverage"", ""low_length_coverage""]"
687,一次生，两次熟,hi,"unfamiliar at first but you get used to it; strangers are first meeting, but soon friends; an acquired taste","अपरिचित, अजान",40,1,"[""low_sense_coverage"", ""low_length_coverage""]"
705,一波未平，一波又起,hi,"before the first wave subsides, a new wave rises (idiom); a new problem arises before the old is solved; many twists and turns to a story; one thing after another","के पहले, के आगे, के सामने",40,1,"[""low_sense_coverage"", ""low_length_coverage""]"
719,一无所有,hi,not having anything at all (idiom); utterly lacking; without two sticks to rub together,"नहीं, नही, ना",40,1,"[""low_sense_coverage"", ""low_length_coverage""]"
725,一物降一物,hi,"lit. one object bests another object; every item has a weakness (idiom); there is a rock to every scissor, a scissor to every paper, and a paper to every rock","एक, इक, इक्का",40,1,"[""low_sense_coverage"", ""low_length_coverage""]"
797,一丝不挂,hi,not wearing one thread (idiom); absolutely naked; without a stitch of clothing; in one's birthday suit,"नहीं, नही, ना",40,1,"[""low_sense_coverage"", ""low_length_coverage""]"
798,一丝不苟,hi,not one thread loose (idiom); strictly according to the rules; meticulous; not one hair out of place,"नहीं, नही, ना",40,1,"[""low_sense_coverage"", ""low_length_coverage""]"
801,一网打尽,hi,lit. to catch everything in the one net (idiom); fig. to scoop up the whole lot; to capture them all in one go,"पकड़, पकड़ना, कैच",40,1,"[""low_sense_coverage"", ""low_length_coverage""]"
844,一落千丈,hi,"lit. to drop a thousand zhang in one fall (idiom); fig. (of business, popularity etc) to suffer a sudden, devastating decline; to take a dive","बूँद, गिरावट, गिरना",40,1,"[""low_sense_coverage"", ""low_length_coverage""]"
845,一叶知秋,hi,lit. the falling of one leaf heralds the coming of autumn (idiom); fig. a small sign can indicate a great trend; a straw in the wind,"गिरने, गिरना, झड़",40,1,"[""low_sense_coverage"", ""low_length_coverage""]"
846,一叶障目,hi,lit. eyes obscured by a single leaf (idiom); fig. not seeing the wider picture; can't see the wood for the trees,"निगाहों, आँखे, आंखें",40,1,"[""low_sense_coverage"", ""low_length_coverage""]"
876,一言以蔽之,hi,"one word says it all (idiom, from Analects); to cut a long story short; in a nutshell","एक, इक, इक्का",40,1,"[""low_sense_coverage"", ""low_length_coverage""]"
877,一言千金,hi,one word worth a thousand in gold (idiom); valuable advice; words of enormous weight,"एक, इक, इक्का",40,1,"[""low_sense_coverage"", ""low_length_coverage""]"
878,一言堂,hi,(sign hung in a shop) prices fixed – no bargaining (old); having things decided by the will of a single individual; autocratic rule; (contrasted with 群言堂[qun2 yan2 tang2]),"कीमतों, दामों, कीमतें",40,1,"[""low_sense_coverage"", ""low_length_coverage""]"
888,一语道破,hi,one word says it all (idiom); to hit the nail on the head; to be pithy and correct,"एक, इक, इक्का",40,1,"[""low_sense_coverage"", ""low_length_coverage""]"
895,一起,hi,"(in) the same place; together; in company (with); altogether; in total; an instance of; a case of (murder, accident, dispute etc)","समान, सदृश, वही",40,1,"[""low_sense_coverage"", ""low_length_coverage""]"
896,一路,hi,the whole journey; all the way; going the same way; going in the same direction; of the same kind,"पूरा, समस्त, पूरी",40,1,"[""low_sense_coverage"", ""low_length_coverage""]"
909,一蹶不振,hi,"one stumble, unable to rise (idiom); a setback leading to total collapse; ruined at a stroke; unable to recover after a minor hitch","एक, इक, इक्का",40,1,"[""low_sense_coverage"", ""low_length_coverage""]"
962,一头,hi,one head; a head full of sth; one end (of a stick); one side; headlong; directly; rapidly; simultaneously,"एक, इक, इक्का",40,1,"[""low_sense_coverage"", ""low_length_coverage""]"
986,一点,hi,"a bit; a little bit; (used in negative expressions) (not) the least bit; (after an adjective, used to form the comparative) a bit more, -er; a point (in a discussion etc); (calligraphy) dot stroke (、); one o'clock (abbr. for 一點鍾|一点钟[yi1 dian3 zhong1])","टुकड़ा, लगाम, बिट{कम्प्यूटर}",40,1,"[""low_sense_coverage"", ""low_length_coverage""]"
1000,丁,hi,"male adult; the 4th of the 10 Heavenly Stems 天干[tian1 gan1]; fourth (used like ""4"" or ""D""); small cube of meat or vegetable; (literary) to encounter; (archaic) ancient Chinese compass point: 195°; (chemistry) butyl","नर, पुरुष, पुरूष",40,1,"[""low_sense_coverage"", ""low_length_coverage""]"
1012,丁冬,hi,(onom.) ding dong; jingling of bells; clanking sound,"डिंग, छन",40,1,"[""low_sense_coverage"", ""low_length_coverage""]"
1033,丁是丁，卯是卯,hi,lit. to keep ding (the fourth heavenly stem) distinct from mao (the fourth earthly branch) (idiom); fig. meticulous; conscientious; unambiguous,"निर्वाह, देखरेख, रख़ैल",40,1,"[""low_sense_coverage"", ""low_length_coverage""]"
1078,七夕节,hi,"Qixi Festival or Double Seven Festival on the 7th day of the 7th lunar month; girls' festival; Chinese Valentine's day, when Cowherd and Weaving maid 牛郎織女|牛郎织女[niu2 lang3 zhi1 nu:3] are allowed their annual meeting","त्यौहार, उत्सव, त्योहार",40,1,"[""low_sense_coverage"", ""low_length_coverage""]"
1090,七情,hi,"seven emotional states; seven affects of traditional Chinese medical theory and therapy, namely: joy 喜[xi3], anger 怒[nu4], anxiety 憂|忧[you1], thought 思[si1], grief 悲[bei1], fear 恐[kong3], fright 驚|惊[jing1]; seven relations","सात, भावानात्मक, भावुक",40,1,"[""low_sense_coverage"", ""low_length_coverage""]"
1195,三个和尚没水喝,hi,"lit. three monks have no water to drink (idiom); fig. everybody's business is nobody's business; (If there is one monk, he will fetch water for himself. If there are two, they will fetch water together. But if there are three or more, none will take it upon himself to fetch water.)","तीन, त्रय, झपताल",40,1,"[""low_sense_coverage"", ""low_length_coverage""]"
1200,三个臭皮匠，赛过一个诸葛亮,hi,lit. three ignorant cobblers add up to a genius (idiom); fig. collective wisdom; wisdom of the masses exceeds that of any individual,"तीन, त्रय, झपताल",40,1,"[""low_sense_coverage"", ""low_length_coverage""]"
1201,三个臭皮匠，赛过诸葛亮,hi,lit. three ignorant cobblers add up to a genius (idiom); fig. collective wisdom; wisdom of the masses exceeds that of any individual,"तीन, त्रय, झपताल",40,1,"[""low_sense_coverage"", ""low_length_coverage""]"
1202,三个臭皮匠，顶个诸葛亮,hi,lit. three ignorant cobblers add up to a genius (idiom); fig. collective wisdom; wisdom of the masses exceeds that of any individual,"तीन, त्रय, झपताल",40,1,"[""low_sense_coverage"", ""low_length_coverage""]"
1267,三天打鱼，两天晒网,hi,lit. to fish for three days and sun-dry the nets for two days (proverb); fig. not to persevere in doing sth; to do sth by fits and starts,"मछली, मछली पकड़ना, फिश",40,1,"[""low_sense_coverage"", ""low_length_coverage""]"
1317,三星,hi,"three major stars of the Three Stars 參宿|参宿[Shen1 xiu4] Chinese constellation; the belt of Orion; three spirits 福[fu2], 祿|禄[lu4], and 壽|寿[shou4] associated with the Three Stars 參宿|参宿[Shen1 xiu4] Chinese constellation","तीन, त्रय, झपताल",40,1,"[""low_sense_coverage"", ""low_length_coverage""]"
1531,三项,hi,"three items; three events; three terms; tri-; trinomial, ternary (math.); triathlon (abbr. for 三項全能|三项全能)","तीन, त्रय, झपताल",40,1,"[""low_sense_coverage"", ""low_length_coverage""]"
1534,三头六臂,hi,lit. (having) three heads and six arms (idiom); fig. superhuman abilities; exceptional capability,"तीन, त्रय, झपताल",40,1,"[""low_sense_coverage"", ""low_length_coverage""]"
1556,上下,hi,"the top and bottom of sth; the full vertical extent of sth; from top to bottom; to go up and down; before and after (as in 上下文[shang4 xia4 wen2] ""context""); (used after a quantity) approximately; ... or so; (in a social hierarchy) the high and the low; seniors and juniors (as in 上下和睦[shang4 xia4 he2 mu4] ""harmony between superiors and subordinates""); all members of a group (as in 舉國上下|举国上下[ju3 guo2 shang4 xia4] ""the entire nation""); relative superiority (as in 不相上下[bu4 xiang1 shang4 xia4] ""evenly matched"")","सर्वोच्च स्थान, मुख्य, ऊपरी भाग",40,1,"[""low_sense_coverage"", ""low_length_coverage""]"
1571,上位,hi,seat of honor; person in a high-ranking position; to be promoted to a more senior role; (genetics) epistatic,"आसन, स्थान, पद",40,1,"[""low_sense_coverage"", ""low_length_coverage""]"
1631,上天,hi,Heaven; Providence; God; the sky above; to fly skywards; (euphemism) to die; to pass away; the previous day (or days),"स्वर्ग, नाक, जन्नत",40,1,"[""low_sense_coverage"", ""low_length_coverage""]"
1632,上天入地,hi,lit. to go up to heaven or down to Hades (idiom); fig. to go to great lengths; to search heaven and earth,"स्वर्ग, नाक, जन्नत",40,1,"[""low_sense_coverage"", ""low_length_coverage""]"
1648,上岸,hi,"to go ashore; to climb ashore; (fig.) to achieve a stable and secure life after a period of struggle (e.g. to get a government job, be admitted to a desirable university, or finally pay off one's debts)","तट पर, चढ़ना, आरोहण करना",40,1,"[""low_sense_coverage"", ""low_length_coverage""]"
1662,上弦,hi,"to wind up a watch, clockwork toy etc; to tighten the string of a bow, violin etc; first quarter (phase of the moon)","हवा, हँफाना, मोड़ना",40,1,"[""low_sense_coverage"", ""low_length_coverage""]"
1685,上有老下有小,hi,"lit. above are the elderly, below are the young (idiom); fig. to have to take care of both one's aging parents and one's children; sandwich generation","ऊँचा, ऊपर, ऊपर का",40,1,"[""low_sense_coverage"", ""low_length_coverage""]"
1772,上网,hi,"to go online; to connect to the Internet; (of a document etc) to be uploaded to the Internet; (tennis, volleyball etc) to move in close to the net","ऑनलाइन, जोड़ना, जुड़ें",40,1,"[""low_sense_coverage"", ""low_length_coverage""]"
1775,上线,hi,"to go online; to put sth online; to reach a specific standard; to put into production; handler (person who oversees and directs the activities of another person in a gang, spy ring etc)","ऑनलाइन, रखना, महत्ता देना",40,1,"[""low_sense_coverage"", ""low_length_coverage""]"
1836,上门,hi,"to drop in; to visit; to lock a door; (of a shop) to close; to go and live with one's wife's family, in effect becoming a member of her family","बूँद, गिरावट, गिरना",40,1,"[""low_sense_coverage"", ""low_length_coverage""]"
1849,上头,hi,"(of alcohol, love etc) to go to one's head; (of an idea, a song etc) to get into one's head; to capture one's attention; (old) (of a girl on her wedding day) to start wearing one's hair in a bun (rather than a plait)","सिर, दिमाग़, मस्तक",40,1,"[""low_sense_coverage"", ""low_length_coverage""]"
1865,下,hi,"down; downwards; below; lower; later; next (week etc); second (of two parts); to decline; to go down; to arrive at (a decision, conclusion etc); measure word to show the frequency of an action","उदास, हतोत्साह, ""नीचे""",40,1,"[""low_sense_coverage"", ""low_length_coverage""]"
1874,下不了台,hi,to be unable to extricate oneself gracefully; to be put on the spot; to be embarrassed,"असमर्थ, छुड़ाना",40,1,"[""low_sense_coverage"", ""low_length_coverage""]"
1887,下来,hi,"to come down; (completed action marker); (after verb of motion, indicates motion down and towards us, also fig.); (indicates continuation from the past towards us); to be harvested (of crops); to be over (of a period of time); to go among the masses (said of leaders)","आना, यात्रा करना, एक निश्चित स्थलल को आना",40,1,"[""low_sense_coverage"", ""low_length_coverage""]"
1918,下场,hi,"to leave (the stage, an exam room, the playing field etc); to take part in some activity; to take an examination (in the imperial examination system)","चले जाना, छोड जाना, टालना",40,1,"[""low_sense_coverage"", ""low_length_coverage""]"
1952,下方,hi,underneath; below; the underside; world of mortals; to descend to the world of mortals (of gods),"नीचे, तले, निचला",40,1,"[""low_sense_coverage"", ""low_length_coverage""]"
1985,下海,hi,"to go out to sea; to enter the sea (to swim etc); (fig.) to take the plunge (e.g. leave a secure job, or enter prostitution etc)","बाहर, ख़तम, अंत",40,1,"[""low_sense_coverage"", ""low_length_coverage""]"
2007,下线,hi,to go offline; (of a product) to roll off the assembly line; downline (person below oneself in a pyramid scheme),"ऑफलाइन, ऑफ़लाइन",40,1,"[""low_sense_coverage"", ""low_length_coverage""]"
2026,下行,hi,"(of trains) down (i.e. away from the capital); (of river boats) to travel downstream; to issue (a document) to lower bureaucratic levels; (of writing on the page) vertical, proceeding from top to bottom","उदास, हतोत्साह, ""नीचे""",40,1,"[""low_sense_coverage"", ""low_length_coverage""]"
2127,不亢不卑,hi,neither haughty nor humble; neither overbearing nor servile; neither supercilious nor obsequious,"न ही, कोई भी नहीं",40,1,"[""low_sense_coverage"", ""low_length_coverage""]"
2134,不以为然,hi,not to accept as correct (idiom); to object; to disapprove; to take exception to,"नहीं, नही, ना",40,1,"[""low_sense_coverage"", ""low_length_coverage""]"
2148,不依,hi,not to comply; not to go along with; not to let off easily; not to let sb get away with it,"नहीं, नही, ना",40,1,"[""low_sense_coverage"", ""low_length_coverage""]"
2149,不依不饶,hi,"not to overlook, nor spare (idiom); unwilling to forgive; to treat severely without listening to excuses","नहीं, नही, ना",40,1,"[""low_sense_coverage"", ""low_length_coverage""]"
2176,不仅,hi,"not just; not limited to; (as a correlative conjunction) not only (..., but also ...)","नहीं, नही, ना",40,1,"[""low_sense_coverage"", ""low_length_coverage""]"
2200,不分,hi,not to distinguish; to make no distinction; (LGBT slang) versatile (open to either penetrative or receptive role),"नहीं, नही, ना",40,1,"[""low_sense_coverage"", ""low_length_coverage""]"
2205,不分彼此,hi,to make no distinction between what's one's own and what's another's (idiom); to share everything; to be on very intimate terms,"बनना, गठन, बनाओ",40,1,"[""low_sense_coverage"", ""low_length_coverage""]"
2227,不到黄河心不死,hi,lit. not to stop until one reaches the Yellow River (idiom); fig. to persevere until one reaches one's goal; to keep going while some hope is left,"नहीं, नही, ना",40,1,"[""low_sense_coverage"", ""low_length_coverage""]"
2240,不动声色,hi,not a word or movement (idiom); remaining calm and collected; not batting an eyelid,"नहीं, नही, ना",40,1,"[""low_sense_coverage"", ""low_length_coverage""]"
2243,不务正业,hi,not to engage in honest work; to ignore one's proper occupation; not to attend to one's proper duties,"नहीं, नही, ना",40,1,"[""low_sense_coverage"", ""low_length_coverage""]"
2257,不厌其烦,hi,not to mind taking all the trouble (idiom); to take great pains; to be very patient,"नहीं, नही, ना",40,1,"[""low_sense_coverage"", ""low_length_coverage""]"
2306,不合,hi,to not conform to; to be unsuited to; to be out of keeping with; should not; ought out,"नहीं, नही, ना",40,1,"[""low_sense_coverage"", ""low_length_coverage""]"
2315,不同凡响,hi,lit. not a common chord (idiom); outstanding; brilliant; out of the common run,"नहीं, नही, ना",40,1,"[""low_sense_coverage"", ""low_length_coverage""]"
2323,不吝,hi,"not to stint; to be generous (with praise etc); to be prepared to (pay a fee, give of one's time etc)","नहीं, नही, ना",40,1,"[""low_sense_coverage"", ""low_length_coverage""]"
2326,不含糊,hi,unambiguous; unequivocal; explicit; prudent; cautious; not negligent; unafraid; unhesitating; really good; extraordinary,"सुस्पष्ट, असंदिग्ध",40,1,"[""low_sense_coverage"", ""low_length_coverage""]"
2333,不咎既往,hi,not censure sb for his past misdeeds; overlook sb's past mistakes; let bygones be bygones,"नहीं, नही, ना",40,1,"[""low_sense_coverage"", ""low_length_coverage""]"
2337,不啻天渊,hi,no less than from heaven to the abyss (idiom); differing widely; worlds apart; the gap couldn't be bigger,"कम, ऊन, ईषत्",40,1,"[""low_sense_coverage"", ""low_length_coverage""]"
2342,不图,hi,not to seek (sth); to have no expectation of (sth); (literary) unexpectedly,"नहीं, नही, ना",40,1,"[""low_sense_coverage"", ""low_length_coverage""]"
2374,不妙,hi,(of a turn of events) not too encouraging; far from good; anything but reassuring,"नहीं, नही, ना",40,1,"[""low_sense_coverage"", ""low_length_coverage""]"
2380,不孚众望,hi,not living up to expectations (idiom); failing to inspire confidence among people; unpopular,"नहीं, नही, ना",40,1,"[""low_sense_coverage"", ""low_length_coverage""]"
2407,不寒而栗,hi,"lit. not cold, yet shivering (idiom); fig. to tremble with fear; to be terrified","नहीं, नही, ना",40,1,"[""low_sense_coverage"", ""low_length_coverage""]"
2462,不怎么样,hi,not up to much; very indifferent; nothing great about it; nothing good to be said about it,"नहीं, नही, ना",40,1,"[""low_sense_coverage"", ""low_length_coverage""]"
2510,不成样子,hi,shapeless; deformed; ruined; beyond recognition; (of a person) reduced to a shadow,"निराकार, बेडौल",40,1,"[""low_sense_coverage"", ""low_length_coverage""]"
2512,不成体统,hi,not according with decorum (idiom); scandalous; bad form; unacceptable behavior,"नहीं, नही, ना",40,1,"[""low_sense_coverage"", ""low_length_coverage""]"
2564,不是一家人不进一家门,hi,"people who don't belong together, don't get to live together (idiom); marriages are predestined; people marry because they share common traits","लोग, जनता, जाति",40,1,"[""low_sense_coverage"", ""low_length_coverage""]"
2567,不是味儿,hi,not the right flavor; not quite right; a bit off; fishy; queer; amiss; feel bad; be upset,"नहीं, नही, ना",40,1,"[""low_sense_coverage"", ""low_length_coverage""]"
2572,不是鱼死就是网破,hi,lit. either the fish dies or the net gets torn (idiom); fig. it's a life-and-death struggle; it's either him or me,"हम, ख़्वाह",40,1,"[""low_sense_coverage"", ""low_length_coverage""]"
2579,不会,hi,"improbable; unlikely; will not (act, happen etc); not able; not having learned to do sth; (coll.) (Tw) don't mention it; not at all","असम्भाव्य, असंभाव्य",40,1,"[""low_sense_coverage"", ""low_length_coverage""]"
2581,不服,hi,not to accept sth; to want to have sth overruled or changed; to refuse to obey or comply; to refuse to accept as final; to remain unconvinced by; not to give in to,"नहीं, नही, ना",40,1,"[""low_sense_coverage"", ""low_length_coverage""]"
2591,不标准,hi,nonstandard; incorrect; (of one's speech) poor; woeful (not in keeping with correct pronunciation or usage),"अमानक, अमानकीय",40,1,"[""low_sense_coverage"", ""low_length_coverage""]"
2611,不求甚解,hi,lit. not requiring a detailed understanding (idiom); only looking for an overview; not bothered with the details; superficial; content with shallow understanding,"नहीं, नही, ना",40,1,"[""low_sense_coverage"", ""low_length_coverage""]"
2638,不为酒困,hi,not a slave to the bottle; able to enjoy alcohol in moderation; able to hold one's drink,"नहीं, नही, ना",40,1,"[""low_sense_coverage"", ""low_length_coverage""]"
2676,不痛不痒,hi,"lit. doesn't hurt, doesn't tickle (idiom); sth is wrong, but not quite sure what; fig. not getting to any matter of substance; scratching the surface; superficial; perfunctory","क्षति पहुँचाना, आहत, चोट",40,1,"[""low_sense_coverage"", ""low_length_coverage""]"
2677,不登大雅之堂,hi,lit. not fit for elegant hall (of artwork); not presentable; coarse; unrefined,"नहीं, नही, ना",40,1,"[""low_sense_coverage"", ""low_length_coverage""]"
2692,不知,hi,"not to know; unaware; unknowingly; fig. not to admit (defeat, hardships, tiredness etc)","नहीं, नही, ना",40,1,"[""low_sense_coverage"", ""low_length_coverage""]"
2705,不知所措,hi,not knowing what to do (idiom); at one's wits' end; embarrassed and at a complete loss,"नहीं, नही, ना",40,1,"[""low_sense_coverage"", ""low_length_coverage""]"
2714,不知轻重,hi,lit. not knowing what's important (idiom); no appreciation of the gravity of things; naive; doesn't know who's who; no sense of priorities,"नहीं, नही, ना",40,1,"[""low_sense_coverage"", ""low_length_coverage""]"
2738,不算,hi,to not calculate; to not count; to not be considered (as); to have no weight,"नहीं, नही, ना",40,1,"[""low_sense_coverage"", ""low_length_coverage""]"
2766,不闻不问,hi,"not to hear, not to question (idiom); to show no interest in sth; uncritical; not in the least concerned","नहीं, नही, ना",40,1,"[""low_sense_coverage"", ""low_length_coverage""]"
2816,不见不散,hi,"lit. Even if we don't see each other, don't give up and leave (idiom); fig. Be sure to wait!; See you there!","एक सा, बराबर, भी",40,1,"[""low_sense_coverage"", ""low_length_coverage""]"
2889,不足为训,hi,not to be taken as an example; not an example to be followed; not to be taken as authoritative,"नहीं, नही, ना",40,1,"[""low_sense_coverage"", ""low_length_coverage""]"
2916,不过,hi,only; merely; no more than; but; however; anyway (to get back to a previous topic); cannot be more (after adjectival),"अकेला, सिर्फ़, सिर्फ",40,1,"[""low_sense_coverage"", ""low_length_coverage""]"
2929,不避斧钺,hi,not trying to avoid the battle-ax (idiom); not afraid of dying in combat; not afraid of being executed,"नहीं, नही, ना",40,1,"[""low_sense_coverage"", ""low_length_coverage""]"
2997,世代交替,hi,(biology) alternation of generations; (fig.) generational succession; passing of the torch from one generation to the next,"प्रत्यावर्तन, पीढियां",40,1,"[""low_sense_coverage"", ""low_length_coverage""]"
3111,丙,hi,"third of the ten Heavenly Stems 十天干[shi2 tian1 gan1]; third in order; letter ""C"" or Roman ""III"" in list ""A, B, C"", or ""I, II, III"" etc; ancient Chinese compass point: 165°; propyl","तीसरा, तृतीय, तीसरे",40,1,"[""low_sense_coverage"", ""low_length_coverage""]"
3201,并行不悖,hi,to run in parallel without hindrance; not mutually exclusive; two processes can be implemented without conflict,"दौड़, सैर, मार्ग",40,1,"[""low_sense_coverage"", ""low_length_coverage""]"
3208,并驾齐驱,hi,(idiom) to run neck and neck; to keep pace with; to keep abreast of; on par with one another,"दौड़, सैर, मार्ग",40,1,"[""low_sense_coverage"", ""low_length_coverage""]"
3279,中古,hi,"medieval; Middle Ages; Chinese middle antiquity, 3rd to 9th centuries, including Sui and Tang Dynasties; Middle (of a language, e.g. Middle English); used; second-hand","मध्यकालीन, मध्यस्थल, बीच",40,1,"[""low_sense_coverage"", ""low_length_coverage""]"
3430,中场,hi,(historical) middle period of a tripartite provincial exam; half-time; intermission; (sports) midfield; midcourt; (sports) midfielder,"मध्यस्थल, बीच, मध्य",40,1,"[""low_sense_coverage"", ""low_length_coverage""]"
3454,中央直辖市,hi,"municipality, namely: Beijing 北京, Tianjin 天津, Shanghai 上海 and Chongqing 重慶|重庆, the first level administrative subdivision; province level city; also called directly governed city","नगर पालिका, नगरपालिका",40,1,"[""low_sense_coverage"", ""low_length_coverage""]"
3498,中山区,hi,"Zhongshan or Chungshan District of Taipei City 臺北市|台北市[Tai2 bei3 Shi4], Taiwan; Zhongshan District of Dalian 大連市|大连市[Da4 lian2 shi4], Liaoning; Chungshan District of Keelung City 基隆市[Ji1 long2 shi4], Taiwan","जिला, मंडल, डिस्ट्रिक्ट",40,1,"[""low_sense_coverage"", ""low_length_coverage""]"
3499,中山大学,hi,"Sun Yat-sen University (Guangzhou); Sun Yat-sen University (Kaohsiung); Sun Yat-sen University (Moscow), founded in 1925 as training ground for Chinese communists","सूर्य, सूरज, रवि",40,1,"[""low_sense_coverage"", ""low_length_coverage""]"
3544,中招,hi,(martial arts) to get hit; to get taken down; (fig.) to get infected (disease or computer virus); (fig.) to fall for sb's trap; to be taken in,"मिलना, पहुँचना, समझना",40,1,"[""low_sense_coverage"", ""low_length_coverage""]"
3631,中盘,hi,middle game (in go or chess); (share trading) mid-session; (abbr. for 中盤商|中盘商[zhong1 pan2 shang1]) distributor; wholesaler; middleman,"मध्यस्थल, बीच, मध्य",40,1,"[""low_sense_coverage"", ""low_length_coverage""]"
3813,串,hi,"to string together; to skewer; to connect wrongly; to gang up; to rove; string; bunch; skewer; classifier for things that are strung together, or in a bunch, or in a row: string of, bunch of, series of; to make a swift or abrupt linear movement (like a bead on an abacus); to move across","रस्सी, गिटार या वयोलिन का तार, श्रृंखला",40,1,"[""low_sense_coverage"", ""low_length_coverage""]"
3814,串串,hi,(coll.) skewers; barbecued food on sticks; (in Sichuan) Sichuan-style hotpot skewers (abbr. for 串串香[chuan4 chuan4 xiang1]); (coll.) non-pedigree pet (esp. dog or cat); mutt; mixed-breed cat,"आहार, भोजन, खाना",40,1,"[""low_sense_coverage"", ""low_length_coverage""]"
3825,串烧,hi,to cook on a skewer; barbecued food on a skewer; shish kebab; (fig.) to perform or play songs in sequence; sequence of songs; medley,"रसोइया, पकाना, कुक",40,1,"[""low_sense_coverage"", ""low_length_coverage""]"
3898,主,hi,owner; master; host; individual or party concerned; God; Lord; main; to indicate or signify; trump card (in card games),"मालिक, स्वामी, ख़ुदा",40,1,"[""low_sense_coverage"", ""low_length_coverage""]"
3967,主旋律,hi,(music) theme; principal melody; (fig.) central theme; main idea; (of a movie) created with the purpose of promoting Party values and point of view,"विषय, प्रसंग, थीम",40,1,"[""low_sense_coverage"", ""low_length_coverage""]"
4075,久慕,hi,lit. I've admired you for a long time (honorific).; I've been looking forward to meeting you.; It's an honor to meet you at last.,"आप, आपको, तुम",40,1,"[""low_sense_coverage"", ""low_length_coverage""]"
4099,幺,hi,"youngest; most junior; tiny; one (unambiguous spoken form when spelling out numbers, esp. on telephone or in military); one or ace on dice or dominoes; variant of 吆[yao1], to shout","अधिकांश, सर्वाधिक, मोस्ट",40,1,"[""low_sense_coverage"", ""low_length_coverage""]"
4120,之间,hi,"(after a noun) between; among; amid; (used after certain bisyllabic words to form expressions indicating a short period of time, e.g. 彈指之間|弹指之间[tan2 zhi3 zhi1 jian1])","के बीच, में",40,1,"[""low_sense_coverage"", ""low_length_coverage""]"
4131,乎,hi,"(classical particle similar to 於|于[yu2]) in; at; from; because; than; (classical final particle similar to 嗎|吗[ma5], 吧[ba5], 呢[ne5], expressing question, doubt or astonishment)","से, के यहाँ से, इससे",40,1,"[""low_sense_coverage"", ""low_length_coverage""]"
4205,乙,hi,"second of the ten Heavenly Stems 十天干[shi2 tian1 gan1]; second in order; letter ""B"" or Roman ""II"" in list ""A, B, C"", or ""I, II, III"" etc; second party (in legal contract, usually 乙方[yi3 fang1], as opposed to 甲方[jia3 fang1]); ethyl; bent; winding; radical in Chinese characters (Kangxi radical 5); ancient Chinese compass point: 105°","दूसरा, द्वितीय श्रेणी, द्वितीय",40,1,"[""low_sense_coverage"", ""low_length_coverage""]"
4296,九死一生,hi,nine deaths and still alive (idiom); a narrow escape; new lease of life,"नौ, नहला, नव",40,1,"[""low_sense_coverage"", ""low_length_coverage""]"
4342,也,hi,also; too; as well; (not ...) either; (used after a verbal or nominal expression X to indicate that X is an extreme or unexpected case) even (X); (literary) particle having functions similar to 啊[a5],"भी, हम",40,1,"[""low_sense_coverage"", ""low_length_coverage""]"
4348,也有今天,hi,(coll.) to get one's just deserts; to serve sb right; to get one's share of (good or bad things); every dog has its day,"मिलना, पहुँचना, समझना",40,1,"[""low_sense_coverage"", ""low_length_coverage""]"
4349,也罢,hi,(reduplicated) whether... or...; never mind; fine (indicating acceptance or resignation),"नहीं, कभी नहीं",40,1,"[""low_sense_coverage"", ""low_length_coverage""]"
4408,乳臭未干,hi,lit. smell of breast milk not yet dried (idiom); fig. immature and inexperienced; still wet behind the ears,"सूँघना, महकना, गन्ध",40,1,"[""low_sense_coverage"", ""low_length_coverage""]"
4431,乾,hi,"one of the Eight Trigrams 八卦[ba1 gua4], symbolizing heaven; male principle; ☰; ancient Chinese compass point: 315° (northwest)","एक, इक, इक्का",40,1,"[""low_sense_coverage"", ""low_length_coverage""]"
4433,干,hi,dry; dried food; empty; hollow; taken in to nominal kinship; adoptive; foster; futile; in vain; (dialect) rude; blunt; (dialect) to cold-shoulder,"सूखा, शुष्क, सूखना",40,1,"[""low_sense_coverage"", ""low_length_coverage""]"
4474,干燥,hi,"(of weather, climate, soil etc) dry; arid; (of skin, mouth etc) dry; (fig.) dull; dry; boring; (of timber etc) to dry out; to season; to cure","सूखा, शुष्क, सूखना",40,1,"[""low_sense_coverage"", ""low_length_coverage""]"
4503,干货,hi,"dried food (including dried fruits, mushrooms and seafoods such as shrimp and abalone); (fig.) (coll.) knowledge presented in readily assimilable form; just what you want to know: no more, no less (no padding 水分[shui3 fen4])","सूखी, शोषित, ख़ुश्क",40,1,"[""low_sense_coverage"", ""low_length_coverage""]"
4519,乱,hi,in confusion or disorder; in a confused state of mind; disorder; upheaval; riot; illicit sexual relations; to throw into disorder; to mix up; indiscriminate; random; arbitrary,"संभ्रम, भ्रम, गड़बड़",40,1,"[""low_sense_coverage"", ""low_length_coverage""]"
4572,了,hi,"to finish; (used with 得[de2] or 不[bu4] after a verb to express (im)possibility, as in 忘不了[wang4 bu5 liao3] ""cannot forget""); (literary) (usually followed by a negative such as 無|无[wu2] or 不[bu4]) completely (not); entirely (not); (not) in the least; to understand clearly (variant of 瞭|了[liao3])","पूर्ण करना, समाप्त करना, मार डालना",40,1,"[""low_sense_coverage"", ""low_length_coverage""]"
4584,了断,hi,to bring to a conclusion; to resolve (a dispute etc); to put an end to (once and for all); to break off (a relationship); to commit suicide; resolution (of a matter),"लाना, लाओ",40,1,"[""low_sense_coverage"", ""low_length_coverage""]"
4605,事不过三,hi,(idiom) a thing should not be attempted more than three times; don't repeat the same mistake again and again; (idiom) bad things don't happen more than three times,"वस्तु, कार्य, सामान",40,1,"[""low_sense_coverage"", ""low_length_coverage""]"
4617,事儿,hi,"one's employment; business; matter that needs to be settled; (northern dialect) (of a person) demanding; trying; troublesome; erhua variant of 事[shi4]; CL:件[jian4],樁|桩[zhuang1]","रोज़गार, रोजगार, नियुक्ति",40,1,"[""low_sense_coverage"", ""low_length_coverage""]"
4632,事在人为,hi,"the matter depends on the individual (idiom); it is a matter for your own effort; With effort, one can achieve anything.","विषय, द्रव्य, पदार्थ",40,1,"[""low_sense_coverage"", ""low_length_coverage""]"
4653,事业,hi,"undertaking; project; activity; (charitable, political or revolutionary) cause; publicly funded institution, enterprise or foundation; career; occupation; CL:個|个[ge4]","काम, व्यवसाय, क्रिया",40,1,"[""low_sense_coverage"", ""low_length_coverage""]"
4657,事业线,hi,(palmistry) fate line; career prospects line (running vertically up the palm to the base of the middle finger); (slang) cleavage,"भाग्य, तकदीर, क़िस्मत",40,1,"[""low_sense_coverage"", ""low_length_coverage""]"
4676,事关重大,hi,the implications are profound; the ramifications are huge; (of a decision etc) consequential,"हैं, गहरा, गहन",40,1,"[""low_sense_coverage"", ""low_length_coverage""]"
4680,二一添作五,hi,lit. one half equals zero point five (division rule in abacus reckoning); to share fairly between two parties; to go fifty-fifty,"एक, इक, इक्का",40,1,"[""low_sense_coverage"", ""low_length_coverage""]"
4729,二婚,hi,(coll.) (usu. of women in former times) to marry for a second time; second marriage; person who remarries,"विवाह करना, निकाह",40,1,"[""low_sense_coverage"", ""low_length_coverage""]"
4778,二毛子,hi,"lit. secondary foreigner; (derogatory term for Chinese Christians and others associated with foreigners, used at the time of the Boxer Rebellion); (coll.) westernized Chinese person; (derog.) person of mixed Chinese and Russian blood; (slang) Ukraine; German shepherd dog; (dialect) two-year-old goat","अमुख्य, दूसरे क्रम का, माध्यमिक",40,1,"[""low_sense_coverage"", ""low_length_coverage""]"
4844,二话不说,hi,(idiom) not saying anything further; not raising any objection; without demur,"नहीं, नही, ना",40,1,"[""low_sense_coverage"", ""low_length_coverage""]"
4888,二黄,hi,one of the two chief types of music in Chinese opera; Peking opera; also written 二簧[er4 huang2]; see also 西皮[xi1 pi2],"एक, इक, इक्का",40,1,"[""low_sense_coverage"", ""low_length_coverage""]"
4951,互通有无,hi,(idiom) mutual exchange of assistance; to benefit from each other's strengths and make up each other's shortfalls; to reciprocate with material assistance; to scratch each other's back,"पारस्परिक, आपसी, परस्पर",40,1,"[""low_sense_coverage"", ""low_length_coverage""]"
5013,五常,hi,"the five cardinal virtues in traditional Chinese ethics: benevolence 仁[ren2], justice 義|义[yi4], propriety 禮|礼[li3], wisdom 智[zhi4] and honor 信[xin4]; alternative term for 五倫|五伦[wu3 lun2], the five cardinal relationships; alternative term for 五行[wu3 xing2], the five elements","पाँच, पांच",40,1,"[""low_sense_coverage"", ""low_length_coverage""]"
5026,五方,hi,"the five regions: the east, south, west, north and center; all parts; China and the lands beyond its frontiers","पाँच, पांच",40,1,"[""low_sense_coverage"", ""low_length_coverage""]"
5037,五毛,hi,fifty cents (0.5 RMB); (fig.) paltry sum of money; (abbr. for 五毛黨|五毛党[wu3 mao2 dang3]) hired Internet commenter,"पचास, सेंट",40,1,"[""low_sense_coverage"", ""low_length_coverage""]"
5059,五谷,hi,"five crops, e.g. millet 粟[su4], soybean 豆[dou4], sesame 麻[ma2], barley 麥|麦[mai4], rice 稻[dao4] or other variants; all crops; all grains; oats, peas, beans and barley","पाँच, पांच",40,1,"[""low_sense_coverage"", ""low_length_coverage""]"
5091,五苓散,hi,wuling powder (decoction of poria mushroom used in TCM); poria five powder; Hoelen five powder; five ling powder,"चूर्ण, पाउडर, चूर",40,1,"[""low_sense_coverage"", ""low_length_coverage""]"
5335,亡羊补牢,hi,lit. to mend the pen after sheep are lost (idiom); fig. to act belatedly; better late than never; to lock the stable door after the horse has bolted,"ठीक करना, सीना, सिलाना",40,1,"[""low_sense_coverage"", ""low_length_coverage""]"
5345,交,hi,to hand over; to deliver; to pay (money); to turn over; to make friends; (of lines) to intersect; variant of 跤[jiao1],"हाथ, देना, हस्त",40,1,"[""low_sense_coverage"", ""low_length_coverage""]"
5393,交往,hi,to associate (with); to have contact (with); to hang out (with); to date; (interpersonal) relationship; association; contact,"सहयोग, उप, सहयोगी",40,1,"[""low_sense_coverage"", ""low_length_coverage""]"
5403,交拜,hi,to bow to one another; to kneel and kowtow to one another; formal kowtow as part of traditional wedding ceremony,"बो, कमान, झुकना",40,1,"[""low_sense_coverage"", ""low_length_coverage""]"
5504,交集,hi,(of diverse emotions) to occur simultaneously; to intermingle; common ground; points of commonality; overlap; connection; interaction; dealings; (math.) (set theory) intersection,"अस्तित्व में होना, घटना, सूझना",40,1,"[""low_sense_coverage"", ""low_length_coverage""]"
5525,亦称,hi,also known as; alternative name; to also be called,"भी, हम",40,1,"[""low_sense_coverage"", ""low_length_coverage""]"
5552,京,hi,"surname Jing; short name for Beijing 北京[Bei3 jing1]; Gin or Jing, ethnic minority of China, descendants of ethnic Vietnamese people living mainly in Guangxi; Kinh, the ethnic majority in Vietnam","कुल नाम, बेनाम, सरनेम",40,1,"[""low_sense_coverage"", ""low_length_coverage""]"
5603,亮,hi,bright; light; to shine; to flash; loud and clear; to show (one's passport etc); to make public (one's views etc),"चमकीला, तेज़, उज्जवल",40,1,"[""low_sense_coverage"", ""low_length_coverage""]"
5617,亮相,hi,"to strike a pose (Chinese opera); (fig.) to make a public appearance; to come out in public (revealing one's true personality, opinions etc); (of a product) to appear on the market or at a trade show etc","हड़ताल, ज़ोर से मारना, अचानक मारना",40,1,"[""low_sense_coverage"", ""low_length_coverage""]"
5644,人不可貌相,hi,"you can't judge a person by appearance (idiom); you can't judge a book by its cover; often in combination 人不可貌相，海水不可斗量[ren2 bu4 ke3 mao4 xiang4 , hai3 shui3 bu4 ke3 dou3 liang2]","आप, आपको, तुम",40,1,"[""low_sense_coverage"", ""low_length_coverage""]"
5661,人云亦云,hi,to say what everyone says (idiom); to conform to what one perceives to be the majority view; to follow the herd,"कहना, कहें, बोलो",40,1,"[""low_sense_coverage"", ""low_length_coverage""]"
5716,人多势众,hi,"many men, a great force (idiom); many hands provide great strength; There is safety in numbers.","अनेक, कई, बहुत",40,1,"[""low_sense_coverage"", ""low_length_coverage""]"
5732,人家,hi,"other people; sb else; he, she or they; I, me (referring to oneself as ""one"" or ""people"")","अन्य, दूसरा, और",40,1,"[""low_sense_coverage"", ""low_length_coverage""]"
5800,人有失手，马有失蹄,hi,"lit. just as humans make mistakes, so can a horse stumble (idiom); fig. everyone makes mistakes; even the best fall down sometimes","उचित, न्यायसंगत, ठीक",40,1,"[""low_sense_coverage"", ""low_length_coverage""]"
5899,人精,hi,sophisticate; man with extensive experience; child prodigy; Wunderkind (i.e. brilliant child); spirit within a person (i.e. blood and essential breath 血氣|血气 of TCM),"व्यवहार कुशल, मानव, नर",40,1,"[""low_sense_coverage"", ""low_length_coverage""]"
5906,人声鼎沸,hi,lit. a boiling cauldron of voices (idiom); hubbub; brouhaha,"खौलते, जोश",40,1,"[""low_sense_coverage"", ""low_length_coverage""]"
5927,人设,hi,"character design (in games, manga etc) (abbr. for 人物設定|人物设定[ren2 wu4 she4 ding4]); (fig.) public image; (esp. a deliberately crafted) persona","चिह्न, अक्षर, चरित्र",40,1,"[""low_sense_coverage"", ""low_length_coverage""]"
5957,人道,hi,"human sympathy; humanitarianism; humane; the ""human way"", one of the stages in the cycle of reincarnation (Buddhism); sexual intercourse","मानवीय, मानव, मनुष्य",40,1,"[""low_sense_coverage"", ""low_length_coverage""]"
5965,人间地狱,hi,hell on earth (idiom); suffering the torments of Buddhist hell while still alive; fig. having an uncomfortable time,"नरक, जहन्नुम, नर्क",40,1,"[""low_sense_coverage"", ""low_length_coverage""]"
6015,什么事,hi,"What's up?; Is something the matter?; (coll.) (used in rhetorical questions of the form 關|关[guan1] + {person} + 什麼事|什么事[shen2 me5 shi4] ""what business is it of {person}'s?; what's it to {person}?"")","कोई चीज़, कुछ, कुछ न कुछ",40,1,"[""low_sense_coverage"", ""low_length_coverage""]"
6060,仁义道德,hi,"compassion, duty, propriety and integrity (idiom); all the traditional virtues; mainly used sarcastically, to mean hypocritical","अनुकंपा, दया, करूणा",40,1,"[""low_sense_coverage"", ""low_length_coverage""]"
6169,他,hi,"(third-person singular) (since the early 20th century, usu. male) he; him; his; (bound form) other; another; some other (as in 他日[ta1 ri4] and 他人[ta1 ren2])","उसको, उससे, उसे",40,1,"[""low_sense_coverage"", ""low_length_coverage""]"
6179,他山之石可以攻玉,hi,lit. the other mountain's stone can polish jade (idiom); to improve oneself by accepting criticism from outside; to borrow talent from abroad to develop the nation effectively,"अन्य, दूसरा, और",40,1,"[""low_sense_coverage"", ""low_length_coverage""]"
562,一弹指顷,th,a snap of the fingers (idiom); in a flash; in the twinkling of an eye,snap,0,1,"[""low_sense_coverage"", ""low_length_coverage"", ""placeholder""]"
6272,仙药,th,legendary magic potion of immortals; panacea; fig. wonder solution to a problem,panacea,0,1,"[""low_sense_coverage"", ""low_length_coverage"", ""placeholder""]"
9649,催芽,th,to induce germination of seeds (e.g. by soaking in water); to encourage sprouting of tubers or cuttings (e.g. by applying warmth or chemicals),germination,0,1,"[""partial_sense_coverage"", ""low_length_coverage"", ""placeholder"", ""unexpected_script""]"
17085,南希,th,Nancy,nancy,0,0,"[""untranslated_copy"", ""placeholder""]"
18021,厌氧,th,anaerobic,anaerobic,0,0,"[""untranslated_copy"", ""placeholder"", ""unexpected_script""]"
18913,古根罕喷气推进研究中心,th,"Guggenheim Aeronautical Laboratory at the California Institute of Technology (GALCIT, from 1926); Guggenheim Jet Propulsion Center (from 1943)",aeronautical,0,1,"[""partial_sense_coverage"", ""low_length_coverage"", ""placeholder"", ""unexpected_script""]"
19257,可裂变,th,fissionable,fissionable,0,0,"[""untranslated_copy"", ""placeholder"", ""unexpected_script""]"
24488,国际米兰,th,FC Internazionale Milano (football club); abbr. for 國際米蘭足球俱樂部|国际米兰足球俱乐部[Guo2 ji4 Mi3 lan2 Zu2 qiu2 Ju4 le4 bu4],internazionale,0,1,"[""partial_sense_coverage"", ""low_length_coverage"", ""placeholder"", ""unexpected_script""]"
24490,国际米兰队,th,FC Internazionale Milano (football club); abbr. for 國際米蘭足球俱樂部|国际米兰足球俱乐部[Guo2 ji4 Mi3 lan2 Zu2 qiu2 Ju4 le4 bu4],internazionale,0,1,"[""partial_sense_coverage"", ""low_length_coverage"", ""placeholder"", ""unexpected_script""]"
24549,围产,th,perinatal,perinatal,0,0,"[""untranslated_copy"", ""placeholder"", ""unexpected_script""]"
38225,序号,th,ordinal number; serial number; sequence number,ordinal,0,1,"[""low_sense_coverage"", ""low_length_coverage"", ""placeholder""]"
39467,弹指,th,to snap one's fingers; (fig.) in a flash; in an instant,snap,0,1,"[""low_sense_coverage"", ""low_length_coverage"", ""placeholder""]"
45310,抄底,th,(finance) to snap up undervalued stocks; bargain-hunting; bottom-fishing,snap,0,1,"[""low_sense_coverage"", ""low_length_coverage"", ""placeholder""]"
45943,拈指,th,a snap of the fingers; a short moment; in a flash; in the twinkling of an eye,snap,0,1,"[""low_sense_coverage"", ""low_length_coverage"", ""placeholder""]"
54173,历书,th,almanac,almanac,0,0,"[""untranslated_copy"", ""placeholder""]"
56429,松下,th,"Matsushita (name); Panasonic (brand), abbr. for 松下電器|松下电器[Song1 xia4 Dian4 qi4]",panasonic,0,1,"[""partial_sense_coverage"", ""low_length_coverage"", ""placeholder"", ""unexpected_script""]"
59523,横向,th,horizontal; orthogonal; perpendicular; lateral; crosswise,orthogonal,0,1,"[""low_sense_coverage"", ""low_length_coverage"", ""placeholder"", ""unexpected_script""]"
59595,横纲,th,yokozuna,yokozuna,0,0,"[""untranslated_copy"", ""placeholder"", ""unexpected_script""]"
60600,武士刀,th,katana,katana,0,0,"[""untranslated_copy"", ""placeholder""]"
65204,海啸,th,tsunami,tsunami,0,0,"[""untranslated_copy"", ""placeholder""]"
67026,准决赛,th,semifinal,semifinal,0,0,"[""untranslated_copy"", ""placeholder"", ""unexpected_script""]"
69894,无氧,th,anaerobic,anaerobic,0,0,"[""untranslated_copy"", ""placeholder"", ""unexpected_script""]"
79535,硫氰酸盐,th,thiocyanate,thiocyanate,0,0,"[""untranslated_copy"", ""placeholder"", ""unexpected_script""]"
82128,突触后,th,postsynaptic,postsynaptic,0,0,"[""untranslated_copy"", ""placeholder"", ""unexpected_script""]"
89124,圣药,th,panacea,panacea,0,0,"[""untranslated_copy"", ""placeholder""]"
92712,良药,th,good medicine; panacea; fig. a good solution; a good remedy (e.g. to a social problem),panacea,0,1,"[""low_sense_coverage"", ""low_length_coverage"", ""placeholder""]"
94666,万应灵丹,th,panacea,panacea,0,0,"[""untranslated_copy"", ""placeholder""]"
94882,叶卡捷琳娜,th,"Yekaterina or Ekaterina (name); Catherine the Great or Catherine the Second (1684-1727), Empress of Russia",ekaterina,0,1,"[""partial_sense_coverage"", ""low_length_coverage"", ""placeholder"", ""unexpected_script""]"
98925,复赛,th,(sports) semifinal or quarterfinal; to compete in a semifinal (or a quarterfinal),semifinal,0,1,"[""partial_sense_coverage"", ""low_length_coverage"", ""placeholder"", ""unexpected_script""]"
107581,通书,th,almanac,almanac,0,0,"[""untranslated_copy"", ""placeholder""]"
112436,𫔍,th,vanadium,vanadium,0,0,"[""untranslated_copy"", ""placeholder"", ""unexpected_script""]"
115259,隔年皇历,th,lit. almanac from years back (idiom); obsolete practice; old-fashioned principle,almanac,0,1,"[""low_sense_coverage"", ""low_length_coverage"", ""placeholder""]"
115590,雄风,th,vigor; virility; dynamism; (literary) powerful wind,dynamism,0,1,"[""low_sense_coverage"", ""low_length_coverage"", ""placeholder"", ""unexpected_script""]"
117314,灵丹妙药,th,"effective cure, miracle medicine (idiom); fig. wonder-cure for all problems; panacea; elixir",panacea,0,1,"[""low_sense_coverage"", ""low_length_coverage"", ""placeholder""]"
117371,灵药,th,legendary magic potion of immortals; panacea; fig. wonder solution to a problem,panacea,0,1,"[""low_sense_coverage"", ""low_length_coverage"", ""placeholder""]"
122903,鹆,th,mynah,mynah,0,0,"[""untranslated_copy"", ""placeholder""]"
17107,南昌市,th,"Nanchang, prefecture-level city and capital of Jiangxi Province 江西省[Jiang1 xi1 Sheng3]",nanchang,5,1,"[""low_length_coverage"", ""placeholder"", ""unexpected_script""]"
17108,南昌县,th,"Nanchang, a county in Nanchang City 南昌市[Nan2 chang1 Shi4], Jiangxi",nanchang,5,1,"[""low_length_coverage"", ""placeholder"", ""unexpected_script""]"
17109,南昌起义,th,"Nanchang Uprising, 1st August 1927, the beginning of military revolt by the Communists in the Chinese Civil War",nanchang,5,1,"[""low_length_coverage"", ""placeholder"", ""unexpected_script""]"
22803,单抗,th,(immunology) monoclonal antibody (abbr. for 單克隆抗體|单克隆抗体[dan1 ke4 long2 kang4 ti3]),monoclonal,5,1,"[""low_length_coverage"", ""placeholder"", ""unexpected_script""]"
24496,国际航空联合会,th,"Fédération Aéronautique Internationale (FAI), world body of gliding and aeronautic sports",aéronautique,5,1,"[""low_length_coverage"", ""placeholder"", ""unexpected_script""]"
56430,松下公司,th,Panasonic Corporation (formerly Matsushita Electric Industrial Co.),panasonic,5,1,"[""low_length_coverage"", ""placeholder"", ""unexpected_script""]"
56431,松下电器,th,Panasonic Corporation (formerly Matsushita Electric Industrial Co.),panasonic,5,1,"[""low_length_coverage"", ""placeholder"", ""unexpected_script""]"
83768,米开朗基罗,th,"Michelangelo Buonarroti (1475-1564), Renaissance painter and sculptor",buonarroti,5,1,"[""low_length_coverage"", ""placeholder"", ""unexpected_script""]"
84731,纳扎尔巴耶夫,th,"Nursultan Nazarbayev (1940-), president of Kazakhstan 1990-2019",nazarbayev,5,1,"[""low_length_coverage"", ""placeholder"", ""unexpected_script""]"
5040,五氧化二钒,th,Vanadium pentoxide V2O5; vanadic anhydride,vanadium,10,1,"[""partial_sense_coverage"", ""placeholder"", ""unexpected_script""]"
11334,全会,th,plenary session (at a conference); CL:屆|届[jie4],plenary,10,1,"[""partial_sense_coverage"", ""low_length_coverage"", ""placeholder""]"
18077,去甲肾上腺素,th,(biochemistry) norepinephrine; noradrenaline,noradrenaline,10,1,"[""partial_sense_coverage"", ""placeholder"", ""unexpected_script""]"
24243,国安,th,national security (abbr. for 國家安全|国家安全[guo2 jia1 an1 quan2]); national security act; state security agency,national; ชาติ,10,1,"[""partial_sense_coverage"", ""low_length_coverage"", ""placeholder""]"
24337,国服,th,national dress; traditional attire; (Internet gaming) domestic gaming server; (esp.) Chinese server (abbr. for 國內服務器|国内服务器[guo2 nei4 fu2 wu4 qi4]),national; ชาติ,10,1,"[""partial_sense_coverage"", ""low_length_coverage"", ""placeholder""]"
25057,地方主义,th,regionalism; favoring one's local region,regionalism,10,1,"[""partial_sense_coverage"", ""placeholder"", ""unexpected_script""]"
26424,埙,th,ocarina; wind instrument consisting of an egg-shaped chamber with holes,ocarina,10,1,"[""partial_sense_coverage"", ""low_length_coverage"", ""placeholder""]"
27487,多那太罗,th,"Donatello (c. 1386-1466); Donato di Niccolò di Betto Bardi, famous early Renaissance painter and sculptor",donato,10,1,"[""partial_sense_coverage"", ""low_length_coverage"", ""placeholder""]"
29766,奥纳西斯,th,"Onassis (name); Aristotle Onassis (1906-1975), Greek shipping magnate",onassis,10,1,"[""partial_sense_coverage"", ""low_length_coverage"", ""placeholder""]"
33072,密宗,th,Vajrayana; Tantric Buddhism,vajrayana,10,1,"[""partial_sense_coverage"", ""placeholder"", ""unexpected_script""]"
36265,川普,th,Donald Trump (informal alternative to 特朗普[Te4 lang3 pu3]); (linguistics) Sichuan-accented Mandarin (abbr. for 四川普通話|四川普通话[Si4 chuan1 Pu3 tong1 hua4]),donald,10,1,"[""partial_sense_coverage"", ""low_length_coverage"", ""placeholder""]"
45411,抓拍,th,to capture (an image); to snap (a photo),snap,10,1,"[""partial_sense_coverage"", ""low_length_coverage"", ""placeholder""]"
55306,朝气,th,vitality; dynamism,dynamism,10,1,"[""partial_sense_coverage"", ""placeholder"", ""unexpected_script""]"
55516,未删节版,th,unabridged edition; uncut edition,unabridged,10,1,"[""partial_sense_coverage"", ""placeholder"", ""unexpected_script""]"
60033,钦奈,th,"Chennai, capital of southeast Indian state Tamil Nadu 泰米爾納德邦|泰米尔纳德邦[Tai4 mi3 er3 Na4 de2 bang1]; formerly called Madras 馬德拉斯|马德拉斯[Ma3 de2 la1 si1]",chennai,10,1,"[""partial_sense_coverage"", ""low_length_coverage"", ""placeholder""]"
84722,纳吉布,th,"Mohamed Naguib (1901–1984), first president of the Republic of Egypt; Najib Razak (1953–), Malaysian politician, prime minister 2009–2018",naguib,10,1,"[""partial_sense_coverage"", ""low_length_coverage"", ""placeholder""]"
84770,纳赛尔,th,"Nasr or Nasser (Arab name); Gamal Abdel Nasser (1918-1970), Egyptian President",nasser,10,1,"[""partial_sense_coverage"", ""low_length_coverage"", ""placeholder""]"
85328,组合数学,th,combinatorial mathematics; combinatorics,combinatorial,10,1,"[""partial_sense_coverage"", ""placeholder"", ""unexpected_script""]"
87585,罗纳尔多,th,"Ronaldo (name); Cristiano Ronaldo (1985-), Portuguese soccer player",ronaldo,10,1,"[""partial_sense_coverage"", ""low_length_coverage"", ""placeholder""]"
87789,美宇航局,th,US National Aeronautics and Space Administration; NASA; abbr. for 美國宇航局|美国宇航局,nasa; นาซา,10,1,"[""partial_sense_coverage"", ""low_length_coverage"", ""placeholder""]"
89162,聘问,th,international exchange of visits; to visit as envoy; to visit as family representative for purpose of marriage arrangement (traditional culture),international; นานาชาติ,10,1,"[""partial_sense_coverage"", ""low_length_coverage"", ""placeholder""]"
91720,自然而然,th,(idiom) natural; unforced; (idiom) naturally; as a matter of course; in the natural course of things,natural; ธรรมชาติ,10,1,"[""partial_sense_coverage"", ""low_length_coverage"", ""placeholder""]"
94483,烟酰胺,th,nicotinamide; niacinamide,nicotinamide,10,1,"[""partial_sense_coverage"", ""placeholder"", ""unexpected_script""]"
94484,烟醯胺,th,(Tw) nicotinamide; niacinamide,nicotinamide,10,1,"[""partial_sense_coverage"", ""placeholder"", ""unexpected_script""]"
94488,烟碱醯胺,th,(Tw) nicotinamide; niacinamide,nicotinamide,10,1,"[""partial_sense_coverage"", ""placeholder"", ""unexpected_script""]"
98145,冲劲,th,dynamism; drive,dynamism,10,1,"[""partial_sense_coverage"", ""placeholder"", ""unexpected_script""]"
101852,谢里夫,th,"Sharif (name); Nawaz Sharif (1949-), Pakistani politician",nawaz,10,1,"[""partial_sense_coverage"", ""low_length_coverage"", ""placeholder""]"
104670,足本,th,unabridged; complete book,unabridged,10,1,"[""partial_sense_coverage"", ""placeholder"", ""unexpected_script""]"
111232,钉,th,nail; to follow closely; to keep at sb (to do sth); variant of 盯[ding1],nail; เล็บ,10,1,"[""partial_sense_coverage"", ""low_length_coverage"", ""placeholder""]"
111233,钉,th,to join things together by fixing them in place at one or more points; to nail; to pin; to staple; to sew on,nail; เล็บ,10,1,"[""partial_sense_coverage"", ""low_length_coverage"", ""placeholder""]"
111236,钉是钉，铆是铆,th,lit. a nail is a nail and a rivet is a rivet (idiom); fig. meticulous; conscientious; unambiguous,nail; เล็บ,10,1,"[""partial_sense_coverage"", ""low_length_coverage"", ""placeholder""]"
111241,钉死,th,to nail securely; to execute by means of impalement; to crucify,nail; เล็บ,10,1,"[""partial_sense_coverage"", ""low_length_coverage"", ""placeholder""]"
1531,三项,th,"three items; three events; three terms; tri-; trinomial, ternary (math.); triathlon (abbr. for 三項全能|三项全能)",trinomial,15,1,"[""low_sense_coverage"", ""low_length_coverage"", ""unexpected_script""]"
5382,交大,th,Jiaotong University; University of Communications; abbr. of 交通大學|交通大学[Jiao1 tong1 Da4 xue2],jiaotong,15,1,"[""low_sense_coverage"", ""low_length_coverage"", ""unexpected_script""]"
6821,伎,th,artistry; talent; skill; (in ancient times) female entertainer,artistry,15,1,"[""low_sense_coverage"", ""low_length_coverage"", ""unexpected_script""]"
9694,传出,th,to transmit outwards; to disseminate; efferent (nerve),efferent,15,1,"[""low_sense_coverage"", ""low_length_coverage"", ""unexpected_script""]"
9695,传出神经,th,efferent nerve (transmitting out from the brain); efferent neuron; motor nerve,efferent,15,1,"[""low_sense_coverage"", ""low_length_coverage"", ""unexpected_script""]"
11480,两性,th,"male and female; both types (acid and alkaline, positive and negative etc); (chemistry) amphoteric",amphoteric,15,1,"[""low_sense_coverage"", ""low_length_coverage"", ""unexpected_script""]"
14523,前身,th,forerunner; predecessor; precursor; previous incarnation (Buddhism); jacket front,forerunner,15,1,"[""low_sense_coverage"", ""low_length_coverage"", ""unexpected_script""]"
14771,割据,th,to set up an independent regime; to secede; segmentation; division; fragmentation,segmentation,15,1,"[""low_sense_coverage"", ""low_length_coverage"", ""unexpected_script""]"
15921,勾连,th,to be linked together; to be involved with; to collude; interconnection; involvement; collusion,interconnection,15,1,"[""low_sense_coverage"", ""low_length_coverage"", ""unexpected_script""]"
16506,区隔,th,to mark off; interval; segment (e.g. of market); compartment; segmentation,segmentation,15,1,"[""low_sense_coverage"", ""low_length_coverage"", ""unexpected_script""]"
16987,协商会议,th,consultative conference (political venue during early communist rule); consultative meeting; deliberative assembly,consultative,15,1,"[""low_sense_coverage"", ""low_length_coverage"", ""unexpected_script""]"
17457,卡拉季奇,th,"Karadžić (Serbian surname); Radovan Karadžić (1945–), former Bosnian Serb leader, convicted war criminal; Vuk Karadžić (1787–1864), Serbian linguist",karadžić,15,1,"[""low_sense_coverage"", ""low_length_coverage"", ""unexpected_script""]"
17899,原味,th,authentic taste; plain cooked; natural flavor (without spices and seasonings),authentic,15,1,"[""low_sense_coverage"", ""low_length_coverage"", ""unexpected_script""]"
22700,丧门星,th,messenger of death; person bringing bad luck; Taiwan pr. [sang1 men2 xing1],messenger,15,1,"[""low_sense_coverage"", ""low_length_coverage"", ""unexpected_script""]"
33138,密集,th,concentrated; crowded together; intensive; compressed,intensive,15,1,"[""low_sense_coverage"", ""low_length_coverage"", ""unexpected_script""]"
36656,差分,th,(math.) increment; difference; (engineering) differential,increment,15,1,"[""low_sense_coverage"", ""low_length_coverage"", ""unexpected_script""]"
37349,师范,th,"teacher-training; pedagogical; normal (school, e.g. Beijing Normal University)",pedagogical,15,1,"[""low_sense_coverage"", ""low_length_coverage"", ""unexpected_script""]"
39972,后天,th,"the day after tomorrow; life after birth (the period in which one develops through experiences, contrasted with 先天[xian1 tian1]); acquired (not innate or congenital); a posteriori",posteriori,15,1,"[""low_sense_coverage"", ""low_length_coverage"", ""unexpected_script""]"
41431,思潮,th,tide of thought; way of thinking characteristic of a historical period; Zeitgeist,zeitgeist,15,1,"[""low_sense_coverage"", ""low_length_coverage"", ""unexpected_script""]"
42848,感性,th,perception; perceptual; sensibility; sensitive; emotional; sentimental,perceptual,15,1,"[""low_sense_coverage"", ""low_length_coverage"", ""unexpected_script""]"
43495,懒音,th,(linguistics) phonological reduction; lazy pronunciation; allegro speech,phonological,15,1,"[""low_sense_coverage"", ""low_length_coverage"", ""unexpected_script""]"
45624,折射,th,to refract; refraction; to reflect (in the figurative sense: to show the nature of),refraction,15,1,"[""low_sense_coverage"", ""low_length_coverage"", ""unexpected_script""]"
48696,搬砖砸脚,th,to hurt oneself by one's own doing; to boomerang; to shoot oneself in the foot (idiom),boomerang,15,1,"[""low_sense_coverage"", ""low_length_coverage"", ""unexpected_script""]"
50207,改装,th,to change one's costume; to repackage; to remodel; to refit; to modify; to convert,repackage,15,1,"[""low_sense_coverage"", ""low_length_coverage"", ""unexpected_script""]"
50435,政教合一,th,union of religious and political rule; theocracy; Caesaropapism,theocracy,15,1,"[""low_sense_coverage"", ""low_length_coverage"", ""unexpected_script""]"
51289,文学士,th,Bachelor of Arts; B.A.; BA; A.B.; Artium Baccalaureus,bachelor,15,1,"[""low_sense_coverage"", ""low_length_coverage"", ""unexpected_script""]"
52451,旗瓣,th,(botany) vexillum; banner petal; standard petal (of a papilionaceous flower),vexillum,15,1,"[""low_sense_coverage"", ""low_length_coverage"", ""unexpected_script""]"
52455,旗号,th,"military banner (often used figuratively, usually pejoratively, to mean ""pretext"" or ""ostensible purpose""); flag signal; semaphore",semaphore,15,1,"[""low_sense_coverage"", ""low_length_coverage"", ""unexpected_script""]"
56383,东乡,th,Dongxiang ethnic group; see 東鄉族自治縣|东乡族自治县[Dong1 xiang1 zu2 Zi4 zhi4 xian4]; see 東鄉區|东乡区[Dong1 xiang1 Qu1],dongxiang,15,1,"[""low_sense_coverage"", ""low_length_coverage"", ""unexpected_script""]"
56863,柏崎,th,"Kashiwazaki (Japanese surname); Kashiwazaki, town in Niigata prefecture, Japan; Kashiwazaki, title of a Noh play",kashiwazaki,15,1,"[""low_sense_coverage"", ""low_length_coverage"", ""unexpected_script""]"
60355,正宗,th,orthodox school; fig. traditional; old school; authentic; genuine,authentic,15,1,"[""low_sense_coverage"", ""low_length_coverage"", ""unexpected_script""]"
60436,正统,th,orthodoxy; tradition; orthodox; traditional; principles of dynastic succession; (of an heir) legitimate,orthodoxy,15,1,"[""low_sense_coverage"", ""low_length_coverage"", ""unexpected_script""]"
68197,潮州,th,"see 潮州市[Chao2 zhou1 Shi4]; see 潮州鎮|潮州镇[Chao2 zhou1 Zhen4]; Chaozhou, variant of Minnan dialect 閩南語|闽南语[Min3 nan2 yu3] spoken in east Guangdong",chaozhou,15,1,"[""low_sense_coverage"", ""low_length_coverage"", ""unexpected_script""]"
72977,王道,th,the Way of the King; statecraft; benevolent rule; virtuous as opposed to the Way of Hegemon 霸道,statecraft,15,1,"[""low_sense_coverage"", ""low_length_coverage"", ""unexpected_script""]"
75661,病机,th,interpretation of the cause; onset and process of an illness; pathogenesis,pathogenesis,15,1,"[""low_sense_coverage"", ""low_length_coverage"", ""unexpected_script""]"
75833,瘀,th,hematoma (internal blood clot); extravasated blood (spilt into surrounding tissue); contusion,hematoma,15,1,"[""low_sense_coverage"", ""low_length_coverage"", ""unexpected_script""]"
79838,确凿,th,definite; conclusive; undeniable; authentic; also pr. [que4 zuo4],authentic,15,1,"[""low_sense_coverage"", ""low_length_coverage"", ""unexpected_script""]"
82949,笔录,th,to put down in writing; to take down notes; transcript; record,transcript,15,1,"[""low_sense_coverage"", ""low_length_coverage"", ""unexpected_script""]"
83024,筋骨,th,muscles and bones; physique; strength; courage,physique,15,1,"[""low_sense_coverage"", ""low_length_coverage"", ""unexpected_script""]"
84305,纪年,th,to number the years; calendar era; annals; chronicle,chronicle,15,1,"[""low_sense_coverage"", ""low_length_coverage"", ""unexpected_script""]"
87571,罗生门,th,"Rashomon, Japanese novel and movie; (fig.) situation where conflicting interpretations of the same event obscure the truth; unsolvable case",rashomon,15,1,"[""low_sense_coverage"", ""low_length_coverage"", ""unexpected_script""]"
88331,翻腾,th,"(of water, waves, emotions etc) to churn; to surge; to seethe; to somersault; to tumble; to flip; to rummage; to turn things over repeatedly",somersault,15,1,"[""low_sense_coverage"", ""low_length_coverage"", ""unexpected_script""]"
88903,耳膜,th,eardrum; tympanum (of the middle ear); tympanic membrane,tympanum,15,1,"[""low_sense_coverage"", ""low_length_coverage"", ""unexpected_script""]"
88920,耳鼓,th,eardrum; tympanum (of the middle ear); tympanic membrane,tympanum,15,1,"[""low_sense_coverage"", ""low_length_coverage"", ""unexpected_script""]"
89306,联播,th,to broadcast over a network; (radio or TV) hookup; simulcast,simulcast,15,1,"[""low_sense_coverage"", ""low_length_coverage"", ""unexpected_script""]"
94487,烟碱酸,th,niacin (vitamin B3); nicotinic acid; Pyridine-3-carboxylic acid C6H5NO2,nicotinic,15,1,"[""low_sense_coverage"", ""low_length_coverage"", ""unexpected_script""]"
95529,蔚,th,Artemisia japonica; luxuriant; resplendent; impressive,artemisia,15,1,"[""low_sense_coverage"", ""low_length_coverage"", ""unexpected_script""]"
102584,象形,th,pictogram; one of the Six Methods 六書|六书 of forming Chinese characters; Chinese character derived from a picture; sometimes called hieroglyph,pictogram,15,1,"[""low_sense_coverage"", ""low_length_coverage"", ""unexpected_script""]"
102585,象形字,th,pictogram (one of the Six Methods 六書|六书 of forming Chinese characters); Chinese character derived from a picture; sometimes called hieroglyph,pictogram,15,1,"[""low_sense_coverage"", ""low_length_coverage"", ""unexpected_script""]"
106283,转位,th,transposition; displacement; inversion; translocation; to displace; to transpose,transpose,15,1,"[""low_sense_coverage"", ""low_length_coverage"", ""unexpected_script""]"
115240,阶梯计价,th,volumetric pricing; tiered pricing; differential pricing,volumetric,15,1,"[""low_sense_coverage"", ""low_length_coverage"", ""unexpected_script""]"
116132,杂记,th,various notes or records; a miscellany; scattered jottings,miscellany,15,1,"[""low_sense_coverage"", ""low_length_coverage"", ""unexpected_script""]"
118219,音译,th,"transliteration (rendering phonetic value, e.g. of English words in Chinese characters); characters giving phonetic value of Chinese word or name (when the correct characters may be unknown); transcription (linguistics); to transcribe phonetic symbols",transliteration,15,1,"[""low_sense_coverage"", ""low_length_coverage"", ""unexpected_script""]"
119715,饲养员,th,"zookeeper; stockman; breeder (of livestock, dogs or poultry etc)",stockman,15,1,"[""low_sense_coverage"", ""low_length_coverage"", ""unexpected_script""]"
121187,骨力,th,(Chinese calligraphy) vigor of brushstrokes; fortitude; toughness; spine,toughness,15,1,"[""low_sense_coverage"", ""low_length_coverage"", ""unexpected_script""]"
123885,黏米,th,glutinous rice; sticky rice; (dialect) broomcorn millet,glutinous,15,1,"[""low_sense_coverage"", ""low_length_coverage"", ""unexpected_script""]"
114,ins,th,Instagram,instagram,20,0,"[""untranslated_copy"", ""unexpected_script""]"
210,㧯,th,round-bottomed wicker basket; (dialect) to lift; to carry on one's shoulder,ยก,20,1,"[""low_sense_coverage"", ""too_short""]"
361,一事无成,th,(idiom) to have achieved nothing; to be a total failure; to get nowhere,มี,20,1,"[""low_sense_coverage"", ""too_short""]"
510,一字不差,th,(idiom) word for word; verbatim; without a single mistake or omission,คำ,20,1,"[""low_sense_coverage"", ""too_short""]"
703,一决雌雄,th,to have a showdown; to fight for mastery; to compete for a championship,มี,20,1,"[""low_sense_coverage"", ""too_short""]"
1205,三价,th,trivalent,trivalent,20,0,"[""untranslated_copy"", ""unexpected_script""]"
1312,三旬九食,th,lit. to have only nine meals in thirty days (idiom); fig. (of a family) on the brink of starvation; in dire straits,มี,20,1,"[""low_sense_coverage"", ""too_short""]"
1633,上天无路，入地无门,th,"lit. there is no road to the sky, nor door into the earth (idiom); fig. to be at the end of one's rope; to be trapped in a hopeless situation",มี,20,1,"[""low_sense_coverage"", ""too_short""]"
2399,不定词,th,infinitive,infinitive,20,0,"[""untranslated_copy"", ""unexpected_script""]"
2442,不得不,th,have no choice or option but to; cannot but; have to; can't help it; can't avoid,มี,20,1,"[""low_sense_coverage"", ""too_short""]"
2711,不知痛痒,th,numb; unfeeling; indifferent; inconsequential,ชา,20,1,"[""low_sense_coverage"", ""too_short""]"
2817,不见了,th,to have disappeared; to be missing; nowhere to be found,มี,20,1,"[""low_sense_coverage"", ""too_short""]"
2921,不遑多让,th,lit. to have no time for civilities (idiom); fig. not to be outdone; not to yield to one's opponents,มี,20,1,"[""low_sense_coverage"", ""too_short""]"
2958,不饱和,th,unsaturated,unsaturated,20,0,"[""untranslated_copy"", ""unexpected_script""]"
3573,中板,th,moderato,moderato,20,0,"[""untranslated_copy"", ""unexpected_script""]"
3938,主席团,th,presidium,presidium,20,0,"[""untranslated_copy"", ""unexpected_script""]"
4358,乳,th,(bound form) breast; (bound form) milk; (bound form) newborn; suckling,อก,20,1,"[""low_sense_coverage"", ""too_short""]"
4364,乳化剂,th,emulsifier,emulsifier,20,0,"[""untranslated_copy"", ""unexpected_script""]"
4374,乳杆菌,th,lactobacillus,lactobacillus,20,0,"[""untranslated_copy"", ""unexpected_script""]"
4415,乳酪蛋糕,th,cheesecake,cheesecake,20,0,"[""untranslated_copy"", ""unexpected_script""]"
4420,乳头瘤,th,papilloma,papilloma,20,0,"[""untranslated_copy"", ""unexpected_script""]"
4584,了断,th,to bring to a conclusion; to resolve (a dispute etc); to put an end to (once and for all); to break off (a relationship); to commit suicide; resolution (of a matter),นำ,20,1,"[""low_sense_coverage"", ""too_short""]"
4952,互连,th,interconnection,interconnection,20,0,"[""untranslated_copy"", ""unexpected_script""]"
5377,交合,th,to join; to meet; to copulate; sexual intercourse,พบ,20,1,"[""low_sense_coverage"", ""too_short""]"
5404,交接,th,(of two things) to come into contact; to meet; to hand over to; to take over from; to associate with; to have friendly relations with; to have sexual intercourse,พบ,20,1,"[""low_sense_coverage"", ""too_short""]"
5428,交会,th,to encounter; to rendezvous; to converge; to meet (a payment),พบ,20,1,"[""low_sense_coverage"", ""too_short""]"
5691,人口学,th,demography,demography,20,0,"[""untranslated_copy"", ""unexpected_script""]"
6116,今朝有酒今朝醉,th,to live in the moment (idiom); to live every day as if it were one's last; to enjoy while one can,สด,20,1,"[""low_sense_coverage"", ""too_short""]"
7085,伫,th,to stand for a long time; to wait; to look forward to; to accumulate,รอ,20,1,"[""low_sense_coverage"", ""too_short""]"
7437,作废,th,to become invalid; to cancel; to delete; to nullify,ลบ,20,1,"[""low_sense_coverage"", ""too_short""]"
7671,来往,th,to come and go; to have dealings with; to be in relation with,มา,20,1,"[""low_sense_coverage"", ""too_short""]"
7672,来得,th,to emerge (from a comparison); to come out as; to be competent or equal to,มา,20,1,"[""low_sense_coverage"", ""too_short""]"
7673,来得及,th,to have enough time; can do it in time; can still make it,มี,20,1,"[""low_sense_coverage"", ""too_short""]"
8301,信差,th,messenger,messenger,20,0,"[""untranslated_copy"", ""unexpected_script""]"
8411,修正主义,th,revisionism,revisionism,20,0,"[""untranslated_copy"", ""unexpected_script""]"
8743,候,th,to wait; to inquire after; to watch; season; climate; (old) period of five days,รอ,20,1,"[""low_sense_coverage"", ""too_short""]"
9464,伪代码,th,pseudocode,pseudocode,20,0,"[""untranslated_copy"", ""unexpected_script""]"
9553,傒,th,(old) native of Jiangxi 江西[Jiang1 xi1]; to wait; servant; path,รอ,20,1,"[""low_sense_coverage"", ""too_short""]"
9691,传来,th,(of a sound) to come through; to be heard; (of news) to arrive,มา,20,1,"[""low_sense_coverage"", ""too_short""]"
9927,倾吐,th,to pour out (emotions); to unburden oneself (of strong feelings); to vomit comprehensively,เท,20,1,"[""low_sense_coverage"", ""too_short""]"
9929,倾吐衷肠,th,to pour out (emotions); to pour one's heart out; to say everything that is on one's mind,เท,20,1,"[""low_sense_coverage"", ""too_short""]"
10542,先行者,th,forerunner,forerunner,20,0,"[""untranslated_copy"", ""unexpected_script""]"
10575,光刻,th,photolithography,photolithography,20,1,"[""untranslated_copy"", ""unexpected_script""]"
10617,光敏,th,photosensitive,photosensitive,20,0,"[""untranslated_copy"", ""unexpected_script""]"
10719,光电,th,photoelectric,photoelectric,20,0,"[""untranslated_copy"", ""unexpected_script""]"
10726,光头党,th,skinheads,skinheads,20,0,"[""untranslated_copy"", ""unexpected_script""]"
10741,克利夫兰,th,Cleveland,cleveland,20,0,"[""untranslated_copy"", ""unexpected_script""]"
10767,克拉斯诺亚尔斯克,th,Krasnoyarsk,krasnoyarsk,20,0,"[""untranslated_copy"", ""unexpected_script""]"
11184,内线,th,inside source; mole; insider; inside information; insider connections; (military) interior lines; internal telephone line,ไฝ,20,1,"[""low_sense_coverage"", ""too_short""]"
11249,内鬼,th,mole; spy; rat; traitor,ไฝ,20,1,"[""low_sense_coverage"", ""too_short""]"
11311,全息,th,holographic,holographic,20,0,"[""untranslated_copy"", ""unexpected_script""]"
11603,八字没一撇,th,lit. there is not even the first stroke of the character 八[ba1] (idiom); fig. things have not even begun to take shape; no sign of success yet,มี,20,1,"[""low_sense_coverage"", ""too_short""]"
11607,八字还没一撇儿,th,lit. there is not even the first stroke of the character 八[ba1] (idiom); fig. things have not even begun to take shape; no sign of success yet,มี,20,1,"[""low_sense_coverage"", ""too_short""]"
11720,公休,th,"to have a public holiday; to have an official holiday; (Tw) (of a business establishment) to be closed regularly on certain days, as determined by a trade association",มี,20,1,"[""low_sense_coverage"", ""too_short""]"
11997,六价,th,hexavalent,hexavalent,20,0,"[""untranslated_copy"", ""unexpected_script""]"
12233,具备,th,to possess; to have; equipped with; able to fulfill (conditions or requirements),มี,20,1,"[""low_sense_coverage"", ""too_short""]"
12710,冶金,th,metallurgy,metallurgy,20,0,"[""untranslated_copy"", ""unexpected_script""]"
12711,冶金学,th,metallurgy,metallurgy,20,0,"[""untranslated_copy"", ""unexpected_script""]"
12904,凝液,th,condensate,condensate,20,0,"[""untranslated_copy"", ""unexpected_script""]"
12923,凝血酶原,th,prothrombin,prothrombin,20,0,"[""untranslated_copy"", ""unexpected_script""]"
13020,凸度,th,convexity,convexity,20,0,"[""untranslated_copy"", ""unexpected_script""]"
13021,凸性,th,convexity,convexity,20,0,"[""untranslated_copy"", ""unexpected_script""]"
13026,凸现,th,to come to prominence; to appear clearly; to stick out,มา,20,1,"[""low_sense_coverage"", ""too_short""]"
13069,出世,th,to be born; to come into being; to withdraw from worldly affairs,มา,20,1,"[""low_sense_coverage"", ""too_short""]"
13070,出主意,th,to come up with ideas; to make suggestions; to offer advice,มา,20,1,"[""low_sense_coverage"", ""too_short""]"
13124,出问题,th,to have sth go wrong; to have a problem arise; to give problems,มี,20,1,"[""low_sense_coverage"", ""too_short""]"
13906,初试身手,th,to have a try; to try one's hand; initial foray,มี,20,1,"[""low_sense_coverage"", ""too_short""]"
